timestamp,zone_name,crowd_count,density_per_m2,temperature,humidity,festival_day,weekend,queue_length,entry_rate,exit_rate,risk_level,target_next_density
2026-06-01 00:00:00,Food Court,300,0.38,20.1,76.0,1,0,70,13,12,LOW,0.39
2026-06-01 00:00:00,Main Sanctum,650,2.6,20.1,76.0,1,0,363,39,37,MODERATE,2.24
2026-06-01 00:00:00,North Entry Gate,753,1.88,20.1,76.0,1,0,307,82,39,MODERATE,1.97
2026-06-01 00:00:00,Parking Area,1099,0.44,20.1,76.0,1,0,29,56,58,LOW,0.4
2026-06-01 00:00:00,South Exit,538,1.54,20.1,76.0,1,0,54,17,83,MODERATE,1.56
2026-06-01 00:00:00,VIP Entrance,163,0.81,20.1,76.0,1,0,25,9,7,LOW,0.89
2026-06-01 00:30:00,Food Court,313,0.39,19.9,82.0,1,0,70,16,17,LOW,0.39
2026-06-01 00:30:00,Main Sanctum,560,2.24,19.9,82.0,1,0,293,33,29,MODERATE,2.28
2026-06-01 00:30:00,North Entry Gate,787,1.97,19.9,82.0,1,0,301,96,32,MODERATE,1.69
2026-06-01 00:30:00,Parking Area,992,0.4,19.9,82.0,1,0,22,51,53,LOW,0.33
2026-06-01 00:30:00,South Exit,545,1.56,19.9,82.0,1,0,53,14,73,MODERATE,1.33
2026-06-01 00:30:00,VIP Entrance,178,0.89,19.9,82.0,1,0,26,10,7,LOW,0.94
2026-06-01 01:00:00,Food Court,312,0.39,20.3,86.6,1,0,62,19,14,LOW,0.32
2026-06-01 01:00:00,Main Sanctum,570,2.28,20.3,86.6,1,0,312,25,25,MODERATE,1.91
2026-06-01 01:00:00,North Entry Gate,676,1.69,20.3,86.6,1,0,291,88,35,MODERATE,1.72
2026-06-01 01:00:00,Parking Area,824,0.33,20.3,86.6,1,0,21,37,46,LOW,0.33
2026-06-01 01:00:00,South Exit,467,1.33,20.3,86.6,1,0,48,15,69,LOW,1.1
2026-06-01 01:00:00,VIP Entrance,189,0.94,20.3,86.6,1,0,27,8,8,LOW,0.86
2026-06-01 01:30:00,Food Court,257,0.32,20.1,81.1,1,0,60,12,11,LOW,0.34
2026-06-01 01:30:00,Main Sanctum,477,1.91,20.1,81.1,1,0,212,25,24,MODERATE,1.84
2026-06-01 01:30:00,North Entry Gate,687,1.72,20.1,81.1,1,0,294,78,31,MODERATE,1.53
2026-06-01 01:30:00,Parking Area,826,0.33,20.1,81.1,1,0,20,38,41,LOW,0.26
2026-06-01 01:30:00,South Exit,386,1.1,20.1,81.1,1,0,27,11,55,LOW,1.05
2026-06-01 01:30:00,VIP Entrance,172,0.86,20.1,81.1,1,0,23,8,10,LOW,0.69
2026-06-01 02:00:00,Food Court,269,0.34,20.4,73.7,1,0,67,11,15,LOW,0.26
2026-06-01 02:00:00,Main Sanctum,461,1.84,20.4,73.7,1,0,280,23,27,MODERATE,1.56
2026-06-01 02:00:00,North Entry Gate,614,1.53,20.4,73.7,1,0,260,75,24,MODERATE,1.12
2026-06-01 02:00:00,Parking Area,642,0.26,20.4,73.7,1,0,17,34,29,LOW,0.24
2026-06-01 02:00:00,South Exit,367,1.05,20.4,73.7,1,0,31,12,54,LOW,1.03
2026-06-01 02:00:00,VIP Entrance,137,0.69,20.4,73.7,1,0,21,7,8,LOW,0.66
2026-06-01 02:30:00,Food Court,209,0.26,21.5,76.0,1,0,49,11,11,LOW,0.22
2026-06-01 02:30:00,Main Sanctum,390,1.56,21.5,76.0,1,0,254,18,21,MODERATE,1.34
2026-06-01 02:30:00,North Entry Gate,450,1.12,21.5,76.0,1,0,194,55,22,LOW,0.97
2026-06-01 02:30:00,Parking Area,597,0.24,21.5,76.0,1,0,19,26,25,LOW,0.18
2026-06-01 02:30:00,South Exit,362,1.03,21.5,76.0,1,0,31,12,52,LOW,0.8
2026-06-01 02:30:00,VIP Entrance,131,0.66,21.5,76.0,1,0,19,8,7,LOW,0.56
2026-06-01 03:00:00,Food Court,174,0.22,22.6,66.7,1,0,46,8,8,LOW,0.16
2026-06-01 03:00:00,Main Sanctum,335,1.34,22.6,66.7,1,0,197,19,15,LOW,0.84
2026-06-01 03:00:00,North Entry Gate,388,0.97,22.6,66.7,1,0,194,46,15,LOW,0.69
2026-06-01 03:00:00,Parking Area,461,0.18,22.6,66.7,1,0,13,19,23,LOW,0.15
2026-06-01 03:00:00,South Exit,279,0.8,22.6,66.7,1,0,26,7,36,LOW,0.54
2026-06-01 03:00:00,VIP Entrance,111,0.56,22.6,66.7,1,0,13,6,5,LOW,0.33
2026-06-01 03:30:00,Food Court,127,0.16,22.2,82.9,1,0,34,7,7,LOW,0.11
2026-06-01 03:30:00,Main Sanctum,210,0.84,22.2,82.9,1,0,127,11,9,LOW,0.62
2026-06-01 03:30:00,North Entry Gate,274,0.69,22.2,82.9,1,0,114,32,13,LOW,0.43
2026-06-01 03:30:00,Parking Area,386,0.15,22.2,82.9,1,0,8,20,16,LOW,0.08
2026-06-01 03:30:00,South Exit,190,0.54,22.2,82.9,1,0,14,4,26,LOW,0.36
2026-06-01 03:30:00,VIP Entrance,65,0.33,22.2,82.9,1,0,10,3,4,LOW,0.23
2026-06-01 04:00:00,Food Court,85,0.11,24.2,74.1,1,0,21,4,4,LOW,0.06
2026-06-01 04:00:00,Main Sanctum,156,0.62,24.2,74.1,1,0,100,7,7,LOW,0.34
2026-06-01 04:00:00,North Entry Gate,172,0.43,24.2,74.1,1,0,73,19,7,LOW,0.29
2026-06-01 04:00:00,Parking Area,210,0.08,24.2,74.1,1,0,2,10,10,LOW,0.06
2026-06-01 04:00:00,South Exit,126,0.36,24.2,74.1,1,0,10,4,16,LOW,0.22
2026-06-01 04:00:00,VIP Entrance,47,0.23,24.2,74.1,1,0,8,2,2,LOW,0.15
2026-06-01 04:30:00,Food Court,46,0.06,24.9,63.3,1,0,13,2,3,LOW,1.71
2026-06-01 04:30:00,Main Sanctum,86,0.34,24.9,63.3,1,0,54,4,5,LOW,9.44
2026-06-01 04:30:00,North Entry Gate,117,0.29,24.9,63.3,1,0,47,14,6,LOW,8.53
2026-06-01 04:30:00,Parking Area,142,0.06,24.9,63.3,1,0,3,6,8,LOW,1.57
2026-06-01 04:30:00,South Exit,78,0.22,24.9,63.3,1,0,6,2,11,LOW,6.4
2026-06-01 04:30:00,VIP Entrance,31,0.15,24.9,63.3,1,0,4,2,2,LOW,4.07
2026-06-01 05:00:00,Food Court,1367,1.71,27.3,51.4,1,0,329,75,68,MODERATE,2.18
2026-06-01 05:00:00,Main Sanctum,2361,9.44,27.3,51.4,1,0,1578,116,96,CRITICAL,12.75
2026-06-01 05:00:00,North Entry Gate,3413,8.53,27.3,51.4,1,0,1472,379,157,CRITICAL,10.7
2026-06-01 05:00:00,Parking Area,3923,1.57,27.3,51.4,1,0,94,233,231,MODERATE,1.68
2026-06-01 05:00:00,South Exit,2241,6.4,27.3,51.4,1,0,250,61,286,CRITICAL,7.84
2026-06-01 05:00:00,VIP Entrance,814,4.07,27.3,51.4,1,0,95,41,42,HIGH,5.41
2026-06-01 05:30:00,Food Court,1746,2.18,26.8,57.0,1,0,383,96,102,MODERATE,2.66
2026-06-01 05:30:00,Main Sanctum,3188,12.75,26.8,57.0,1,0,1972,157,156,CRITICAL,14.78
2026-06-01 05:30:00,North Entry Gate,4280,10.7,26.8,57.0,1,0,1590,557,211,CRITICAL,11.09
2026-06-01 05:30:00,Parking Area,4210,1.68,26.8,57.0,1,0,93,195,190,MODERATE,2.27
2026-06-01 05:30:00,South Exit,2743,7.84,26.8,57.0,1,0,308,81,408,CRITICAL,7.81
2026-06-01 05:30:00,VIP Entrance,1081,5.41,26.8,57.0,1,0,163,57,61,CRITICAL,5.21
2026-06-01 06:00:00,Food Court,2126,2.66,27.4,57.3,1,0,550,110,115,MODERATE,2.75
2026-06-01 06:00:00,Main Sanctum,3694,14.78,27.4,57.3,1,0,1897,153,148,CRITICAL,13.3
2026-06-01 06:00:00,North Entry Gate,4434,11.09,27.4,57.3,1,0,1701,535,239,CRITICAL,10.82
2026-06-01 06:00:00,Parking Area,5674,2.27,27.4,57.3,1,0,127,259,305,MODERATE,2.39
2026-06-01 06:00:00,South Exit,2733,7.81,27.4,57.3,1,0,266,67,398,CRITICAL,7.81
2026-06-01 06:00:00,VIP Entrance,1042,5.21,27.4,57.3,1,0,162,44,59,CRITICAL,5.41
2026-06-01 06:30:00,Food Court,2202,2.75,31.3,40.8,1,0,503,96,120,MODERATE,2.74
2026-06-01 06:30:00,Main Sanctum,3325,13.3,31.3,40.8,1,0,2122,190,160,CRITICAL,14.17
2026-06-01 06:30:00,North Entry Gate,4328,10.82,31.3,40.8,1,0,1524,483,209,CRITICAL,12.04
2026-06-01 06:30:00,Parking Area,5973,2.39,31.3,40.8,1,0,147,305,265,MODERATE,2.15
2026-06-01 06:30:00,South Exit,2733,7.81,31.3,40.8,1,0,250,59,365,CRITICAL,9.03
2026-06-01 06:30:00,VIP Entrance,1082,5.41,31.3,40.8,1,0,173,61,55,CRITICAL,5.91
2026-06-01 07:00:00,Food Court,2189,2.74,27.6,57.0,1,0,493,119,114,MODERATE,2.59
2026-06-01 07:00:00,Main Sanctum,3543,14.17,27.6,57.0,1,0,1910,182,150,CRITICAL,13.78
2026-06-01 07:00:00,North Entry Gate,4814,12.04,27.6,57.0,1,0,2470,573,205,CRITICAL,12.34
2026-06-01 07:00:00,Parking Area,5370,2.15,27.6,57.0,1,0,141,258,226,MODERATE,2.35
2026-06-01 07:00:00,South Exit,3160,9.03,27.6,57.0,1,0,316,75,434,CRITICAL,9.81
2026-06-01 07:00:00,VIP Entrance,1181,5.91,27.6,57.0,1,0,185,58,55,CRITICAL,5.99
2026-06-01 07:30:00,Food Court,2074,2.59,32.4,42.2,1,0,478,111,122,MODERATE,2.96
2026-06-01 07:30:00,Main Sanctum,3445,13.78,32.4,42.2,1,0,1821,202,184,CRITICAL,15.32
2026-06-01 07:30:00,North Entry Gate,4937,12.34,32.4,42.2,1,0,1855,636,262,CRITICAL,12.48
2026-06-01 07:30:00,Parking Area,5880,2.35,32.4,42.2,1,0,133,338,257,MODERATE,2.68
2026-06-01 07:30:00,South Exit,3435,9.81,32.4,42.2,1,0,333,110,514,CRITICAL,9.68
2026-06-01 07:30:00,VIP Entrance,1198,5.99,32.4,42.2,1,0,142,63,72,CRITICAL,6.32
2026-06-01 08:00:00,Food Court,2365,2.96,32.9,41.7,1,0,611,96,113,MODERATE,2.98
2026-06-01 08:00:00,Main Sanctum,3831,15.32,32.9,41.7,1,0,2284,202,212,CRITICAL,17.2
2026-06-01 08:00:00,North Entry Gate,4994,12.48,32.9,41.7,1,0,1894,586,269,CRITICAL,13.61
2026-06-01 08:00:00,Parking Area,6711,2.68,32.9,41.7,1,0,156,366,355,MODERATE,2.35
2026-06-01 08:00:00,South Exit,3389,9.68,32.9,41.7,1,0,282,101,466,CRITICAL,9.99
2026-06-01 08:00:00,VIP Entrance,1263,6.32,32.9,41.7,1,0,176,62,65,CRITICAL,6.17
2026-06-01 08:30:00,Food Court,2380,2.98,31.5,46.2,1,0,592,97,114,MODERATE,2.93
2026-06-01 08:30:00,Main Sanctum,4300,17.2,31.5,46.2,1,0,2416,193,250,CRITICAL,16.3
2026-06-01 08:30:00,North Entry Gate,5444,13.61,31.5,46.2,1,0,2405,690,281,CRITICAL,11.73
2026-06-01 08:30:00,Parking Area,5867,2.35,31.5,46.2,1,0,158,341,266,MODERATE,2.87
2026-06-01 08:30:00,South Exit,3495,9.99,31.5,46.2,1,0,363,87,533,CRITICAL,8.87
2026-06-01 08:30:00,VIP Entrance,1233,6.17,31.5,46.2,1,0,205,56,55,CRITICAL,5.78
2026-06-01 09:00:00,Food Court,2342,2.93,35.0,32.1,1,0,671,133,122,MODERATE,2.92
2026-06-01 09:00:00,Main Sanctum,4076,16.3,35.0,32.1,1,0,2131,190,191,CRITICAL,16.44
2026-06-01 09:00:00,North Entry Gate,4691,11.73,35.0,32.1,1,0,1997,550,208,CRITICAL,12.47
2026-06-01 09:00:00,Parking Area,7185,2.87,35.0,32.1,1,0,186,366,414,MODERATE,2.72
2026-06-01 09:00:00,South Exit,3105,8.87,35.0,32.1,1,0,320,92,447,CRITICAL,9.41
2026-06-01 09:00:00,VIP Entrance,1156,5.78,35.0,32.1,1,0,155,50,67,CRITICAL,6.52
2026-06-01 09:30:00,Food Court,2335,2.92,34.8,33.0,1,0,575,133,108,MODERATE,2.58
2026-06-01 09:30:00,Main Sanctum,4110,16.44,34.8,33.0,1,0,2357,212,246,CRITICAL,16.9
2026-06-01 09:30:00,North Entry Gate,4987,12.47,34.8,33.0,1,0,2126,611,242,CRITICAL,12.79
2026-06-01 09:30:00,Parking Area,6797,2.72,34.8,33.0,1,0,168,300,371,MODERATE,2.45
2026-06-01 09:30:00,South Exit,3292,9.41,34.8,33.0,1,0,266,100,475,CRITICAL,7.67
2026-06-01 09:30:00,VIP Entrance,1304,6.52,34.8,33.0,1,0,189,56,69,CRITICAL,6.26
2026-06-01 10:00:00,Food Court,2066,2.58,34.5,36.6,1,0,431,106,118,MODERATE,2.67
2026-06-01 10:00:00,Main Sanctum,4225,16.9,34.5,36.6,1,0,2817,248,211,CRITICAL,14.92
2026-06-01 10:00:00,North Entry Gate,5118,12.79,34.5,36.6,1,0,1956,619,204,CRITICAL,10.95
2026-06-01 10:00:00,Parking Area,6124,2.45,34.5,36.6,1,0,150,338,312,MODERATE,2.04
2026-06-01 10:00:00,South Exit,2684,7.67,34.5,36.6,1,0,239,74,395,CRITICAL,8.35
2026-06-01 10:00:00,VIP Entrance,1253,6.26,34.5,36.6,1,0,180,67,54,CRITICAL,5.37
2026-06-01 10:30:00,Food Court,2135,2.67,34.0,36.1,1,0,496,118,99,MODERATE,2.91
2026-06-01 10:30:00,Main Sanctum,3730,14.92,34.0,36.1,1,0,2055,186,180,CRITICAL,12.88
2026-06-01 10:30:00,North Entry Gate,4379,10.95,34.0,36.1,1,0,1873,514,219,CRITICAL,10.56
2026-06-01 10:30:00,Parking Area,5110,2.04,34.0,36.1,1,0,139,276,245,MODERATE,1.93
2026-06-01 10:30:00,South Exit,2924,8.35,34.0,36.1,1,0,298,76,386,CRITICAL,7.73
2026-06-01 10:30:00,VIP Entrance,1073,5.37,34.0,36.1,1,0,131,60,64,CRITICAL,5.02
2026-06-01 11:00:00,Food Court,2327,2.91,36.4,33.5,1,0,477,115,123,MODERATE,2.03
2026-06-01 11:00:00,Main Sanctum,3220,12.88,36.4,33.5,1,0,2177,164,181,CRITICAL,11.44
2026-06-01 11:00:00,North Entry Gate,4223,10.56,36.4,33.5,1,0,1848,517,235,CRITICAL,7.82
2026-06-01 11:00:00,Parking Area,4826,1.93,36.4,33.5,1,0,99,279,193,MODERATE,1.55
2026-06-01 11:00:00,South Exit,2707,7.73,36.4,33.5,1,0,225,72,402,CRITICAL,6.38
2026-06-01 11:00:00,VIP Entrance,1004,5.02,36.4,33.5,1,0,135,46,53,CRITICAL,5.11
2026-06-01 11:30:00,Food Court,1622,2.03,35.1,34.8,1,0,346,94,92,MODERATE,3.26
2026-06-01 11:30:00,Main Sanctum,2860,11.44,35.1,34.8,1,0,1844,169,123,CRITICAL,8.11
2026-06-01 11:30:00,North Entry Gate,3128,7.82,35.1,34.8,1,0,1525,401,186,CRITICAL,5.58
2026-06-01 11:30:00,Parking Area,3876,1.55,35.1,34.8,1,0,109,180,220,MODERATE,1.35
2026-06-01 11:30:00,South Exit,2233,6.38,35.1,34.8,1,0,230,67,308,CRITICAL,5.06
2026-06-01 11:30:00,VIP Entrance,1021,5.11,35.1,34.8,1,0,139,58,59,CRITICAL,3.11
2026-06-01 12:00:00,Food Court,2606,3.26,34.3,42.7,1,0,703,107,119,HIGH,4.37
2026-06-01 12:00:00,Main Sanctum,2028,8.11,34.3,42.7,1,0,1227,107,96,CRITICAL,8.62
2026-06-01 12:00:00,North Entry Gate,2234,5.58,34.3,42.7,1,0,958,255,94,CRITICAL,6.43
2026-06-01 12:00:00,Parking Area,3377,1.35,34.3,42.7,1,0,87,159,191,LOW,1.52
2026-06-01 12:00:00,South Exit,1771,5.06,34.3,42.7,1,0,164,41,246,CRITICAL,4.92
2026-06-01 12:00:00,VIP Entrance,622,3.11,34.3,42.7,1,0,96,32,31,HIGH,3.02
2026-06-01 12:30:00,Food Court,3495,4.37,35.5,36.0,1,0,900,159,149,HIGH,4.83
2026-06-01 12:30:00,Main Sanctum,2155,8.62,35.5,36.0,1,0,1217,87,105,CRITICAL,8.25
2026-06-01 12:30:00,North Entry Gate,2572,6.43,35.5,36.0,1,0,1095,300,131,CRITICAL,6.99
2026-06-01 12:30:00,Parking Area,3793,1.52,35.5,36.0,1,0,87,198,220,MODERATE,1.61
2026-06-01 12:30:00,South Exit,1723,4.92,35.5,36.0,1,0,149,53,252,CRITICAL,5.69
2026-06-01 12:30:00,VIP Entrance,604,3.02,35.5,36.0,1,0,83,33,31,HIGH,3.48
2026-06-01 13:00:00,Food Court,3868,4.83,35.2,37.7,1,0,970,167,169,CRITICAL,5.14
2026-06-01 13:00:00,Main Sanctum,2062,8.25,35.2,37.7,1,0,1254,108,102,CRITICAL,10.2
2026-06-01 13:00:00,North Entry Gate,2795,6.99,35.2,37.7,1,0,1052,330,145,CRITICAL,7.25
2026-06-01 13:00:00,Parking Area,4014,1.61,35.2,37.7,1,0,99,217,174,MODERATE,1.59
2026-06-01 13:00:00,South Exit,1991,5.69,35.2,37.7,1,0,188,49,286,CRITICAL,4.83
2026-06-01 13:00:00,VIP Entrance,695,3.48,35.2,37.7,1,0,110,28,29,HIGH,3.77
2026-06-01 13:30:00,Food Court,4113,5.14,35.5,33.9,1,0,955,215,234,CRITICAL,5.28
2026-06-01 13:30:00,Main Sanctum,2550,10.2,35.5,33.9,1,0,1461,136,124,CRITICAL,9.24
2026-06-01 13:30:00,North Entry Gate,2898,7.25,35.5,33.9,1,0,1161,359,124,CRITICAL,8.95
2026-06-01 13:30:00,Parking Area,3969,1.59,35.5,33.9,1,0,93,160,221,MODERATE,1.63
2026-06-01 13:30:00,South Exit,1691,4.83,35.5,33.9,1,0,170,47,236,CRITICAL,5.85
2026-06-01 13:30:00,VIP Entrance,754,3.77,35.5,33.9,1,0,99,38,41,HIGH,3.38
2026-06-01 14:00:00,Food Court,4222,5.28,34.7,36.4,1,0,995,241,252,CRITICAL,4.81
2026-06-01 14:00:00,Main Sanctum,2311,9.24,34.7,36.4,1,0,1380,137,125,CRITICAL,9.86
2026-06-01 14:00:00,North Entry Gate,3578,8.95,34.7,36.4,1,0,1792,423,156,CRITICAL,7.43
2026-06-01 14:00:00,Parking Area,4073,1.63,34.7,36.4,1,0,92,204,169,MODERATE,1.43
2026-06-01 14:00:00,South Exit,2046,5.85,34.7,36.4,1,0,201,62,297,CRITICAL,5.35
2026-06-01 14:00:00,VIP Entrance,675,3.38,34.7,36.4,1,0,104,29,30,HIGH,3.86
2026-06-01 14:30:00,Food Court,3850,4.81,35.8,37.8,1,0,955,214,214,CRITICAL,1.51
2026-06-01 14:30:00,Main Sanctum,2466,9.86,35.8,37.8,1,0,1584,142,129,CRITICAL,9.62
2026-06-01 14:30:00,North Entry Gate,2973,7.43,35.8,37.8,1,0,1219,335,129,CRITICAL,7.42
2026-06-01 14:30:00,Parking Area,3580,1.43,35.8,37.8,1,0,88,158,171,LOW,1.63
2026-06-01 14:30:00,South Exit,1874,5.35,35.8,37.8,1,0,157,45,241,CRITICAL,5.52
2026-06-01 14:30:00,VIP Entrance,772,3.86,35.8,37.8,1,0,109,45,31,HIGH,4.11
2026-06-01 15:00:00,Food Court,1210,1.51,34.5,35.4,1,0,303,63,53,MODERATE,1.6
2026-06-01 15:00:00,Main Sanctum,2405,9.62,34.5,35.4,1,0,1498,105,124,CRITICAL,7.84
2026-06-01 15:00:00,North Entry Gate,2970,7.42,34.5,35.4,1,0,1242,328,134,CRITICAL,7.89
2026-06-01 15:00:00,Parking Area,4086,1.63,34.5,35.4,1,0,99,215,208,MODERATE,1.34
2026-06-01 15:00:00,South Exit,1932,5.52,34.5,35.4,1,0,159,51,247,CRITICAL,4.49
2026-06-01 15:00:00,VIP Entrance,821,4.11,34.5,35.4,1,0,111,40,34,HIGH,3.02
2026-06-01 15:30:00,Food Court,1279,1.6,32.7,43.5,1,0,347,61,52,MODERATE,2.08
2026-06-01 15:30:00,Main Sanctum,1961,7.84,32.7,43.5,1,0,1428,105,101,CRITICAL,11.74
2026-06-01 15:30:00,North Entry Gate,3157,7.89,32.7,43.5,1,0,1428,394,150,CRITICAL,9.36
2026-06-01 15:30:00,Parking Area,3355,1.34,32.7,43.5,1,0,72,175,148,LOW,1.8
2026-06-01 15:30:00,South Exit,1570,4.49,32.7,43.5,1,0,153,34,198,HIGH,6.91
2026-06-01 15:30:00,VIP Entrance,603,3.02,32.7,43.5,1,0,100,35,31,HIGH,4.07
2026-06-01 16:00:00,Food Court,1662,2.08,30.9,46.5,1,0,354,94,68,MODERATE,2.17
2026-06-01 16:00:00,Main Sanctum,2934,11.74,30.9,46.5,1,0,2131,161,137,CRITICAL,13.36
2026-06-01 16:00:00,North Entry Gate,3742,9.36,30.9,46.5,1,0,1801,471,167,CRITICAL,8.73
2026-06-01 16:00:00,Parking Area,4503,1.8,30.9,46.5,1,0,92,241,243,MODERATE,2.18
2026-06-01 16:00:00,South Exit,2418,6.91,30.9,46.5,1,0,239,72,360,CRITICAL,7.92
2026-06-01 16:00:00,VIP Entrance,813,4.07,30.9,46.5,1,0,95,36,42,HIGH,4.89
2026-06-01 16:30:00,Food Court,1735,2.17,32.5,41.7,1,0,461,99,101,MODERATE,2.7
2026-06-01 16:30:00,Main Sanctum,3339,13.36,32.5,41.7,1,0,1521,152,186,CRITICAL,14.64
2026-06-01 16:30:00,North Entry Gate,3493,8.73,32.5,41.7,1,0,1654,405,187,CRITICAL,11.34
2026-06-01 16:30:00,Parking Area,5458,2.18,32.5,41.7,1,0,121,265,241,MODERATE,2.18
2026-06-01 16:30:00,South Exit,2771,7.92,32.5,41.7,1,0,200,88,369,CRITICAL,7.75
2026-06-01 16:30:00,VIP Entrance,978,4.89,32.5,41.7,1,0,160,56,52,CRITICAL,6.06
2026-06-01 17:00:00,Food Court,2162,2.7,31.0,43.5,1,0,511,91,109,MODERATE,2.68
2026-06-01 17:00:00,Main Sanctum,3660,14.64,31.0,43.5,1,0,2503,183,204,CRITICAL,16.15
2026-06-01 17:00:00,North Entry Gate,4535,11.34,31.0,43.5,1,0,2147,548,188,CRITICAL,12.28
2026-06-01 17:00:00,Parking Area,5455,2.18,31.0,43.5,1,0,131,241,249,MODERATE,2.2
2026-06-01 17:00:00,South Exit,2712,7.75,31.0,43.5,1,0,271,75,387,CRITICAL,9.9
2026-06-01 17:00:00,VIP Entrance,1212,6.06,31.0,43.5,1,0,191,69,59,CRITICAL,6.03
2026-06-01 17:30:00,Food Court,2144,2.68,32.2,41.2,1,0,568,108,120,MODERATE,3.04
2026-06-01 17:30:00,Main Sanctum,4038,16.15,32.2,41.2,1,0,2460,232,228,CRITICAL,13.7
2026-06-01 17:30:00,North Entry Gate,4912,12.28,32.2,41.2,1,0,2224,596,215,CRITICAL,10.73
2026-06-01 17:30:00,Parking Area,5493,2.2,32.2,41.2,1,0,122,245,255,MODERATE,2.43
2026-06-01 17:30:00,South Exit,3465,9.9,32.2,41.2,1,0,314,108,513,CRITICAL,11.22
2026-06-01 17:30:00,VIP Entrance,1206,6.03,32.2,41.2,1,0,188,59,58,CRITICAL,6.24
2026-06-01 18:00:00,Food Court,2433,3.04,28.3,52.3,1,0,532,126,103,HIGH,3.11
2026-06-01 18:00:00,Main Sanctum,3424,13.7,28.3,52.3,1,0,1969,188,196,CRITICAL,18.2
2026-06-01 18:00:00,North Entry Gate,4294,10.73,28.3,52.3,1,0,1611,538,205,CRITICAL,12.74
2026-06-01 18:00:00,Parking Area,6071,2.43,28.3,52.3,1,0,120,332,350,MODERATE,2.85
2026-06-01 18:00:00,South Exit,3927,11.22,28.3,52.3,1,0,383,107,527,CRITICAL,9.72
2026-06-01 18:00:00,VIP Entrance,1248,6.24,28.3,52.3,1,0,161,54,56,CRITICAL,7.04
2026-06-01 18:30:00,Food Court,2490,3.11,28.9,55.1,1,0,616,124,146,HIGH,10.15
2026-06-01 18:30:00,Main Sanctum,4549,18.2,28.9,55.1,1,0,2790,251,261,CRITICAL,19.28
2026-06-01 18:30:00,North Entry Gate,5096,12.74,28.9,55.1,1,0,1878,642,264,CRITICAL,14.69
2026-06-01 18:30:00,Parking Area,7134,2.85,28.9,55.1,1,0,138,367,289,MODERATE,2.85
2026-06-01 18:30:00,South Exit,3403,9.72,28.9,55.1,1,0,383,88,501,CRITICAL,11.35
2026-06-01 18:30:00,VIP Entrance,1408,7.04,28.9,55.1,1,0,202,71,60,CRITICAL,7.08
2026-06-01 19:00:00,Food Court,8122,10.15,26.5,63.6,1,0,1930,358,346,CRITICAL,9.19
2026-06-01 19:00:00,Main Sanctum,4819,19.28,26.5,63.6,1,0,3277,275,258,CRITICAL,16.94
2026-06-01 19:00:00,North Entry Gate,5876,14.69,26.5,63.6,1,0,2742,744,351,CRITICAL,13.23
2026-06-01 19:00:00,Parking Area,7124,2.85,26.5,63.6,1,0,181,384,392,MODERATE,2.73
2026-06-01 19:00:00,South Exit,3973,11.35,26.5,63.6,1,0,373,114,525,CRITICAL,10.91
2026-06-01 19:00:00,VIP Entrance,1416,7.08,26.5,63.6,1,0,167,71,80,CRITICAL,7.69
2026-06-01 19:30:00,Food Court,7352,9.19,25.0,64.7,1,0,1664,304,401,CRITICAL,8.33
2026-06-01 19:30:00,Main Sanctum,4235,16.94,25.0,64.7,1,0,2370,173,210,CRITICAL,18.02
2026-06-01 19:30:00,North Entry Gate,5294,13.23,25.0,64.7,1,0,1661,573,221,CRITICAL,13.05
2026-06-01 19:30:00,Parking Area,6824,2.73,25.0,64.7,1,0,170,343,408,MODERATE,2.18
2026-06-01 19:30:00,South Exit,3817,10.91,25.0,64.7,1,0,339,116,572,CRITICAL,10.13
2026-06-01 19:30:00,VIP Entrance,1538,7.69,25.0,64.7,1,0,239,73,73,CRITICAL,6.01
2026-06-01 20:00:00,Food Court,6664,8.33,22.2,74.1,1,0,1840,355,313,CRITICAL,8.25
2026-06-01 20:00:00,Main Sanctum,4506,18.02,22.2,74.1,1,0,2786,214,237,CRITICAL,15.46
2026-06-01 20:00:00,North Entry Gate,5219,13.05,22.2,74.1,1,0,2105,680,259,CRITICAL,13.84
2026-06-01 20:00:00,Parking Area,5450,2.18,22.2,74.1,1,0,135,292,301,MODERATE,2.66
2026-06-01 20:00:00,South Exit,3545,10.13,22.2,74.1,1,0,321,100,489,CRITICAL,10.47
2026-06-01 20:00:00,VIP Entrance,1203,6.01,22.2,74.1,1,0,167,54,63,CRITICAL,6.96
2026-06-01 20:30:00,Food Court,6599,8.25,24.0,67.5,1,0,1412,323,390,CRITICAL,6.61
2026-06-01 20:30:00,Main Sanctum,3866,15.46,24.0,67.5,1,0,2566,187,210,CRITICAL,12.98
2026-06-01 20:30:00,North Entry Gate,5536,13.84,24.0,67.5,1,0,2242,711,289,CRITICAL,10.6
2026-06-01 20:30:00,Parking Area,6659,2.66,24.0,67.5,1,0,174,341,344,MODERATE,2.4
2026-06-01 20:30:00,South Exit,3664,10.47,24.0,67.5,1,0,290,100,481,CRITICAL,8.53
2026-06-01 20:30:00,VIP Entrance,1392,6.96,24.0,67.5,1,0,157,71,73,CRITICAL,5.87
2026-06-01 21:00:00,Food Court,5291,6.61,21.3,73.7,1,0,1237,256,306,CRITICAL,5.87
2026-06-01 21:00:00,Main Sanctum,3246,12.98,21.3,73.7,1,0,1890,172,183,CRITICAL,15.55
2026-06-01 21:00:00,North Entry Gate,4241,10.6,21.3,73.7,1,0,1912,512,231,CRITICAL,9.03
2026-06-01 21:00:00,Parking Area,6005,2.4,21.3,73.7,1,0,156,258,266,MODERATE,2.12
2026-06-01 21:00:00,South Exit,2986,8.53,21.3,73.7,1,0,324,102,458,CRITICAL,8.08
2026-06-01 21:00:00,VIP Entrance,1174,5.87,21.3,73.7,1,0,188,67,65,CRITICAL,4.99
2026-06-01 21:30:00,Food Court,4698,5.87,21.0,79.6,1,0,1200,218,278,CRITICAL,0.35
2026-06-01 21:30:00,Main Sanctum,3887,15.55,21.0,79.6,1,0,2164,163,214,CRITICAL,1.86
2026-06-01 21:30:00,North Entry Gate,3610,9.03,21.0,79.6,1,0,1467,434,190,CRITICAL,1.45
2026-06-01 21:30:00,Parking Area,5306,2.12,21.0,79.6,1,0,141,213,262,MODERATE,0.3
2026-06-01 21:30:00,South Exit,2828,8.08,21.0,79.6,1,0,296,98,433,CRITICAL,0.94
2026-06-01 21:30:00,VIP Entrance,997,4.99,21.0,79.6,1,0,143,41,46,CRITICAL,0.8
2026-06-01 22:00:00,Food Court,277,0.35,21.0,79.0,1,0,68,13,13,LOW,0.33
2026-06-01 22:00:00,Main Sanctum,465,1.86,21.0,79.0,1,0,279,27,22,MODERATE,2.26
2026-06-01 22:00:00,North Entry Gate,578,1.45,21.0,79.0,1,0,255,67,23,LOW,1.76
2026-06-01 22:00:00,Parking Area,759,0.3,21.0,79.0,1,0,21,32,39,LOW,0.36
2026-06-01 22:00:00,South Exit,328,0.94,21.0,79.0,1,0,27,9,42,LOW,1.25
2026-06-01 22:00:00,VIP Entrance,159,0.8,21.0,79.0,1,0,26,8,8,LOW,0.8
2026-06-01 22:30:00,Food Court,260,0.33,20.3,73.4,1,0,76,15,11,LOW,0.4
2026-06-01 22:30:00,Main Sanctum,566,2.26,20.3,73.4,1,0,340,32,27,MODERATE,2.57
2026-06-01 22:30:00,North Entry Gate,704,1.76,20.3,73.4,1,0,295,84,40,MODERATE,1.8
2026-06-01 22:30:00,Parking Area,910,0.36,20.3,73.4,1,0,23,51,44,LOW,0.36
2026-06-01 22:30:00,South Exit,437,1.25,20.3,73.4,1,0,45,12,56,LOW,1.3
2026-06-01 22:30:00,VIP Entrance,159,0.8,20.3,73.4,1,0,20,8,9,LOW,0.96
2026-06-01 23:00:00,Food Court,318,0.4,18.4,84.0,1,0,96,19,17,LOW,0.38
2026-06-01 23:00:00,Main Sanctum,643,2.57,18.4,84.0,1,0,397,34,27,MODERATE,2.59
2026-06-01 23:00:00,North Entry Gate,719,1.8,18.4,84.0,1,0,324,94,43,MODERATE,1.77
2026-06-01 23:00:00,Parking Area,896,0.36,18.4,84.0,1,0,23,40,48,LOW,0.36
2026-06-01 23:00:00,South Exit,454,1.3,18.4,84.0,1,0,45,14,65,LOW,1.32
2026-06-01 23:00:00,VIP Entrance,193,0.96,18.4,84.0,1,0,26,11,8,LOW,1.02
2026-06-01 23:30:00,Food Court,302,0.38,19.1,80.1,1,0,70,15,12,LOW,0.43
2026-06-01 23:30:00,Main Sanctum,648,2.59,19.1,80.1,1,0,395,36,28,MODERATE,2.24
2026-06-01 23:30:00,North Entry Gate,707,1.77,19.1,80.1,1,0,278,88,37,MODERATE,1.83
2026-06-01 23:30:00,Parking Area,905,0.36,19.1,80.1,1,0,23,46,50,LOW,0.36
2026-06-01 23:30:00,South Exit,463,1.32,19.1,80.1,1,0,36,13,63,LOW,1.54
2026-06-01 23:30:00,VIP Entrance,204,1.02,19.1,80.1,1,0,22,12,9,LOW,1.06
2026-06-02 00:00:00,Food Court,343,0.43,21.1,75.5,1,0,81,17,20,LOW,0.46
2026-06-02 00:00:00,Main Sanctum,559,2.24,21.1,75.5,1,0,292,26,33,MODERATE,2.26
2026-06-02 00:00:00,North Entry Gate,731,1.83,21.1,75.5,1,0,292,90,32,MODERATE,1.78
2026-06-02 00:00:00,Parking Area,892,0.36,21.1,75.5,1,0,24,41,36,LOW,0.3
2026-06-02 00:00:00,South Exit,538,1.54,21.1,75.5,1,0,59,14,70,MODERATE,1.59
2026-06-02 00:00:00,VIP Entrance,212,1.06,21.1,75.5,1,0,28,10,10,LOW,0.95
2026-06-02 00:30:00,Food Court,364,0.46,20.9,75.3,1,0,99,15,20,LOW,0.4
2026-06-02 00:30:00,Main Sanctum,566,2.26,20.9,75.3,1,0,360,23,24,MODERATE,2.3
2026-06-02 00:30:00,North Entry Gate,711,1.78,20.9,75.3,1,0,266,86,41,MODERATE,1.77
2026-06-02 00:30:00,Parking Area,740,0.3,20.9,75.3,1,0,22,39,38,LOW,0.36
2026-06-02 00:30:00,South Exit,556,1.59,20.9,75.3,1,0,55,14,85,MODERATE,1.25
2026-06-02 00:30:00,VIP Entrance,191,0.95,20.9,75.3,1,0,26,9,10,LOW,0.97
2026-06-02 01:00:00,Food Court,323,0.4,21.1,76.6,1,0,84,17,17,LOW,0.33
2026-06-02 01:00:00,Main Sanctum,575,2.3,21.1,76.6,1,0,380,34,34,MODERATE,2.58
2026-06-02 01:00:00,North Entry Gate,708,1.77,21.1,76.6,1,0,337,89,36,MODERATE,1.57
2026-06-02 01:00:00,Parking Area,898,0.36,21.1,76.6,1,0,21,45,43,LOW,0.3
2026-06-02 01:00:00,South Exit,437,1.25,21.1,76.6,1,0,46,13,57,LOW,1.36
2026-06-02 01:00:00,VIP Entrance,194,0.97,21.1,76.6,1,0,26,9,11,LOW,0.85
2026-06-02 01:30:00,Food Court,267,0.33,20.8,76.6,1,0,59,16,16,LOW,0.31
2026-06-02 01:30:00,Main Sanctum,644,2.58,20.8,76.6,1,0,474,33,35,MODERATE,1.94
2026-06-02 01:30:00,North Entry Gate,630,1.57,20.8,76.6,1,0,284,79,33,MODERATE,1.51
2026-06-02 01:30:00,Parking Area,757,0.3,20.8,76.6,1,0,16,39,33,LOW,0.26
2026-06-02 01:30:00,South Exit,477,1.36,20.8,76.6,1,0,53,12,61,LOW,1.25
2026-06-02 01:30:00,VIP Entrance,170,0.85,20.8,76.6,1,0,25,9,9,LOW,0.67
2026-06-02 02:00:00,Food Court,246,0.31,21.9,73.2,1,0,61,13,11,LOW,0.29
2026-06-02 02:00:00,Main Sanctum,486,1.94,21.9,73.2,1,0,297,23,26,MODERATE,1.7
2026-06-02 02:00:00,North Entry Gate,606,1.51,21.9,73.2,1,0,293,77,31,MODERATE,1.2
2026-06-02 02:00:00,Parking Area,640,0.26,21.9,73.2,1,0,17,34,32,LOW,0.24
2026-06-02 02:00:00,South Exit,439,1.25,21.9,73.2,1,0,41,11,65,LOW,1.05
2026-06-02 02:00:00,VIP Entrance,133,0.67,21.9,73.2,1,0,21,6,7,LOW,0.56
2026-06-02 02:30:00,Food Court,233,0.29,21.9,77.6,1,0,51,11,10,LOW,0.2
2026-06-02 02:30:00,Main Sanctum,424,1.7,21.9,77.6,1,0,294,19,17,MODERATE,1.35
2026-06-02 02:30:00,North Entry Gate,481,1.2,21.9,77.6,1,0,204,54,25,LOW,1.04
2026-06-02 02:30:00,Parking Area,604,0.24,21.9,77.6,1,0,15,35,29,LOW,0.2
2026-06-02 02:30:00,South Exit,366,1.05,21.9,77.6,1,0,38,10,48,LOW,0.76
2026-06-02 02:30:00,VIP Entrance,113,0.56,21.9,77.6,1,0,13,5,5,LOW,0.47
2026-06-02 03:00:00,Food Court,161,0.2,22.1,75.4,1,0,42,7,7,LOW,0.17
2026-06-02 03:00:00,Main Sanctum,337,1.35,22.1,75.4,1,0,172,18,17,LOW,0.86
2026-06-02 03:00:00,North Entry Gate,415,1.04,22.1,75.4,1,0,204,51,18,LOW,0.62
2026-06-02 03:00:00,Parking Area,490,0.2,22.1,75.4,1,0,16,23,24,LOW,0.13
2026-06-02 03:00:00,South Exit,266,0.76,22.1,75.4,1,0,25,7,36,LOW,0.55
2026-06-02 03:00:00,VIP Entrance,95,0.47,22.1,75.4,1,0,14,6,6,LOW,0.34
2026-06-02 03:30:00,Food Court,137,0.17,24.5,64.4,1,0,33,6,7,LOW,0.1
2026-06-02 03:30:00,Main Sanctum,214,0.86,24.5,64.4,1,0,140,10,10,LOW,0.64
2026-06-02 03:30:00,North Entry Gate,249,0.62,24.5,64.4,1,0,102,28,10,LOW,0.45
2026-06-02 03:30:00,Parking Area,332,0.13,24.5,64.4,1,0,7,20,18,LOW,0.1
2026-06-02 03:30:00,South Exit,191,0.55,24.5,64.4,1,0,20,5,26,LOW,0.36
2026-06-02 03:30:00,VIP Entrance,68,0.34,24.5,64.4,1,0,12,4,3,LOW,0.22
2026-06-02 04:00:00,Food Court,82,0.1,23.7,67.2,1,0,19,4,3,LOW,0.07
2026-06-02 04:00:00,Main Sanctum,159,0.64,23.7,67.2,1,0,101,9,9,LOW,0.36
2026-06-02 04:00:00,North Entry Gate,179,0.45,23.7,67.2,1,0,73,21,9,LOW,0.26
2026-06-02 04:00:00,Parking Area,251,0.1,23.7,67.2,1,0,9,13,12,LOW,0.06
2026-06-02 04:00:00,South Exit,125,0.36,23.7,67.2,1,0,9,3,16,LOW,0.21
2026-06-02 04:00:00,VIP Entrance,44,0.22,23.7,67.2,1,0,7,3,2,LOW,0.14
2026-06-02 04:30:00,Food Court,54,0.07,24.0,69.5,1,0,14,2,3,LOW,1.77
2026-06-02 04:30:00,Main Sanctum,91,0.36,24.0,69.5,1,0,53,5,4,LOW,10.42
2026-06-02 04:30:00,North Entry Gate,104,0.26,24.0,69.5,1,0,51,13,6,LOW,9.09
2026-06-02 04:30:00,Parking Area,142,0.06,24.0,69.5,1,0,3,8,8,LOW,1.69
2026-06-02 04:30:00,South Exit,73,0.21,24.0,69.5,1,0,6,2,9,LOW,5.49
2026-06-02 04:30:00,VIP Entrance,29,0.14,24.0,69.5,1,0,6,2,2,LOW,4.19
2026-06-02 05:00:00,Food Court,1417,1.77,27.4,59.3,1,0,354,58,72,MODERATE,2.15
2026-06-02 05:00:00,Main Sanctum,2605,10.42,27.4,59.3,1,0,1497,110,106,CRITICAL,12.96
2026-06-02 05:00:00,North Entry Gate,3635,9.09,27.4,59.3,1,0,1472,395,176,CRITICAL,8.22
2026-06-02 05:00:00,Parking Area,4231,1.69,27.4,59.3,1,0,93,245,232,MODERATE,1.67
2026-06-02 05:00:00,South Exit,1921,5.49,27.4,59.3,1,0,187,61,295,CRITICAL,6.91
2026-06-02 05:00:00,VIP Entrance,838,4.19,27.4,59.3,1,0,117,40,49,HIGH,4.62
2026-06-02 05:30:00,Food Court,1722,2.15,28.4,53.0,1,0,405,98,77,MODERATE,2.19
2026-06-02 05:30:00,Main Sanctum,3241,12.96,28.4,53.0,1,0,2080,148,143,CRITICAL,12.78
2026-06-02 05:30:00,North Entry Gate,3290,8.22,28.4,53.0,1,0,1419,366,151,CRITICAL,10.94
2026-06-02 05:30:00,Parking Area,4184,1.67,28.4,53.0,1,0,92,222,219,MODERATE,1.87
2026-06-02 05:30:00,South Exit,2418,6.91,28.4,53.0,1,0,215,81,345,CRITICAL,8.68
2026-06-02 05:30:00,VIP Entrance,923,4.62,28.4,53.0,1,0,112,51,38,CRITICAL,4.93
2026-06-02 06:00:00,Food Court,1755,2.19,26.1,61.0,1,0,399,88,95,MODERATE,2.51
2026-06-02 06:00:00,Main Sanctum,3196,12.78,26.1,61.0,1,0,1561,185,189,CRITICAL,12.82
2026-06-02 06:00:00,North Entry Gate,4375,10.94,26.1,61.0,1,0,2085,497,213,CRITICAL,11.72
2026-06-02 06:00:00,Parking Area,4687,1.87,26.1,61.0,1,0,105,214,240,MODERATE,2.35
2026-06-02 06:00:00,South Exit,3038,8.68,26.1,61.0,1,0,281,87,428,CRITICAL,8.19
2026-06-02 06:00:00,VIP Entrance,987,4.93,26.1,61.0,1,0,133,59,45,CRITICAL,5.61
2026-06-02 06:30:00,Food Court,2009,2.51,29.8,56.1,1,0,464,100,98,MODERATE,2.58
2026-06-02 06:30:00,Main Sanctum,3204,12.82,29.8,56.1,1,0,1731,146,134,CRITICAL,16.76
2026-06-02 06:30:00,North Entry Gate,4689,11.72,29.8,56.1,1,0,1872,512,202,CRITICAL,11.95
2026-06-02 06:30:00,Parking Area,5885,2.35,29.8,56.1,1,0,139,313,236,MODERATE,2.27
2026-06-02 06:30:00,South Exit,2866,8.19,29.8,56.1,1,0,273,81,424,CRITICAL,9.19
2026-06-02 06:30:00,VIP Entrance,1121,5.61,29.8,56.1,1,0,135,51,65,CRITICAL,5.72
2026-06-02 07:00:00,Food Court,2065,2.58,27.6,55.4,1,0,428,100,95,MODERATE,2.65
2026-06-02 07:00:00,Main Sanctum,4190,16.76,27.6,55.4,1,0,2787,195,187,CRITICAL,17.07
2026-06-02 07:00:00,North Entry Gate,4781,11.95,27.6,55.4,1,0,1958,581,263,CRITICAL,11.72
2026-06-02 07:00:00,Parking Area,5674,2.27,27.6,55.4,1,0,123,297,279,MODERATE,2.22
2026-06-02 07:00:00,South Exit,3216,9.19,27.6,55.4,1,0,297,94,479,CRITICAL,8.93
2026-06-02 07:00:00,VIP Entrance,1145,5.72,27.6,55.4,1,0,181,57,67,CRITICAL,5.75
2026-06-02 07:30:00,Food Court,2121,2.65,32.3,48.8,1,0,438,85,121,MODERATE,2.49
2026-06-02 07:30:00,Main Sanctum,4267,17.07,32.3,48.8,1,0,2782,230,200,CRITICAL,19.89
2026-06-02 07:30:00,North Entry Gate,4689,11.72,32.3,48.8,1,0,2036,570,223,CRITICAL,13.45
2026-06-02 07:30:00,Parking Area,5557,2.22,32.3,48.8,1,0,121,253,253,MODERATE,2.4
2026-06-02 07:30:00,South Exit,3124,8.93,32.3,48.8,1,0,271,72,400,CRITICAL,8.45
2026-06-02 07:30:00,VIP Entrance,1149,5.75,32.3,48.8,1,0,183,52,62,CRITICAL,6.67
2026-06-02 08:00:00,Food Court,1989,2.49,30.9,50.6,1,0,518,91,93,MODERATE,2.69
2026-06-02 08:00:00,Main Sanctum,4972,19.89,30.9,50.6,1,0,3371,274,212,CRITICAL,15.9
2026-06-02 08:00:00,North Entry Gate,5379,13.45,30.9,50.6,1,0,1815,582,192,CRITICAL,14.55
2026-06-02 08:00:00,Parking Area,6011,2.4,30.9,50.6,1,0,136,279,272,MODERATE,2.6
2026-06-02 08:00:00,South Exit,2957,8.45,30.9,50.6,1,0,286,73,380,CRITICAL,8.96
2026-06-02 08:00:00,VIP Entrance,1333,6.67,30.9,50.6,1,0,199,74,73,CRITICAL,5.67
2026-06-02 08:30:00,Food Court,2155,2.69,33.8,43.8,1,0,556,128,101,MODERATE,2.71
2026-06-02 08:30:00,Main Sanctum,3975,15.9,33.8,43.8,1,0,2157,231,203,CRITICAL,15.38
2026-06-02 08:30:00,North Entry Gate,5821,14.55,33.8,43.8,1,0,2407,706,250,CRITICAL,13.35
2026-06-02 08:30:00,Parking Area,6495,2.6,33.8,43.8,1,0,150,336,304,MODERATE,2.49
2026-06-02 08:30:00,South Exit,3135,8.96,33.8,43.8,1,0,339,73,431,CRITICAL,8.88
2026-06-02 08:30:00,VIP Entrance,1133,5.67,33.8,43.8,1,0,145,48,48,CRITICAL,6.06
2026-06-02 09:00:00,Food Court,2165,2.71,32.9,39.4,1,0,466,120,109,MODERATE,2.84
2026-06-02 09:00:00,Main Sanctum,3845,15.38,32.9,39.4,1,0,2332,157,204,CRITICAL,14.05
2026-06-02 09:00:00,North Entry Gate,5340,13.35,32.9,39.4,1,0,2319,678,232,CRITICAL,12.17
2026-06-02 09:00:00,Parking Area,6217,2.49,32.9,39.4,1,0,142,311,263,MODERATE,2.16
2026-06-02 09:00:00,South Exit,3108,8.88,32.9,39.4,1,0,300,94,395,CRITICAL,9.68
2026-06-02 09:00:00,VIP Entrance,1212,6.06,32.9,39.4,1,0,201,59,63,CRITICAL,5.83
2026-06-02 09:30:00,Food Court,2270,2.84,34.7,35.4,1,0,616,114,94,MODERATE,2.29
2026-06-02 09:30:00,Main Sanctum,3513,14.05,34.7,35.4,1,0,1996,150,148,CRITICAL,15.32
2026-06-02 09:30:00,North Entry Gate,4869,12.17,34.7,35.4,1,0,2475,601,195,CRITICAL,10.7
2026-06-02 09:30:00,Parking Area,5398,2.16,34.7,35.4,1,0,129,286,300,MODERATE,2.21
2026-06-02 09:30:00,South Exit,3388,9.68,34.7,35.4,1,0,404,89,451,CRITICAL,9.41
2026-06-02 09:30:00,VIP Entrance,1166,5.83,34.7,35.4,1,0,163,69,50,CRITICAL,6.38
2026-06-02 10:00:00,Food Court,1828,2.29,33.3,38.8,1,0,513,78,74,MODERATE,2.63
2026-06-02 10:00:00,Main Sanctum,3829,15.32,33.3,38.8,1,0,2390,204,203,CRITICAL,15.95
2026-06-02 10:00:00,North Entry Gate,4280,10.7,33.3,38.8,1,0,1736,464,183,CRITICAL,11.54
2026-06-02 10:00:00,Parking Area,5513,2.21,33.3,38.8,1,0,137,330,241,MODERATE,2.4
2026-06-02 10:00:00,South Exit,3292,9.41,33.3,38.8,1,0,276,74,434,CRITICAL,7.56
2026-06-02 10:00:00,VIP Entrance,1275,6.38,33.3,38.8,1,0,192,72,63,CRITICAL,5.85
2026-06-02 10:30:00,Food Court,2108,2.63,35.1,38.1,1,0,541,126,110,MODERATE,1.91
2026-06-02 10:30:00,Main Sanctum,3987,15.95,35.1,38.1,1,0,2514,191,224,CRITICAL,12.61
2026-06-02 10:30:00,North Entry Gate,4617,11.54,35.1,38.1,1,0,2154,579,231,CRITICAL,10.79
2026-06-02 10:30:00,Parking Area,6002,2.4,35.1,38.1,1,0,146,255,336,MODERATE,2.05
2026-06-02 10:30:00,South Exit,2645,7.56,35.1,38.1,1,0,262,63,335,CRITICAL,8.09
2026-06-02 10:30:00,VIP Entrance,1170,5.85,35.1,38.1,1,0,160,61,60,CRITICAL,4.64
2026-06-02 11:00:00,Food Court,1526,1.91,35.7,31.2,1,0,366,88,81,MODERATE,1.74
2026-06-02 11:00:00,Main Sanctum,3152,12.61,35.7,31.2,1,0,1820,154,129,CRITICAL,13.53
2026-06-02 11:00:00,North Entry Gate,4314,10.79,35.7,31.2,1,0,1665,474,222,CRITICAL,9.6
2026-06-02 11:00:00,Parking Area,5133,2.05,35.7,31.2,1,0,120,300,253,MODERATE,1.72
2026-06-02 11:00:00,South Exit,2831,8.09,35.7,31.2,1,0,280,72,423,CRITICAL,6.74
2026-06-02 11:00:00,VIP Entrance,929,4.64,35.7,31.2,1,0,120,54,37,CRITICAL,5.0
2026-06-02 11:30:00,Food Court,1392,1.74,37.1,30.9,1,0,321,69,65,MODERATE,4.67
2026-06-02 11:30:00,Main Sanctum,3383,13.53,37.1,30.9,1,0,2076,161,180,CRITICAL,7.34
2026-06-02 11:30:00,North Entry Gate,3840,9.6,37.1,30.9,1,0,1306,428,143,CRITICAL,6.98
2026-06-02 11:30:00,Parking Area,4294,1.72,37.1,30.9,1,0,101,177,248,MODERATE,1.41
2026-06-02 11:30:00,South Exit,2360,6.74,37.1,30.9,1,0,172,51,306,CRITICAL,5.06
2026-06-02 11:30:00,VIP Entrance,1001,5.0,37.1,30.9,1,0,144,52,54,CRITICAL,3.38
2026-06-02 12:00:00,Food Court,3739,4.67,38.2,30.0,1,0,1138,171,172,CRITICAL,4.32
2026-06-02 12:00:00,Main Sanctum,1835,7.34,38.2,30.0,1,0,1153,103,89,CRITICAL,9.32
2026-06-02 12:00:00,North Entry Gate,2792,6.98,38.2,30.0,1,0,1083,346,117,CRITICAL,6.77
2026-06-02 12:00:00,Parking Area,3514,1.41,38.2,30.0,1,0,84,157,156,LOW,1.36
2026-06-02 12:00:00,South Exit,1771,5.06,38.2,30.0,1,0,189,48,261,CRITICAL,5.82
2026-06-02 12:00:00,VIP Entrance,676,3.38,38.2,30.0,1,0,90,36,38,HIGH,3.48
2026-06-02 12:30:00,Food Court,3457,4.32,36.6,30.1,1,0,926,203,175,HIGH,4.97
2026-06-02 12:30:00,Main Sanctum,2329,9.32,36.6,30.1,1,0,1372,118,106,CRITICAL,10.22
2026-06-02 12:30:00,North Entry Gate,2708,6.77,36.6,30.1,1,0,1188,297,97,CRITICAL,7.55
2026-06-02 12:30:00,Parking Area,3402,1.36,36.6,30.1,1,0,85,145,197,LOW,1.44
2026-06-02 12:30:00,South Exit,2036,5.82,36.6,30.1,1,0,164,51,294,CRITICAL,4.68
2026-06-02 12:30:00,VIP Entrance,696,3.48,36.6,30.1,1,0,102,41,39,HIGH,3.36
2026-06-02 13:00:00,Food Court,3979,4.97,36.1,35.6,1,0,952,159,208,CRITICAL,4.99
2026-06-02 13:00:00,Main Sanctum,2554,10.22,36.1,35.6,1,0,1210,143,118,CRITICAL,9.5
2026-06-02 13:00:00,North Entry Gate,3021,7.55,36.1,35.6,1,0,1292,375,138,CRITICAL,8.41
2026-06-02 13:00:00,Parking Area,3595,1.44,36.1,35.6,1,0,80,151,152,LOW,1.51
2026-06-02 13:00:00,South Exit,1637,4.68,36.1,35.6,1,0,172,48,244,CRITICAL,5.5
2026-06-02 13:00:00,VIP Entrance,672,3.36,36.1,35.6,1,0,118,32,33,HIGH,3.48
2026-06-02 13:30:00,Food Court,3991,4.99,34.2,37.7,1,0,919,168,169,CRITICAL,4.54
2026-06-02 13:30:00,Main Sanctum,2375,9.5,34.2,37.7,1,0,1316,120,100,CRITICAL,10.94
2026-06-02 13:30:00,North Entry Gate,3363,8.41,34.2,37.7,1,0,1330,374,132,CRITICAL,6.9
2026-06-02 13:30:00,Parking Area,3764,1.51,34.2,37.7,1,0,87,203,167,MODERATE,1.44
2026-06-02 13:30:00,South Exit,1926,5.5,34.2,37.7,1,0,198,54,251,CRITICAL,4.84
2026-06-02 13:30:00,VIP Entrance,695,3.48,34.2,37.7,1,0,90,35,37,HIGH,3.48
2026-06-02 14:00:00,Food Court,3628,4.54,33.2,42.9,1,0,783,159,194,CRITICAL,4.87
2026-06-02 14:00:00,Main Sanctum,2734,10.94,33.2,42.9,1,0,1668,130,143,CRITICAL,10.37
2026-06-02 14:00:00,North Entry Gate,2760,6.9,33.2,42.9,1,0,1193,309,142,CRITICAL,5.97
2026-06-02 14:00:00,Parking Area,3591,1.44,33.2,42.9,1,0,77,200,209,LOW,1.47
2026-06-02 14:00:00,South Exit,1695,4.84,33.2,42.9,1,0,167,47,236,CRITICAL,4.81
2026-06-02 14:00:00,VIP Entrance,697,3.48,33.2,42.9,1,0,84,36,39,HIGH,3.74
2026-06-02 14:30:00,Food Court,3893,4.87,34.6,34.7,1,0,978,190,171,CRITICAL,1.34
2026-06-02 14:30:00,Main Sanctum,2593,10.37,34.6,34.7,1,0,1755,121,149,CRITICAL,10.02
2026-06-02 14:30:00,North Entry Gate,2390,5.97,34.6,34.7,1,0,905,315,101,CRITICAL,7.16
2026-06-02 14:30:00,Parking Area,3679,1.47,34.6,34.7,1,0,76,203,214,LOW,1.5
2026-06-02 14:30:00,South Exit,1683,4.81,34.6,34.7,1,0,176,39,241,CRITICAL,5.47
2026-06-02 14:30:00,VIP Entrance,748,3.74,34.6,34.7,1,0,89,31,33,HIGH,3.72
2026-06-02 15:00:00,Food Court,1069,1.34,33.8,36.4,1,0,276,56,43,LOW,1.6
2026-06-02 15:00:00,Main Sanctum,2505,10.02,33.8,36.4,1,0,1445,108,121,CRITICAL,8.44
2026-06-02 15:00:00,North Entry Gate,2863,7.16,33.8,36.4,1,0,1291,340,110,CRITICAL,7.34
2026-06-02 15:00:00,Parking Area,3739,1.5,33.8,36.4,1,0,95,171,212,MODERATE,1.29
2026-06-02 15:00:00,South Exit,1915,5.47,33.8,36.4,1,0,178,55,242,CRITICAL,5.19
2026-06-02 15:00:00,VIP Entrance,744,3.72,33.8,36.4,1,0,100,33,39,HIGH,2.86
2026-06-02 15:30:00,Food Court,1280,1.6,33.6,41.4,1,0,323,74,65,MODERATE,1.96
2026-06-02 15:30:00,Main Sanctum,2111,8.44,33.6,41.4,1,0,1188,104,85,CRITICAL,12.5
2026-06-02 15:30:00,North Entry Gate,2936,7.34,33.6,41.4,1,0,1192,384,177,CRITICAL,9.32
2026-06-02 15:30:00,Parking Area,3215,1.29,33.6,41.4,1,0,71,136,188,LOW,1.73
2026-06-02 15:30:00,South Exit,1816,5.19,33.6,41.4,1,0,167,61,255,CRITICAL,7.31
2026-06-02 15:30:00,VIP Entrance,572,2.86,33.6,41.4,1,0,78,30,28,MODERATE,4.75
2026-06-02 16:00:00,Food Court,1567,1.96,32.8,42.9,1,0,360,87,76,MODERATE,2.7
2026-06-02 16:00:00,Main Sanctum,3125,12.5,32.8,42.9,1,0,2084,135,129,CRITICAL,12.14
2026-06-02 16:00:00,North Entry Gate,3729,9.32,32.8,42.9,1,0,1554,491,220,CRITICAL,10.55
2026-06-02 16:00:00,Parking Area,4317,1.73,32.8,42.9,1,0,98,231,187,MODERATE,2.19
2026-06-02 16:00:00,South Exit,2560,7.31,32.8,42.9,1,0,268,76,326,CRITICAL,8.4
2026-06-02 16:00:00,VIP Entrance,949,4.75,32.8,42.9,1,0,162,38,57,CRITICAL,4.82
2026-06-02 16:30:00,Food Court,2159,2.7,31.5,46.2,1,0,509,118,113,MODERATE,2.27
2026-06-02 16:30:00,Main Sanctum,3034,12.14,31.5,46.2,1,0,1913,157,128,CRITICAL,15.49
2026-06-02 16:30:00,North Entry Gate,4221,10.55,31.5,46.2,1,0,1783,467,186,CRITICAL,10.65
2026-06-02 16:30:00,Parking Area,5463,2.19,31.5,46.2,1,0,137,254,294,MODERATE,1.95
2026-06-02 16:30:00,South Exit,2941,8.4,31.5,46.2,1,0,264,86,407,CRITICAL,9.43
2026-06-02 16:30:00,VIP Entrance,963,4.82,31.5,46.2,1,0,150,53,46,CRITICAL,5.96
2026-06-02 17:00:00,Food Court,1819,2.27,28.3,54.1,1,0,393,99,98,MODERATE,2.58
2026-06-02 17:00:00,Main Sanctum,3873,15.49,28.3,54.1,1,0,2506,191,207,CRITICAL,16.27
2026-06-02 17:00:00,North Entry Gate,4260,10.65,28.3,54.1,1,0,1796,479,227,CRITICAL,11.29
2026-06-02 17:00:00,Parking Area,4885,1.95,28.3,54.1,1,0,139,208,235,MODERATE,2.26
2026-06-02 17:00:00,South Exit,3299,9.43,28.3,54.1,1,0,379,89,421,CRITICAL,10.33
2026-06-02 17:00:00,VIP Entrance,1193,5.96,28.3,54.1,1,0,174,56,54,CRITICAL,6.09
2026-06-02 17:30:00,Food Court,2064,2.58,30.1,54.3,1,0,523,96,100,MODERATE,2.72
2026-06-02 17:30:00,Main Sanctum,4067,16.27,30.1,54.3,1,0,2033,166,220,CRITICAL,16.33
2026-06-02 17:30:00,North Entry Gate,4515,11.29,30.1,54.3,1,0,2005,522,186,CRITICAL,12.48
2026-06-02 17:30:00,Parking Area,5648,2.26,30.1,54.3,1,0,136,276,262,MODERATE,2.85
2026-06-02 17:30:00,South Exit,3615,10.33,30.1,54.3,1,0,319,87,497,CRITICAL,10.01
2026-06-02 17:30:00,VIP Entrance,1218,6.09,30.1,54.3,1,0,181,51,56,CRITICAL,6.87
2026-06-02 18:00:00,Food Court,2178,2.72,27.9,53.0,1,0,478,101,94,MODERATE,2.87
2026-06-02 18:00:00,Main Sanctum,4082,16.33,27.9,53.0,1,0,2369,184,216,CRITICAL,19.07
2026-06-02 18:00:00,North Entry Gate,4991,12.48,27.9,53.0,1,0,2120,543,236,CRITICAL,15.44
2026-06-02 18:00:00,Parking Area,7130,2.85,27.9,53.0,1,0,146,400,372,MODERATE,2.96
2026-06-02 18:00:00,South Exit,3504,10.01,27.9,53.0,1,0,276,94,453,CRITICAL,10.22
2026-06-02 18:00:00,VIP Entrance,1373,6.87,27.9,53.0,1,0,186,65,67,CRITICAL,7.42
2026-06-02 18:30:00,Food Court,2293,2.87,25.8,59.1,1,0,484,117,124,MODERATE,9.02
2026-06-02 18:30:00,Main Sanctum,4767,19.07,25.8,59.1,1,0,2628,264,259,CRITICAL,15.8
2026-06-02 18:30:00,North Entry Gate,6177,15.44,25.8,59.1,1,0,3030,677,307,CRITICAL,13.42
2026-06-02 18:30:00,Parking Area,7391,2.96,25.8,59.1,1,0,172,341,339,MODERATE,2.43
2026-06-02 18:30:00,South Exit,3576,10.22,25.8,59.1,1,0,345,101,487,CRITICAL,12.26
2026-06-02 18:30:00,VIP Entrance,1485,7.42,25.8,59.1,1,0,226,86,84,CRITICAL,6.89
2026-06-02 19:00:00,Food Court,7218,9.02,25.4,66.6,1,0,1576,297,315,CRITICAL,9.35
2026-06-02 19:00:00,Main Sanctum,3950,15.8,25.4,66.6,1,0,2119,230,161,CRITICAL,16.44
2026-06-02 19:00:00,North Entry Gate,5368,13.42,25.4,66.6,1,0,2183,662,246,CRITICAL,12.6
2026-06-02 19:00:00,Parking Area,6076,2.43,25.4,66.6,1,0,125,351,261,MODERATE,2.83
2026-06-02 19:00:00,South Exit,4291,12.26,25.4,66.6,1,0,418,137,653,CRITICAL,10.83
2026-06-02 19:00:00,VIP Entrance,1378,6.89,25.4,66.6,1,0,208,73,75,CRITICAL,6.95
2026-06-02 19:30:00,Food Court,7483,9.35,23.3,72.7,1,0,1816,339,421,CRITICAL,9.57
2026-06-02 19:30:00,Main Sanctum,4109,16.44,23.3,72.7,1,0,2876,165,207,CRITICAL,16.98
2026-06-02 19:30:00,North Entry Gate,5040,12.6,23.3,72.7,1,0,2037,569,211,CRITICAL,12.45
2026-06-02 19:30:00,Parking Area,7065,2.83,23.3,72.7,1,0,154,373,286,MODERATE,2.46
2026-06-02 19:30:00,South Exit,3792,10.83,23.3,72.7,1,0,383,113,512,CRITICAL,9.44
2026-06-02 19:30:00,VIP Entrance,1389,6.95,23.3,72.7,1,0,185,69,71,CRITICAL,6.19
2026-06-02 20:00:00,Food Court,7659,9.57,23.6,70.3,1,0,1709,429,457,CRITICAL,7.85
2026-06-02 20:00:00,Main Sanctum,4244,16.98,23.6,70.3,1,0,2771,174,227,CRITICAL,16.43
2026-06-02 20:00:00,North Entry Gate,4978,12.45,23.6,70.3,1,0,2275,647,217,CRITICAL,10.99
2026-06-02 20:00:00,Parking Area,6154,2.46,23.6,70.3,1,0,146,330,275,MODERATE,2.43
2026-06-02 20:00:00,South Exit,3304,9.44,23.6,70.3,1,0,292,73,445,CRITICAL,10.26
2026-06-02 20:00:00,VIP Entrance,1238,6.19,23.6,70.3,1,0,181,66,65,CRITICAL,5.98
2026-06-02 20:30:00,Food Court,6278,7.85,24.0,67.1,1,0,1145,340,367,CRITICAL,7.34
2026-06-02 20:30:00,Main Sanctum,4108,16.43,24.0,67.1,1,0,2454,180,232,CRITICAL,14.66
2026-06-02 20:30:00,North Entry Gate,4398,10.99,24.0,67.1,1,0,2033,566,268,CRITICAL,10.36
2026-06-02 20:30:00,Parking Area,6078,2.43,24.0,67.1,1,0,118,340,362,MODERATE,2.3
2026-06-02 20:30:00,South Exit,3592,10.26,24.0,67.1,1,0,394,102,493,CRITICAL,8.68
2026-06-02 20:30:00,VIP Entrance,1196,5.98,24.0,67.1,1,0,159,51,62,CRITICAL,5.6
2026-06-02 21:00:00,Food Court,5873,7.34,21.9,75.8,1,0,1404,249,284,CRITICAL,6.91
2026-06-02 21:00:00,Main Sanctum,3664,14.66,21.9,75.8,1,0,2313,198,193,CRITICAL,13.96
2026-06-02 21:00:00,North Entry Gate,4144,10.36,21.9,75.8,1,0,1531,455,171,CRITICAL,10.2
2026-06-02 21:00:00,Parking Area,5756,2.3,21.9,75.8,1,0,115,250,250,MODERATE,2.21
2026-06-02 21:00:00,South Exit,3039,8.68,21.9,75.8,1,0,302,109,468,CRITICAL,8.47
2026-06-02 21:00:00,VIP Entrance,1120,5.6,21.9,75.8,1,0,151,55,55,CRITICAL,5.29
2026-06-02 21:30:00,Food Court,5524,6.91,20.6,83.4,1,0,1200,278,252,CRITICAL,0.32
2026-06-02 21:30:00,Main Sanctum,3491,13.96,20.6,83.4,1,0,2279,149,159,CRITICAL,1.88
2026-06-02 21:30:00,North Entry Gate,4079,10.2,20.6,83.4,1,0,1900,486,187,CRITICAL,1.31
2026-06-02 21:30:00,Parking Area,5513,2.21,20.6,83.4,1,0,107,273,316,MODERATE,0.3
2026-06-02 21:30:00,South Exit,2963,8.47,20.6,83.4,1,0,307,91,399,CRITICAL,1.15
2026-06-02 21:30:00,VIP Entrance,1057,5.29,20.6,83.4,1,0,163,58,61,CRITICAL,0.72
2026-06-02 22:00:00,Food Court,253,0.32,20.8,85.1,1,0,56,14,14,LOW,0.37
2026-06-02 22:00:00,Main Sanctum,469,1.88,20.8,85.1,1,0,280,26,25,MODERATE,2.26
2026-06-02 22:00:00,North Entry Gate,525,1.31,20.8,85.1,1,0,237,66,24,LOW,1.62
2026-06-02 22:00:00,Parking Area,752,0.3,20.8,85.1,1,0,16,34,39,LOW,0.35
2026-06-02 22:00:00,South Exit,401,1.15,20.8,85.1,1,0,35,10,61,LOW,1.21
2026-06-02 22:00:00,VIP Entrance,144,0.72,20.8,85.1,1,0,21,8,8,LOW,0.75
2026-06-02 22:30:00,Food Court,293,0.37,21.2,71.4,1,0,62,13,14,LOW,0.37
2026-06-02 22:30:00,Main Sanctum,566,2.26,21.2,71.4,1,0,276,26,31,MODERATE,2.56
2026-06-02 22:30:00,North Entry Gate,647,1.62,21.2,71.4,1,0,258,70,31,MODERATE,1.8
2026-06-02 22:30:00,Parking Area,880,0.35,21.2,71.4,1,0,21,41,52,LOW,0.35
2026-06-02 22:30:00,South Exit,422,1.21,21.2,71.4,1,0,44,11,63,LOW,1.24
2026-06-02 22:30:00,VIP Entrance,150,0.75,21.2,71.4,1,0,17,9,8,LOW,0.88
2026-06-02 23:00:00,Food Court,297,0.37,18.7,82.6,1,0,52,13,13,LOW,0.4
2026-06-02 23:00:00,Main Sanctum,641,2.56,18.7,82.6,1,0,338,36,37,MODERATE,2.9
2026-06-02 23:00:00,North Entry Gate,720,1.8,18.7,82.6,1,0,354,92,34,MODERATE,1.86
2026-06-02 23:00:00,Parking Area,875,0.35,18.7,82.6,1,0,18,48,37,LOW,0.35
2026-06-02 23:00:00,South Exit,433,1.24,18.7,82.6,1,0,46,10,59,LOW,1.56
2026-06-02 23:00:00,VIP Entrance,176,0.88,18.7,82.6,1,0,29,7,10,LOW,0.99
2026-06-02 23:30:00,Food Court,318,0.4,18.8,82.2,1,0,72,19,14,LOW,0.21
2026-06-02 23:30:00,Main Sanctum,725,2.9,18.8,82.2,1,0,380,39,32,MODERATE,1.16
2026-06-02 23:30:00,North Entry Gate,746,1.86,18.8,82.2,1,0,321,90,41,MODERATE,0.9
2026-06-02 23:30:00,Parking Area,870,0.35,18.8,82.2,1,0,22,42,49,LOW,0.19
2026-06-02 23:30:00,South Exit,545,1.56,18.8,82.2,1,0,51,15,79,MODERATE,0.77
2026-06-02 23:30:00,VIP Entrance,199,0.99,18.8,82.2,1,0,32,11,8,LOW,0.49
2026-06-03 00:00:00,Food Court,165,0.21,20.2,84.3,0,0,37,9,10,LOW,0.19
2026-06-03 00:00:00,Main Sanctum,290,1.16,20.2,84.3,0,0,179,14,16,LOW,1.25
2026-06-03 00:00:00,North Entry Gate,361,0.9,20.2,84.3,0,0,150,46,18,LOW,0.85
2026-06-03 00:00:00,Parking Area,476,0.19,20.2,84.3,0,0,11,26,28,LOW,0.14
2026-06-03 00:00:00,South Exit,268,0.77,20.2,84.3,0,0,24,7,37,LOW,0.72
2026-06-03 00:00:00,VIP Entrance,98,0.49,20.2,84.3,0,0,13,5,5,LOW,0.46
2026-06-03 00:30:00,Food Court,154,0.19,18.6,76.8,0,0,27,6,8,LOW,0.18
2026-06-03 00:30:00,Main Sanctum,312,1.25,18.6,76.8,0,0,158,16,16,LOW,1.17
2026-06-03 00:30:00,North Entry Gate,342,0.85,18.6,76.8,0,0,102,45,19,LOW,0.85
2026-06-03 00:30:00,Parking Area,361,0.14,18.6,76.8,0,0,6,18,17,LOW,0.19
2026-06-03 00:30:00,South Exit,251,0.72,18.6,76.8,0,0,22,7,33,LOW,0.61
2026-06-03 00:30:00,VIP Entrance,92,0.46,18.6,76.8,0,0,12,4,4,LOW,0.45
2026-06-03 01:00:00,Food Court,146,0.18,22.6,73.7,0,0,29,8,8,LOW,0.15
2026-06-03 01:00:00,Main Sanctum,293,1.17,22.6,73.7,0,0,140,14,13,LOW,1.02
2026-06-03 01:00:00,North Entry Gate,342,0.85,22.6,73.7,0,0,103,39,16,LOW,0.93
2026-06-03 01:00:00,Parking Area,475,0.19,22.6,73.7,0,0,11,21,23,LOW,0.17
2026-06-03 01:00:00,South Exit,214,0.61,22.6,73.7,0,0,19,6,28,LOW,0.58
2026-06-03 01:00:00,VIP Entrance,89,0.45,22.6,73.7,0,0,7,4,5,LOW,0.41
2026-06-03 01:30:00,Food Court,118,0.15,20.4,78.0,0,0,25,6,5,LOW,0.15
2026-06-03 01:30:00,Main Sanctum,256,1.02,20.4,78.0,0,0,103,11,15,LOW,0.87
2026-06-03 01:30:00,North Entry Gate,373,0.93,20.4,78.0,0,0,131,45,15,LOW,0.7
2026-06-03 01:30:00,Parking Area,418,0.17,20.4,78.0,0,0,9,18,24,LOW,0.12
2026-06-03 01:30:00,South Exit,204,0.58,20.4,78.0,0,0,15,5,30,LOW,0.47
2026-06-03 01:30:00,VIP Entrance,82,0.41,20.4,78.0,0,0,11,5,5,LOW,0.28
2026-06-03 02:00:00,Food Court,117,0.15,20.0,84.9,0,0,23,6,5,LOW,0.14
2026-06-03 02:00:00,Main Sanctum,218,0.87,20.0,84.9,0,0,109,9,10,LOW,0.59
2026-06-03 02:00:00,North Entry Gate,280,0.7,20.0,84.9,0,0,111,33,13,LOW,0.67
2026-06-03 02:00:00,Parking Area,307,0.12,20.0,84.9,0,0,7,13,16,LOW,0.12
2026-06-03 02:00:00,South Exit,165,0.47,20.0,84.9,0,0,18,5,24,LOW,0.38
2026-06-03 02:00:00,VIP Entrance,55,0.28,20.0,84.9,0,0,8,3,3,LOW,0.28
2026-06-03 02:30:00,Food Court,108,0.14,20.7,82.4,0,0,23,5,5,LOW,0.1
2026-06-03 02:30:00,Main Sanctum,147,0.59,20.7,82.4,0,0,77,6,6,LOW,0.54
2026-06-03 02:30:00,North Entry Gate,268,0.67,20.7,82.4,0,0,100,33,14,LOW,0.39
2026-06-03 02:30:00,Parking Area,298,0.12,20.7,82.4,0,0,7,18,15,LOW,0.1
2026-06-03 02:30:00,South Exit,134,0.38,20.7,82.4,0,0,8,3,18,LOW,0.38
2026-06-03 02:30:00,VIP Entrance,57,0.28,20.7,82.4,0,0,8,3,2,LOW,0.23
2026-06-03 03:00:00,Food Court,82,0.1,21.8,75.7,0,0,13,5,5,LOW,0.07
2026-06-03 03:00:00,Main Sanctum,134,0.54,21.8,75.7,0,0,70,8,6,LOW,0.49
2026-06-03 03:00:00,North Entry Gate,157,0.39,21.8,75.7,0,0,61,18,7,LOW,0.36
2026-06-03 03:00:00,Parking Area,240,0.1,21.8,75.7,0,0,6,10,10,LOW,0.07
2026-06-03 03:00:00,South Exit,133,0.38,21.8,75.7,0,0,8,4,18,LOW,0.25
2026-06-03 03:00:00,VIP Entrance,46,0.23,21.8,75.7,0,0,6,3,2,LOW,0.14
2026-06-03 03:30:00,Food Court,56,0.07,22.4,68.1,0,0,12,3,3,LOW,0.05
2026-06-03 03:30:00,Main Sanctum,123,0.49,22.4,68.1,0,0,62,5,7,LOW,0.33
2026-06-03 03:30:00,North Entry Gate,143,0.36,22.4,68.1,0,0,45,16,5,LOW,0.21
2026-06-03 03:30:00,Parking Area,181,0.07,22.4,68.1,0,0,6,10,9,LOW,0.05
2026-06-03 03:30:00,South Exit,88,0.25,22.4,68.1,0,0,10,2,11,LOW,0.17
2026-06-03 03:30:00,VIP Entrance,29,0.14,22.4,68.1,0,0,2,2,2,LOW,0.1
2026-06-03 04:00:00,Food Court,39,0.05,21.5,73.8,0,0,8,2,2,LOW,0.03
2026-06-03 04:00:00,Main Sanctum,82,0.33,21.5,73.8,0,0,41,5,5,LOW,0.18
2026-06-03 04:00:00,North Entry Gate,86,0.21,21.5,73.8,0,0,32,11,4,LOW,0.15
2026-06-03 04:00:00,Parking Area,114,0.05,21.5,73.8,0,0,3,5,7,LOW,0.03
2026-06-03 04:00:00,South Exit,59,0.17,21.5,73.8,0,0,6,2,8,LOW,0.11
2026-06-03 04:00:00,VIP Entrance,21,0.1,21.5,73.8,0,0,1,2,2,LOW,0.07
2026-06-03 04:30:00,Food Court,23,0.03,26.5,59.1,0,0,4,2,2,LOW,0.79
2026-06-03 04:30:00,Main Sanctum,46,0.18,26.5,59.1,0,0,22,2,3,LOW,5.5
2026-06-03 04:30:00,North Entry Gate,59,0.15,26.5,59.1,0,0,20,7,3,LOW,4.18
2026-06-03 04:30:00,Parking Area,74,0.03,26.5,59.1,0,0,0,4,4,LOW,0.73
2026-06-03 04:30:00,South Exit,39,0.11,26.5,59.1,0,0,3,1,5,LOW,3.08
2026-06-03 04:30:00,VIP Entrance,13,0.07,26.5,59.1,0,0,3,2,2,LOW,1.97
2026-06-03 05:00:00,Food Court,633,0.79,25.9,58.3,0,0,129,26,29,LOW,0.98
2026-06-03 05:00:00,Main Sanctum,1374,5.5,25.9,58.3,0,0,876,63,69,CRITICAL,6.32
2026-06-03 05:00:00,North Entry Gate,1671,4.18,25.9,58.3,0,0,601,190,73,HIGH,4.45
2026-06-03 05:00:00,Parking Area,1833,0.73,25.9,58.3,0,0,35,77,89,LOW,0.92
2026-06-03 05:00:00,South Exit,1078,3.08,25.9,58.3,0,0,94,26,145,HIGH,3.53
2026-06-03 05:00:00,VIP Entrance,393,1.97,25.9,58.3,0,0,40,17,22,MODERATE,2.35
2026-06-03 05:30:00,Food Court,781,0.98,26.9,62.8,0,0,175,42,38,LOW,1.23
2026-06-03 05:30:00,Main Sanctum,1580,6.32,26.9,62.8,0,0,765,74,64,CRITICAL,5.58
2026-06-03 05:30:00,North Entry Gate,1780,4.45,26.9,62.8,0,0,648,215,98,HIGH,5.07
2026-06-03 05:30:00,Parking Area,2291,0.92,26.9,62.8,0,0,42,104,106,LOW,0.85
2026-06-03 05:30:00,South Exit,1237,3.53,26.9,62.8,0,0,105,33,161,HIGH,3.78
2026-06-03 05:30:00,VIP Entrance,469,2.35,26.9,62.8,0,0,48,20,22,MODERATE,2.29
2026-06-03 06:00:00,Food Court,984,1.23,29.0,48.6,0,0,173,52,42,LOW,1.36
2026-06-03 06:00:00,Main Sanctum,1396,5.58,29.0,48.6,0,0,675,68,79,CRITICAL,6.47
2026-06-03 06:00:00,North Entry Gate,2027,5.07,29.0,48.6,0,0,639,265,127,CRITICAL,6.01
2026-06-03 06:00:00,Parking Area,2115,0.85,29.0,48.6,0,0,38,86,106,LOW,1.16
2026-06-03 06:00:00,South Exit,1324,3.78,29.0,48.6,0,0,111,29,179,HIGH,3.93
2026-06-03 06:00:00,VIP Entrance,457,2.29,29.0,48.6,0,0,39,26,19,MODERATE,2.38
2026-06-03 06:30:00,Food Court,1092,1.36,27.8,62.5,0,0,231,50,57,LOW,1.26
2026-06-03 06:30:00,Main Sanctum,1617,6.47,27.8,62.5,0,0,677,73,71,CRITICAL,8.45
2026-06-03 06:30:00,North Entry Gate,2406,6.01,27.8,62.5,0,0,752,272,114,CRITICAL,5.15
2026-06-03 06:30:00,Parking Area,2906,1.16,27.8,62.5,0,0,66,166,159,LOW,1.13
2026-06-03 06:30:00,South Exit,1374,3.93,27.8,62.5,0,0,106,34,189,HIGH,4.44
2026-06-03 06:30:00,VIP Entrance,475,2.38,27.8,62.5,0,0,57,21,22,MODERATE,2.9
2026-06-03 07:00:00,Food Court,1010,1.26,29.2,58.3,0,0,162,58,50,LOW,1.43
2026-06-03 07:00:00,Main Sanctum,2113,8.45,29.2,58.3,0,0,1141,85,99,CRITICAL,8.21
2026-06-03 07:00:00,North Entry Gate,2060,5.15,29.2,58.3,0,0,618,255,86,CRITICAL,5.72
2026-06-03 07:00:00,Parking Area,2835,1.13,29.2,58.3,0,0,55,142,156,LOW,1.08
2026-06-03 07:00:00,South Exit,1553,4.44,29.2,58.3,0,0,104,49,207,HIGH,4.63
2026-06-03 07:00:00,VIP Entrance,579,2.9,29.2,58.3,0,0,55,31,28,MODERATE,2.85
2026-06-03 07:30:00,Food Court,1142,1.43,31.6,44.0,0,0,264,50,57,LOW,1.24
2026-06-03 07:30:00,Main Sanctum,2053,8.21,31.6,44.0,0,0,1069,123,100,CRITICAL,7.44
2026-06-03 07:30:00,North Entry Gate,2289,5.72,31.6,44.0,0,0,827,273,120,CRITICAL,5.0
2026-06-03 07:30:00,Parking Area,2698,1.08,31.6,44.0,0,0,45,135,153,LOW,1.25
2026-06-03 07:30:00,South Exit,1622,4.63,31.6,44.0,0,0,135,37,214,CRITICAL,4.99
2026-06-03 07:30:00,VIP Entrance,570,2.85,31.6,44.0,0,0,64,32,23,MODERATE,2.99
2026-06-03 08:00:00,Food Court,988,1.24,31.9,45.3,0,0,201,52,51,LOW,1.53
2026-06-03 08:00:00,Main Sanctum,1860,7.44,31.9,45.3,0,0,811,101,94,CRITICAL,8.04
2026-06-03 08:00:00,North Entry Gate,2002,5.0,31.9,45.3,0,0,666,219,86,CRITICAL,6.33
2026-06-03 08:00:00,Parking Area,3134,1.25,31.9,45.3,0,0,62,154,144,LOW,1.27
2026-06-03 08:00:00,South Exit,1748,4.99,31.9,45.3,0,0,149,37,224,CRITICAL,3.84
2026-06-03 08:00:00,VIP Entrance,598,2.99,31.9,45.3,0,0,60,35,33,MODERATE,2.98
2026-06-03 08:30:00,Food Court,1226,1.53,33.3,39.9,0,0,236,58,51,MODERATE,1.33
2026-06-03 08:30:00,Main Sanctum,2011,8.04,33.3,39.9,0,0,942,116,91,CRITICAL,8.04
2026-06-03 08:30:00,North Entry Gate,2530,6.33,33.3,39.9,0,0,884,277,130,CRITICAL,5.57
2026-06-03 08:30:00,Parking Area,3165,1.27,33.3,39.9,0,0,74,179,151,LOW,1.23
2026-06-03 08:30:00,South Exit,1343,3.84,33.3,39.9,0,0,104,46,205,HIGH,4.54
2026-06-03 08:30:00,VIP Entrance,596,2.98,33.3,39.9,0,0,79,32,29,MODERATE,3.04
2026-06-03 09:00:00,Food Court,1064,1.33,33.6,41.9,0,0,210,45,49,LOW,1.39
2026-06-03 09:00:00,Main Sanctum,2011,8.04,33.6,41.9,0,0,1049,103,105,CRITICAL,7.17
2026-06-03 09:00:00,North Entry Gate,2227,5.57,33.6,41.9,0,0,681,283,119,CRITICAL,5.88
2026-06-03 09:00:00,Parking Area,3073,1.23,33.6,41.9,0,0,59,182,137,LOW,1.25
2026-06-03 09:00:00,South Exit,1590,4.54,33.6,41.9,0,0,122,51,231,CRITICAL,4.31
2026-06-03 09:00:00,VIP Entrance,607,3.04,33.6,41.9,0,0,68,26,35,HIGH,2.81
2026-06-03 09:30:00,Food Court,1108,1.39,34.1,41.5,0,0,220,59,53,LOW,1.25
2026-06-03 09:30:00,Main Sanctum,1792,7.17,34.1,41.5,0,0,949,99,80,CRITICAL,7.91
2026-06-03 09:30:00,North Entry Gate,2350,5.88,34.1,41.5,0,0,650,299,112,CRITICAL,5.66
2026-06-03 09:30:00,Parking Area,3121,1.25,34.1,41.5,0,0,71,179,140,LOW,1.08
2026-06-03 09:30:00,South Exit,1508,4.31,34.1,41.5,0,0,117,40,198,HIGH,4.11
2026-06-03 09:30:00,VIP Entrance,561,2.81,34.1,41.5,0,0,63,29,30,MODERATE,3.11
2026-06-03 10:00:00,Food Court,1004,1.25,36.6,31.0,0,0,204,40,55,LOW,1.17
2026-06-03 10:00:00,Main Sanctum,1977,7.91,36.6,31.0,0,0,1038,92,114,CRITICAL,6.9
2026-06-03 10:00:00,North Entry Gate,2262,5.66,36.6,31.0,0,0,715,274,110,CRITICAL,5.02
2026-06-03 10:00:00,Parking Area,2692,1.08,36.6,31.0,0,0,53,152,115,LOW,1.07
2026-06-03 10:00:00,South Exit,1438,4.11,36.6,31.0,0,0,111,33,192,HIGH,4.48
2026-06-03 10:00:00,VIP Entrance,622,3.11,36.6,31.0,0,0,75,31,33,HIGH,2.4
2026-06-03 10:30:00,Food Court,935,1.17,36.7,31.3,0,0,173,42,42,LOW,1.03
2026-06-03 10:30:00,Main Sanctum,1725,6.9,36.7,31.3,0,0,656,69,86,CRITICAL,6.3
2026-06-03 10:30:00,North Entry Gate,2009,5.02,36.7,31.3,0,0,798,217,99,CRITICAL,4.81
2026-06-03 10:30:00,Parking Area,2687,1.07,36.7,31.3,0,0,53,144,114,LOW,0.98
2026-06-03 10:30:00,South Exit,1568,4.48,36.7,31.3,0,0,114,45,233,HIGH,3.41
2026-06-03 10:30:00,VIP Entrance,480,2.4,36.7,31.3,0,0,63,26,26,MODERATE,2.27
2026-06-03 11:00:00,Food Court,827,1.03,32.7,40.0,0,0,154,44,50,LOW,1.12
2026-06-03 11:00:00,Main Sanctum,1575,6.3,32.7,40.0,0,0,868,77,73,CRITICAL,5.9
2026-06-03 11:00:00,North Entry Gate,1925,4.81,32.7,40.0,0,0,657,214,98,CRITICAL,3.98
2026-06-03 11:00:00,Parking Area,2449,0.98,32.7,40.0,0,0,47,99,130,LOW,0.88
2026-06-03 11:00:00,South Exit,1192,3.41,32.7,40.0,0,0,108,31,159,HIGH,2.98
2026-06-03 11:00:00,VIP Entrance,454,2.27,32.7,40.0,0,0,58,20,26,MODERATE,1.87
2026-06-03 11:30:00,Food Court,898,1.12,37.7,30.0,0,0,187,44,36,LOW,2.16
2026-06-03 11:30:00,Main Sanctum,1475,5.9,37.7,30.0,0,0,669,75,73,CRITICAL,3.87
2026-06-03 11:30:00,North Entry Gate,1593,3.98,37.7,30.0,0,0,548,205,92,HIGH,2.89
2026-06-03 11:30:00,Parking Area,2206,0.88,37.7,30.0,0,0,37,120,96,LOW,0.57
2026-06-03 11:30:00,South Exit,1043,2.98,37.7,30.0,0,0,67,24,148,MODERATE,2.01
2026-06-03 11:30:00,VIP Entrance,374,1.87,37.7,30.0,0,0,43,22,16,MODERATE,1.27
2026-06-03 12:00:00,Food Court,1725,2.16,38.6,30.0,0,0,324,78,97,MODERATE,2.13
2026-06-03 12:00:00,Main Sanctum,967,3.87,38.6,30.0,0,0,395,42,45,HIGH,3.89
2026-06-03 12:00:00,North Entry Gate,1157,2.89,38.6,30.0,0,0,411,137,56,MODERATE,3.28
2026-06-03 12:00:00,Parking Area,1436,0.57,38.6,30.0,0,0,29,72,79,LOW,0.58
2026-06-03 12:00:00,South Exit,704,2.01,38.6,30.0,0,0,61,22,106,MODERATE,2.53
2026-06-03 12:00:00,VIP Entrance,254,1.27,38.6,30.0,0,0,30,12,12,LOW,1.68
2026-06-03 12:30:00,Food Court,1702,2.13,37.4,30.0,0,0,307,96,101,MODERATE,2.47
2026-06-03 12:30:00,Main Sanctum,972,3.89,37.4,30.0,0,0,528,57,47,HIGH,4.74
2026-06-03 12:30:00,North Entry Gate,1312,3.28,37.4,30.0,0,0,418,157,63,HIGH,3.36
2026-06-03 12:30:00,Parking Area,1448,0.58,37.4,30.0,0,0,31,71,84,LOW,0.73
2026-06-03 12:30:00,South Exit,887,2.53,37.4,30.0,0,0,67,24,128,MODERATE,2.25
2026-06-03 12:30:00,VIP Entrance,335,1.68,37.4,30.0,0,0,28,17,20,MODERATE,1.69
2026-06-03 13:00:00,Food Court,1973,2.47,35.5,33.5,0,0,364,109,102,MODERATE,2.4
2026-06-03 13:00:00,Main Sanctum,1184,4.74,35.5,33.5,0,0,670,63,71,CRITICAL,5.0
2026-06-03 13:00:00,North Entry Gate,1345,3.36,35.5,33.5,0,0,482,159,63,HIGH,3.63
2026-06-03 13:00:00,Parking Area,1815,0.73,35.5,33.5,0,0,38,91,92,LOW,0.7
2026-06-03 13:00:00,South Exit,786,2.25,35.5,33.5,0,0,56,17,100,MODERATE,2.83
2026-06-03 13:00:00,VIP Entrance,338,1.69,35.5,33.5,0,0,40,14,18,MODERATE,2.17
2026-06-03 13:30:00,Food Court,1919,2.4,34.6,35.1,0,0,398,110,105,MODERATE,2.38
2026-06-03 13:30:00,Main Sanctum,1249,5.0,34.6,35.1,0,0,615,58,73,CRITICAL,5.08
2026-06-03 13:30:00,North Entry Gate,1452,3.63,34.6,35.1,0,0,521,173,77,HIGH,3.39
2026-06-03 13:30:00,Parking Area,1753,0.7,34.6,35.1,0,0,33,94,74,LOW,0.82
2026-06-03 13:30:00,South Exit,991,2.83,34.6,35.1,0,0,85,27,144,MODERATE,3.28
2026-06-03 13:30:00,VIP Entrance,434,2.17,34.6,35.1,0,0,52,19,25,MODERATE,1.66
2026-06-03 14:00:00,Food Court,1907,2.38,35.8,30.8,0,0,392,92,112,MODERATE,2.4
2026-06-03 14:00:00,Main Sanctum,1269,5.08,35.8,30.8,0,0,549,51,69,CRITICAL,4.12
2026-06-03 14:00:00,North Entry Gate,1355,3.39,35.8,30.8,0,0,378,168,63,HIGH,3.05
2026-06-03 14:00:00,Parking Area,2050,0.82,35.8,30.8,0,0,44,113,112,LOW,0.65
2026-06-03 14:00:00,South Exit,1149,3.28,35.8,30.8,0,0,95,33,165,HIGH,2.85
2026-06-03 14:00:00,VIP Entrance,332,1.66,35.8,30.8,0,0,39,17,14,MODERATE,1.54
2026-06-03 14:30:00,Food Court,1923,2.4,33.6,35.8,0,0,353,90,90,MODERATE,0.73
2026-06-03 14:30:00,Main Sanctum,1030,4.12,33.6,35.8,0,0,494,58,56,HIGH,4.53
2026-06-03 14:30:00,North Entry Gate,1219,3.05,33.6,35.8,0,0,441,161,76,HIGH,3.72
2026-06-03 14:30:00,Parking Area,1621,0.65,33.6,35.8,0,0,36,89,85,LOW,0.66
2026-06-03 14:30:00,South Exit,999,2.85,33.6,35.8,0,0,82,26,145,MODERATE,2.74
2026-06-03 14:30:00,VIP Entrance,309,1.54,33.6,35.8,0,0,41,17,13,MODERATE,1.74
2026-06-03 15:00:00,Food Court,583,0.73,34.1,37.9,0,0,109,32,26,LOW,0.78
2026-06-03 15:00:00,Main Sanctum,1132,4.53,34.1,37.9,0,0,579,46,55,CRITICAL,4.25
2026-06-03 15:00:00,North Entry Gate,1487,3.72,34.1,37.9,0,0,549,185,74,HIGH,3.46
2026-06-03 15:00:00,Parking Area,1644,0.66,34.1,37.9,0,0,33,82,66,LOW,0.6
2026-06-03 15:00:00,South Exit,959,2.74,34.1,37.9,0,0,72,25,142,MODERATE,2.56
2026-06-03 15:00:00,VIP Entrance,347,1.74,34.1,37.9,0,0,45,16,20,MODERATE,1.59
2026-06-03 15:30:00,Food Court,620,0.78,32.8,39.3,0,0,101,31,31,LOW,1.09
2026-06-03 15:30:00,Main Sanctum,1063,4.25,32.8,39.3,0,0,598,48,61,HIGH,5.03
2026-06-03 15:30:00,North Entry Gate,1383,3.46,32.8,39.3,0,0,483,180,62,HIGH,4.25
2026-06-03 15:30:00,Parking Area,1488,0.6,32.8,39.3,0,0,31,75,73,LOW,0.72
2026-06-03 15:30:00,South Exit,895,2.56,32.8,39.3,0,0,63,24,118,MODERATE,3.13
2026-06-03 15:30:00,VIP Entrance,318,1.59,32.8,39.3,0,0,35,16,17,MODERATE,2.04
2026-06-03 16:00:00,Food Court,874,1.09,33.5,38.1,0,0,169,39,37,LOW,0.98
2026-06-03 16:00:00,Main Sanctum,1257,5.03,33.5,38.1,0,0,589,56,52,CRITICAL,6.5
2026-06-03 16:00:00,North Entry Gate,1702,4.25,33.5,38.1,0,0,668,187,67,HIGH,4.74
2026-06-03 16:00:00,Parking Area,1789,0.72,33.5,38.1,0,0,33,78,72,LOW,0.93
2026-06-03 16:00:00,South Exit,1097,3.13,33.5,38.1,0,0,77,26,154,HIGH,3.86
2026-06-03 16:00:00,VIP Entrance,409,2.04,33.5,38.1,0,0,52,18,23,MODERATE,2.57
2026-06-03 16:30:00,Food Court,787,0.98,30.6,51.4,0,0,174,39,33,LOW,1.07
2026-06-03 16:30:00,Main Sanctum,1624,6.5,30.6,51.4,0,0,749,68,80,CRITICAL,7.56
2026-06-03 16:30:00,North Entry Gate,1895,4.74,30.6,51.4,0,0,750,227,81,CRITICAL,6.15
2026-06-03 16:30:00,Parking Area,2324,0.93,30.6,51.4,0,0,42,108,130,LOW,1.02
2026-06-03 16:30:00,South Exit,1351,3.86,30.6,51.4,0,0,94,43,188,HIGH,4.14
2026-06-03 16:30:00,VIP Entrance,514,2.57,30.6,51.4,0,0,63,22,21,MODERATE,2.79
2026-06-03 17:00:00,Food Court,858,1.07,29.5,53.4,0,0,141,43,46,LOW,1.42
2026-06-03 17:00:00,Main Sanctum,1889,7.56,29.5,53.4,0,0,1066,113,89,CRITICAL,7.97
2026-06-03 17:00:00,North Entry Gate,2459,6.15,29.5,53.4,0,0,789,280,93,CRITICAL,5.52
2026-06-03 17:00:00,Parking Area,2560,1.02,29.5,53.4,0,0,54,116,107,LOW,1.19
2026-06-03 17:00:00,South Exit,1448,4.14,29.5,53.4,0,0,114,36,204,HIGH,4.1
2026-06-03 17:00:00,VIP Entrance,557,2.79,29.5,53.4,0,0,61,30,31,MODERATE,3.03
2026-06-03 17:30:00,Food Court,1136,1.42,29.5,48.6,0,0,222,64,62,LOW,1.25
2026-06-03 17:30:00,Main Sanctum,1992,7.97,29.5,48.6,0,0,1000,94,110,CRITICAL,7.68
2026-06-03 17:30:00,North Entry Gate,2207,5.52,29.5,48.6,0,0,691,264,87,CRITICAL,6.32
2026-06-03 17:30:00,Parking Area,2972,1.19,29.5,48.6,0,0,57,170,139,LOW,1.29
2026-06-03 17:30:00,South Exit,1436,4.1,29.5,48.6,0,0,115,38,204,HIGH,5.14
2026-06-03 17:30:00,VIP Entrance,606,3.03,29.5,48.6,0,0,71,26,32,HIGH,2.85
2026-06-03 18:00:00,Food Court,1002,1.25,30.3,50.2,0,0,203,55,55,LOW,1.65
2026-06-03 18:00:00,Main Sanctum,1921,7.68,30.3,50.2,0,0,914,101,111,CRITICAL,8.72
2026-06-03 18:00:00,North Entry Gate,2526,6.32,30.3,50.2,0,0,863,290,114,CRITICAL,6.58
2026-06-03 18:00:00,Parking Area,3222,1.29,30.3,50.2,0,0,65,170,157,LOW,1.38
2026-06-03 18:00:00,South Exit,1800,5.14,30.3,50.2,0,0,162,39,244,CRITICAL,4.99
2026-06-03 18:00:00,VIP Entrance,570,2.85,30.3,50.2,0,0,66,27,28,MODERATE,3.08
2026-06-03 18:30:00,Food Court,1322,1.65,27.1,59.1,0,0,282,69,55,MODERATE,4.96
2026-06-03 18:30:00,Main Sanctum,2180,8.72,27.1,59.1,0,0,1038,90,118,CRITICAL,7.98
2026-06-03 18:30:00,North Entry Gate,2634,6.58,27.1,59.1,0,0,856,322,141,CRITICAL,6.99
2026-06-03 18:30:00,Parking Area,3443,1.38,27.1,59.1,0,0,66,200,138,LOW,1.29
2026-06-03 18:30:00,South Exit,1748,4.99,27.1,59.1,0,0,166,41,242,CRITICAL,4.8
2026-06-03 18:30:00,VIP Entrance,615,3.08,27.1,59.1,0,0,68,35,30,HIGH,3.25
2026-06-03 19:00:00,Food Court,3967,4.96,25.4,68.9,0,0,862,193,183,CRITICAL,4.3
2026-06-03 19:00:00,Main Sanctum,1994,7.98,25.4,68.9,0,0,983,117,98,CRITICAL,7.73
2026-06-03 19:00:00,North Entry Gate,2797,6.99,25.4,68.9,0,0,977,345,160,CRITICAL,6.06
2026-06-03 19:00:00,Parking Area,3215,1.29,25.4,68.9,0,0,64,184,152,LOW,1.22
2026-06-03 19:00:00,South Exit,1680,4.8,25.4,68.9,0,0,122,42,214,CRITICAL,5.14
2026-06-03 19:00:00,VIP Entrance,651,3.25,25.4,68.9,0,0,64,39,26,HIGH,3.34
2026-06-03 19:30:00,Food Court,3443,4.3,26.0,66.1,0,0,762,205,182,HIGH,4.32
2026-06-03 19:30:00,Main Sanctum,1933,7.73,26.0,66.1,0,0,922,98,116,CRITICAL,8.53
2026-06-03 19:30:00,North Entry Gate,2425,6.06,26.0,66.1,0,0,833,292,95,CRITICAL,6.24
2026-06-03 19:30:00,Parking Area,3051,1.22,26.0,66.1,0,0,59,165,140,LOW,1.06
2026-06-03 19:30:00,South Exit,1800,5.14,26.0,66.1,0,0,150,42,259,CRITICAL,5.01
2026-06-03 19:30:00,VIP Entrance,668,3.34,26.0,66.1,0,0,73,39,35,HIGH,3.35
2026-06-03 20:00:00,Food Court,3453,4.32,24.9,60.7,0,0,687,175,173,HIGH,4.05
2026-06-03 20:00:00,Main Sanctum,2133,8.53,24.9,60.7,0,0,1005,115,100,CRITICAL,8.4
2026-06-03 20:00:00,North Entry Gate,2496,6.24,24.9,60.7,0,0,880,301,98,CRITICAL,5.11
2026-06-03 20:00:00,Parking Area,2643,1.06,24.9,60.7,0,0,59,157,120,LOW,1.29
2026-06-03 20:00:00,South Exit,1755,5.01,24.9,60.7,0,0,133,47,232,CRITICAL,4.23
2026-06-03 20:00:00,VIP Entrance,671,3.35,24.9,60.7,0,0,72,27,28,HIGH,3.02
2026-06-03 20:30:00,Food Court,3244,4.05,22.0,76.6,0,0,605,179,168,HIGH,3.47
2026-06-03 20:30:00,Main Sanctum,2100,8.4,22.0,76.6,0,0,1110,112,89,CRITICAL,6.86
2026-06-03 20:30:00,North Entry Gate,2042,5.11,22.0,76.6,0,0,790,267,124,CRITICAL,5.67
2026-06-03 20:30:00,Parking Area,3216,1.29,22.0,76.6,0,0,65,142,168,LOW,1.08
2026-06-03 20:30:00,South Exit,1482,4.23,22.0,76.6,0,0,126,45,200,HIGH,4.07
2026-06-03 20:30:00,VIP Entrance,603,3.02,22.0,76.6,0,0,66,35,27,HIGH,2.85
2026-06-03 21:00:00,Food Court,2778,3.47,21.7,78.7,0,0,572,126,129,HIGH,3.27
2026-06-03 21:00:00,Main Sanctum,1716,6.86,21.7,78.7,0,0,924,79,69,CRITICAL,6.03
2026-06-03 21:00:00,North Entry Gate,2268,5.67,21.7,78.7,0,0,826,273,117,CRITICAL,4.43
2026-06-03 21:00:00,Parking Area,2707,1.08,21.7,78.7,0,0,53,160,157,LOW,0.92
2026-06-03 21:00:00,South Exit,1425,4.07,21.7,78.7,0,0,115,33,197,HIGH,3.27
2026-06-03 21:00:00,VIP Entrance,571,2.85,21.7,78.7,0,0,73,27,28,MODERATE,2.48
2026-06-03 21:30:00,Food Court,2620,3.27,23.0,72.7,0,0,489,136,154,HIGH,0.14
2026-06-03 21:30:00,Main Sanctum,1508,6.03,23.0,72.7,0,0,765,66,75,CRITICAL,0.92
2026-06-03 21:30:00,North Entry Gate,1773,4.43,23.0,72.7,0,0,613,211,96,HIGH,0.81
2026-06-03 21:30:00,Parking Area,2296,0.92,23.0,72.7,0,0,51,129,107,LOW,0.13
2026-06-03 21:30:00,South Exit,1144,3.27,23.0,72.7,0,0,79,33,161,HIGH,0.54
2026-06-03 21:30:00,VIP Entrance,497,2.48,23.0,72.7,0,0,61,29,26,MODERATE,0.33
2026-06-03 22:00:00,Food Court,113,0.14,21.6,74.2,0,0,21,6,5,LOW,0.17
2026-06-03 22:00:00,Main Sanctum,229,0.92,21.6,74.2,0,0,111,10,11,LOW,1.04
2026-06-03 22:00:00,North Entry Gate,326,0.81,21.6,74.2,0,0,128,43,19,LOW,0.66
2026-06-03 22:00:00,Parking Area,331,0.13,21.6,74.2,0,0,6,18,15,LOW,0.15
2026-06-03 22:00:00,South Exit,190,0.54,21.6,74.2,0,0,13,5,29,LOW,0.54
2026-06-03 22:00:00,VIP Entrance,66,0.33,21.6,74.2,0,0,8,4,3,LOW,0.35
2026-06-03 22:30:00,Food Court,133,0.17,18.0,93.2,0,0,26,6,7,LOW,0.19
2026-06-03 22:30:00,Main Sanctum,259,1.04,18.0,93.2,0,0,140,13,15,LOW,1.14
2026-06-03 22:30:00,North Entry Gate,262,0.66,18.0,93.2,0,0,91,33,16,LOW,0.84
2026-06-03 22:30:00,Parking Area,366,0.15,18.0,93.2,0,0,6,17,18,LOW,0.16
2026-06-03 22:30:00,South Exit,189,0.54,18.0,93.2,0,0,16,5,28,LOW,0.7
2026-06-03 22:30:00,VIP Entrance,71,0.35,18.0,93.2,0,0,11,3,3,LOW,0.47
2026-06-03 23:00:00,Food Court,155,0.19,20.9,79.3,0,0,30,7,7,LOW,0.18
2026-06-03 23:00:00,Main Sanctum,285,1.14,20.9,79.3,0,0,167,13,12,LOW,1.13
2026-06-03 23:00:00,North Entry Gate,336,0.84,20.9,79.3,0,0,128,40,13,LOW,0.89
2026-06-03 23:00:00,Parking Area,401,0.16,20.9,79.3,0,0,9,21,21,LOW,0.16
2026-06-03 23:00:00,South Exit,244,0.7,20.9,79.3,0,0,19,8,37,LOW,0.67
2026-06-03 23:00:00,VIP Entrance,94,0.47,20.9,79.3,0,0,14,5,4,LOW,0.44
2026-06-03 23:30:00,Food Court,146,0.18,21.2,82.3,0,0,31,8,9,LOW,0.2
2026-06-03 23:30:00,Main Sanctum,282,1.13,21.2,82.3,0,0,146,16,12,LOW,1.23
2026-06-03 23:30:00,North Entry Gate,357,0.89,21.2,82.3,0,0,140,43,21,LOW,0.94
2026-06-03 23:30:00,Parking Area,408,0.16,21.2,82.3,0,0,9,22,20,LOW,0.18
2026-06-03 23:30:00,South Exit,234,0.67,21.2,82.3,0,0,18,6,36,LOW,0.59
2026-06-03 23:30:00,VIP Entrance,88,0.44,21.2,82.3,0,0,15,5,4,LOW,0.42
2026-06-04 00:00:00,Food Court,156,0.2,19.0,87.1,0,0,44,7,7,LOW,0.17
2026-06-04 00:00:00,Main Sanctum,307,1.23,19.0,87.1,0,0,132,16,14,LOW,1.09
2026-06-04 00:00:00,North Entry Gate,376,0.94,19.0,87.1,0,0,136,41,16,LOW,0.88
2026-06-04 00:00:00,Parking Area,457,0.18,19.0,87.1,0,0,11,21,25,LOW,0.15
2026-06-04 00:00:00,South Exit,206,0.59,19.0,87.1,0,0,16,5,28,LOW,0.68
2026-06-04 00:00:00,VIP Entrance,85,0.42,19.0,87.1,0,0,10,4,4,LOW,0.46
2026-06-04 00:30:00,Food Court,134,0.17,20.9,78.7,0,0,26,7,7,LOW,0.17
2026-06-04 00:30:00,Main Sanctum,272,1.09,20.9,78.7,0,0,141,16,11,LOW,1.02
2026-06-04 00:30:00,North Entry Gate,353,0.88,20.9,78.7,0,0,123,47,15,LOW,0.82
2026-06-04 00:30:00,Parking Area,382,0.15,20.9,78.7,0,0,8,21,22,LOW,0.14
2026-06-04 00:30:00,South Exit,238,0.68,20.9,78.7,0,0,20,7,30,LOW,0.64
2026-06-04 00:30:00,VIP Entrance,91,0.46,20.9,78.7,0,0,12,4,5,LOW,0.4
2026-06-04 01:00:00,Food Court,139,0.17,22.5,70.8,0,0,23,7,7,LOW,0.2
2026-06-04 01:00:00,Main Sanctum,254,1.02,22.5,70.8,0,0,105,14,12,LOW,1.04
2026-06-04 01:00:00,North Entry Gate,328,0.82,22.5,70.8,0,0,109,40,16,LOW,0.69
2026-06-04 01:00:00,Parking Area,339,0.14,22.5,70.8,0,0,7,20,15,LOW,0.16
2026-06-04 01:00:00,South Exit,225,0.64,22.5,70.8,0,0,14,5,31,LOW,0.55
2026-06-04 01:00:00,VIP Entrance,79,0.4,22.5,70.8,0,0,8,4,4,LOW,0.37
2026-06-04 01:30:00,Food Court,160,0.2,21.1,76.6,0,0,23,7,8,LOW,0.15
2026-06-04 01:30:00,Main Sanctum,259,1.04,21.1,76.6,0,0,118,15,12,LOW,1.0
2026-06-04 01:30:00,North Entry Gate,278,0.69,21.1,76.6,0,0,94,31,10,LOW,0.74
2026-06-04 01:30:00,Parking Area,392,0.16,21.1,76.6,0,0,9,23,23,LOW,0.12
2026-06-04 01:30:00,South Exit,192,0.55,21.1,76.6,0,0,15,4,26,LOW,0.52
2026-06-04 01:30:00,VIP Entrance,74,0.37,21.1,76.6,0,0,11,4,4,LOW,0.31
2026-06-04 02:00:00,Food Court,119,0.15,20.3,78.4,0,0,23,7,7,LOW,0.11
2026-06-04 02:00:00,Main Sanctum,250,1.0,20.3,78.4,0,0,145,14,13,LOW,0.69
2026-06-04 02:00:00,North Entry Gate,296,0.74,20.3,78.4,0,0,116,35,16,LOW,0.56
2026-06-04 02:00:00,Parking Area,307,0.12,20.3,78.4,0,0,6,13,16,LOW,0.1
2026-06-04 02:00:00,South Exit,181,0.52,20.3,78.4,0,0,17,4,23,LOW,0.47
2026-06-04 02:00:00,VIP Entrance,62,0.31,20.3,78.4,0,0,10,3,3,LOW,0.26
2026-06-04 02:30:00,Food Court,87,0.11,21.0,73.4,0,0,19,4,5,LOW,0.1
2026-06-04 02:30:00,Main Sanctum,173,0.69,21.0,73.4,0,0,90,9,9,LOW,0.58
2026-06-04 02:30:00,North Entry Gate,225,0.56,21.0,73.4,0,0,79,28,9,LOW,0.52
2026-06-04 02:30:00,Parking Area,262,0.1,21.0,73.4,0,0,8,12,11,LOW,0.1
2026-06-04 02:30:00,South Exit,164,0.47,21.0,73.4,0,0,14,5,25,LOW,0.33
2026-06-04 02:30:00,VIP Entrance,52,0.26,21.0,73.4,0,0,9,2,3,LOW,0.23
2026-06-04 03:00:00,Food Court,83,0.1,22.4,74.8,0,0,15,4,5,LOW,0.07
2026-06-04 03:00:00,Main Sanctum,146,0.58,22.4,74.8,0,0,77,9,7,LOW,0.41
2026-06-04 03:00:00,North Entry Gate,208,0.52,22.4,74.8,0,0,68,24,10,LOW,0.34
2026-06-04 03:00:00,Parking Area,251,0.1,22.4,74.8,0,0,4,15,13,LOW,0.07
2026-06-04 03:00:00,South Exit,115,0.33,22.4,74.8,0,0,6,3,15,LOW,0.3
2026-06-04 03:00:00,VIP Entrance,46,0.23,22.4,74.8,0,0,6,2,2,LOW,0.19
2026-06-04 03:30:00,Food Court,54,0.07,23.6,73.9,0,0,12,3,3,LOW,0.05
2026-06-04 03:30:00,Main Sanctum,102,0.41,23.6,73.9,0,0,48,6,6,LOW,0.3
2026-06-04 03:30:00,North Entry Gate,138,0.34,23.6,73.9,0,0,46,16,6,LOW,0.23
2026-06-04 03:30:00,Parking Area,168,0.07,23.6,73.9,0,0,8,7,10,LOW,0.04
2026-06-04 03:30:00,South Exit,104,0.3,23.6,73.9,0,0,10,3,14,LOW,0.17
2026-06-04 03:30:00,VIP Entrance,38,0.19,23.6,73.9,0,0,5,2,2,LOW,0.12
2026-06-04 04:00:00,Food Court,40,0.05,24.1,66.8,0,0,10,2,2,LOW,0.03
2026-06-04 04:00:00,Main Sanctum,75,0.3,24.1,66.8,0,0,44,4,3,LOW,0.19
2026-06-04 04:00:00,North Entry Gate,94,0.23,24.1,66.8,0,0,30,12,6,LOW,0.14
2026-06-04 04:00:00,Parking Area,104,0.04,24.1,66.8,0,0,3,5,5,LOW,0.03
2026-06-04 04:00:00,South Exit,59,0.17,24.1,66.8,0,0,7,2,9,LOW,0.1
2026-06-04 04:00:00,VIP Entrance,25,0.12,24.1,66.8,0,0,3,2,2,LOW,0.07
2026-06-04 04:30:00,Food Court,25,0.03,25.5,70.0,0,0,1,2,2,LOW,0.8
2026-06-04 04:30:00,Main Sanctum,48,0.19,25.5,70.0,0,0,22,2,2,LOW,5.84
2026-06-04 04:30:00,North Entry Gate,54,0.14,25.5,70.0,0,0,23,6,2,LOW,3.62
2026-06-04 04:30:00,Parking Area,70,0.03,25.5,70.0,0,0,3,4,3,LOW,0.71
2026-06-04 04:30:00,South Exit,34,0.1,25.5,70.0,0,0,2,1,5,LOW,3.06
2026-06-04 04:30:00,VIP Entrance,15,0.07,25.5,70.0,0,0,1,2,2,LOW,1.95
2026-06-04 05:00:00,Food Court,640,0.8,25.8,57.9,0,0,153,29,33,LOW,1.08
2026-06-04 05:00:00,Main Sanctum,1461,5.84,25.8,57.9,0,0,811,70,86,CRITICAL,6.15
2026-06-04 05:00:00,North Entry Gate,1448,3.62,25.8,57.9,0,0,550,173,57,HIGH,4.04
2026-06-04 05:00:00,Parking Area,1778,0.71,25.8,57.9,0,0,38,76,107,LOW,0.85
2026-06-04 05:00:00,South Exit,1072,3.06,25.8,57.9,0,0,92,28,156,HIGH,3.54
2026-06-04 05:00:00,VIP Entrance,390,1.95,25.8,57.9,0,0,44,20,16,MODERATE,2.33
2026-06-04 05:30:00,Food Court,865,1.08,27.2,61.6,0,0,186,45,44,LOW,1.13
2026-06-04 05:30:00,Main Sanctum,1538,6.15,27.2,61.6,0,0,796,91,76,CRITICAL,7.06
2026-06-04 05:30:00,North Entry Gate,1617,4.04,27.2,61.6,0,0,609,201,96,HIGH,4.96
2026-06-04 05:30:00,Parking Area,2137,0.85,27.2,61.6,0,0,36,120,109,LOW,1.04
2026-06-04 05:30:00,South Exit,1238,3.54,27.2,61.6,0,0,104,30,168,HIGH,3.71
2026-06-04 05:30:00,VIP Entrance,466,2.33,27.2,61.6,0,0,61,25,22,MODERATE,2.16
2026-06-04 06:00:00,Food Court,904,1.13,29.2,57.4,0,0,181,47,54,LOW,1.14
2026-06-04 06:00:00,Main Sanctum,1765,7.06,29.2,57.4,0,0,880,76,80,CRITICAL,7.15
2026-06-04 06:00:00,North Entry Gate,1986,4.96,29.2,57.4,0,0,690,220,80,CRITICAL,5.46
2026-06-04 06:00:00,Parking Area,2590,1.04,29.2,57.4,0,0,51,125,111,LOW,1.05
2026-06-04 06:00:00,South Exit,1300,3.71,29.2,57.4,0,0,100,33,172,HIGH,4.51
2026-06-04 06:00:00,VIP Entrance,432,2.16,29.2,57.4,0,0,57,22,20,MODERATE,2.52
2026-06-04 06:30:00,Food Court,912,1.14,27.8,56.0,0,0,186,43,52,LOW,1.31
2026-06-04 06:30:00,Main Sanctum,1787,7.15,27.8,56.0,0,0,982,98,79,CRITICAL,7.42
2026-06-04 06:30:00,North Entry Gate,2186,5.46,27.8,56.0,0,0,748,247,114,CRITICAL,5.22
2026-06-04 06:30:00,Parking Area,2623,1.05,27.8,56.0,0,0,54,153,143,LOW,1.09
2026-06-04 06:30:00,South Exit,1577,4.51,27.8,56.0,0,0,129,45,226,CRITICAL,3.83
2026-06-04 06:30:00,VIP Entrance,503,2.52,27.8,56.0,0,0,59,23,22,MODERATE,3.14
2026-06-04 07:00:00,Food Court,1048,1.31,30.2,48.8,0,0,202,54,55,LOW,1.1
2026-06-04 07:00:00,Main Sanctum,1856,7.42,30.2,48.8,0,0,970,87,94,CRITICAL,6.52
2026-06-04 07:00:00,North Entry Gate,2088,5.22,30.2,48.8,0,0,731,261,110,CRITICAL,5.95
2026-06-04 07:00:00,Parking Area,2732,1.09,30.2,48.8,0,0,44,125,123,LOW,1.22
2026-06-04 07:00:00,South Exit,1342,3.83,30.2,48.8,0,0,116,43,197,HIGH,4.35
2026-06-04 07:00:00,VIP Entrance,628,3.14,30.2,48.8,0,0,68,28,35,HIGH,2.73
2026-06-04 07:30:00,Food Court,882,1.1,31.2,49.5,0,0,163,48,40,LOW,1.35
2026-06-04 07:30:00,Main Sanctum,1630,6.52,31.2,49.5,0,0,981,71,86,CRITICAL,7.85
2026-06-04 07:30:00,North Entry Gate,2378,5.95,31.2,49.5,0,0,765,276,121,CRITICAL,5.78
2026-06-04 07:30:00,Parking Area,3046,1.22,31.2,49.5,0,0,62,175,152,LOW,1.13
2026-06-04 07:30:00,South Exit,1524,4.35,31.2,49.5,0,0,115,46,232,HIGH,4.57
2026-06-04 07:30:00,VIP Entrance,545,2.73,31.2,49.5,0,0,57,24,29,MODERATE,2.6
2026-06-04 08:00:00,Food Court,1084,1.35,33.1,42.2,0,0,208,55,58,LOW,1.53
2026-06-04 08:00:00,Main Sanctum,1963,7.85,33.1,42.2,0,0,1071,100,116,CRITICAL,7.87
2026-06-04 08:00:00,North Entry Gate,2312,5.78,33.1,42.2,0,0,1002,271,126,CRITICAL,7.03
2026-06-04 08:00:00,Parking Area,2823,1.13,33.1,42.2,0,0,60,118,147,LOW,1.19
2026-06-04 08:00:00,South Exit,1599,4.57,33.1,42.2,0,0,109,40,223,CRITICAL,4.65
2026-06-04 08:00:00,VIP Entrance,520,2.6,33.1,42.2,0,0,74,23,24,MODERATE,2.87
2026-06-04 08:30:00,Food Court,1226,1.53,32.6,36.2,0,0,223,55,64,MODERATE,1.47
2026-06-04 08:30:00,Main Sanctum,1967,7.87,32.6,36.2,0,0,927,108,96,CRITICAL,7.75
2026-06-04 08:30:00,North Entry Gate,2812,7.03,32.6,36.2,0,0,1018,356,158,CRITICAL,5.55
2026-06-04 08:30:00,Parking Area,2982,1.19,32.6,36.2,0,0,55,156,135,LOW,1.23
2026-06-04 08:30:00,South Exit,1626,4.65,32.6,36.2,0,0,147,58,247,CRITICAL,4.76
2026-06-04 08:30:00,VIP Entrance,573,2.87,32.6,36.2,0,0,71,29,26,MODERATE,2.94
2026-06-04 09:00:00,Food Court,1179,1.47,34.4,34.3,0,0,225,54,49,LOW,1.37
2026-06-04 09:00:00,Main Sanctum,1938,7.75,34.4,34.3,0,0,837,93,94,CRITICAL,8.92
2026-06-04 09:00:00,North Entry Gate,2220,5.55,34.4,34.3,0,0,824,287,112,CRITICAL,6.2
2026-06-04 09:00:00,Parking Area,3077,1.23,34.4,34.3,0,0,72,145,173,LOW,0.94
2026-06-04 09:00:00,South Exit,1666,4.76,34.4,34.3,0,0,167,36,217,CRITICAL,4.54
2026-06-04 09:00:00,VIP Entrance,587,2.94,34.4,34.3,0,0,75,33,27,MODERATE,2.67
2026-06-04 09:30:00,Food Court,1093,1.37,35.7,32.9,0,0,206,61,53,LOW,1.15
2026-06-04 09:30:00,Main Sanctum,2230,8.92,35.7,32.9,0,0,1259,113,128,CRITICAL,7.1
2026-06-04 09:30:00,North Entry Gate,2479,6.2,35.7,32.9,0,0,897,270,122,CRITICAL,6.09
2026-06-04 09:30:00,Parking Area,2339,0.94,35.7,32.9,0,0,50,107,125,LOW,0.85
2026-06-04 09:30:00,South Exit,1588,4.54,35.7,32.9,0,0,134,40,201,CRITICAL,3.92
2026-06-04 09:30:00,VIP Entrance,533,2.67,35.7,32.9,0,0,58,26,29,MODERATE,3.08
2026-06-04 10:00:00,Food Court,917,1.15,32.7,37.8,0,0,198,45,48,LOW,1.32
2026-06-04 10:00:00,Main Sanctum,1776,7.1,32.7,37.8,0,0,763,101,99,CRITICAL,6.31
2026-06-04 10:00:00,North Entry Gate,2438,6.09,32.7,37.8,0,0,717,286,105,CRITICAL,5.17
2026-06-04 10:00:00,Parking Area,2129,0.85,32.7,37.8,0,0,42,94,91,LOW,1.12
2026-06-04 10:00:00,South Exit,1372,3.92,32.7,37.8,0,0,101,34,182,HIGH,3.61
2026-06-04 10:00:00,VIP Entrance,616,3.08,32.7,37.8,0,0,77,25,31,HIGH,2.62
2026-06-04 10:30:00,Food Court,1056,1.32,36.8,30.0,0,0,202,63,58,LOW,0.99
2026-06-04 10:30:00,Main Sanctum,1578,6.31,36.8,30.0,0,0,767,84,85,CRITICAL,7.56
2026-06-04 10:30:00,North Entry Gate,2070,5.17,36.8,30.0,0,0,808,224,72,CRITICAL,4.53
2026-06-04 10:30:00,Parking Area,2808,1.12,36.8,30.0,0,0,58,154,162,LOW,0.97
2026-06-04 10:30:00,South Exit,1264,3.61,36.8,30.0,0,0,99,42,186,HIGH,3.4
2026-06-04 10:30:00,VIP Entrance,523,2.62,36.8,30.0,0,0,56,27,23,MODERATE,2.11
2026-06-04 11:00:00,Food Court,793,0.99,34.5,32.5,0,0,163,38,40,LOW,0.88
2026-06-04 11:00:00,Main Sanctum,1889,7.56,34.5,32.5,0,0,1099,95,99,CRITICAL,5.97
2026-06-04 11:00:00,North Entry Gate,1813,4.53,34.5,32.5,0,0,631,222,92,CRITICAL,3.67
2026-06-04 11:00:00,Parking Area,2430,0.97,34.5,32.5,0,0,46,136,105,LOW,0.91
2026-06-04 11:00:00,South Exit,1190,3.4,34.5,32.5,0,0,86,37,167,HIGH,3.82
2026-06-04 11:00:00,VIP Entrance,422,2.11,34.5,32.5,0,0,54,20,23,MODERATE,2.37
2026-06-04 11:30:00,Food Court,706,0.88,34.6,35.1,0,0,145,30,29,LOW,1.82
2026-06-04 11:30:00,Main Sanctum,1493,5.97,34.6,35.1,0,0,697,67,67,CRITICAL,4.24
2026-06-04 11:30:00,North Entry Gate,1468,3.67,34.6,35.1,0,0,587,170,58,HIGH,3.17
2026-06-04 11:30:00,Parking Area,2285,0.91,34.6,35.1,0,0,48,135,129,LOW,0.58
2026-06-04 11:30:00,South Exit,1338,3.82,34.6,35.1,0,0,119,37,182,HIGH,2.09
2026-06-04 11:30:00,VIP Entrance,473,2.37,34.6,35.1,0,0,60,24,19,MODERATE,1.58
2026-06-04 12:00:00,Food Court,1454,1.82,32.5,41.5,0,0,244,61,78,MODERATE,1.93
2026-06-04 12:00:00,Main Sanctum,1060,4.24,32.5,41.5,0,0,574,47,44,HIGH,4.33
2026-06-04 12:00:00,North Entry Gate,1270,3.17,32.5,41.5,0,0,447,155,70,HIGH,3.25
2026-06-04 12:00:00,Parking Area,1460,0.58,32.5,41.5,0,0,32,68,86,LOW,0.65
2026-06-04 12:00:00,South Exit,732,2.09,32.5,41.5,0,0,59,21,112,MODERATE,2.07
2026-06-04 12:00:00,VIP Entrance,316,1.58,32.5,41.5,0,0,32,16,17,MODERATE,1.54
2026-06-04 12:30:00,Food Court,1546,1.93,35.0,36.1,0,0,353,69,89,MODERATE,2.7
2026-06-04 12:30:00,Main Sanctum,1083,4.33,35.0,36.1,0,0,435,52,62,HIGH,5.16
2026-06-04 12:30:00,North Entry Gate,1302,3.25,35.0,36.1,0,0,532,151,69,HIGH,3.11
2026-06-04 12:30:00,Parking Area,1617,0.65,35.0,36.1,0,0,29,88,97,LOW,0.75
2026-06-04 12:30:00,South Exit,725,2.07,35.0,36.1,0,0,51,22,105,MODERATE,2.57
2026-06-04 12:30:00,VIP Entrance,308,1.54,35.0,36.1,0,0,39,14,17,MODERATE,1.78
2026-06-04 13:00:00,Food Court,2163,2.7,35.7,32.6,0,0,423,109,107,MODERATE,2.44
2026-06-04 13:00:00,Main Sanctum,1289,5.16,35.7,32.6,0,0,612,60,60,CRITICAL,5.06
2026-06-04 13:00:00,North Entry Gate,1245,3.11,35.7,32.6,0,0,388,139,50,HIGH,3.61
2026-06-04 13:00:00,Parking Area,1871,0.75,35.7,32.6,0,0,38,75,110,LOW,0.76
2026-06-04 13:00:00,South Exit,900,2.57,35.7,32.6,0,0,59,23,118,MODERATE,2.56
2026-06-04 13:00:00,VIP Entrance,356,1.78,35.7,32.6,0,0,46,18,15,MODERATE,1.83
2026-06-04 13:30:00,Food Court,1951,2.44,34.9,36.8,0,0,414,93,108,MODERATE,2.27
2026-06-04 13:30:00,Main Sanctum,1264,5.06,34.9,36.8,0,0,659,66,70,CRITICAL,5.57
2026-06-04 13:30:00,North Entry Gate,1443,3.61,34.9,36.8,0,0,493,174,69,HIGH,3.55
2026-06-04 13:30:00,Parking Area,1889,0.76,34.9,36.8,0,0,37,78,78,LOW,0.68
2026-06-04 13:30:00,South Exit,896,2.56,34.9,36.8,0,0,81,27,120,MODERATE,2.89
2026-06-04 13:30:00,VIP Entrance,366,1.83,34.9,36.8,0,0,53,15,21,MODERATE,1.9
2026-06-04 14:00:00,Food Court,1820,2.27,34.4,38.0,0,0,402,94,92,MODERATE,2.22
2026-06-04 14:00:00,Main Sanctum,1393,5.57,34.4,38.0,0,0,741,66,64,CRITICAL,4.85
2026-06-04 14:00:00,North Entry Gate,1420,3.55,34.4,38.0,0,0,507,182,84,HIGH,3.65
2026-06-04 14:00:00,Parking Area,1711,0.68,34.4,38.0,0,0,34,88,82,LOW,0.81
2026-06-04 14:00:00,South Exit,1013,2.89,34.4,38.0,0,0,84,29,146,MODERATE,2.75
2026-06-04 14:00:00,VIP Entrance,379,1.9,34.4,38.0,0,0,44,16,21,MODERATE,1.92
2026-06-04 14:30:00,Food Court,1775,2.22,33.0,44.1,0,0,348,74,91,MODERATE,0.72
2026-06-04 14:30:00,Main Sanctum,1213,4.85,33.0,44.1,0,0,656,59,56,CRITICAL,5.22
2026-06-04 14:30:00,North Entry Gate,1458,3.65,33.0,44.1,0,0,500,161,64,HIGH,3.01
2026-06-04 14:30:00,Parking Area,2025,0.81,33.0,44.1,0,0,38,118,115,LOW,0.74
2026-06-04 14:30:00,South Exit,961,2.75,33.0,44.1,0,0,59,31,130,MODERATE,2.83
2026-06-04 14:30:00,VIP Entrance,383,1.92,33.0,44.1,0,0,48,18,17,MODERATE,1.96
2026-06-04 15:00:00,Food Court,574,0.72,34.7,38.5,0,0,120,33,28,LOW,0.71
2026-06-04 15:00:00,Main Sanctum,1306,5.22,34.7,38.5,0,0,658,61,61,CRITICAL,3.76
2026-06-04 15:00:00,North Entry Gate,1204,3.01,34.7,38.5,0,0,369,134,57,HIGH,2.95
2026-06-04 15:00:00,Parking Area,1848,0.74,34.7,38.5,0,0,36,104,87,LOW,0.73
2026-06-04 15:00:00,South Exit,990,2.83,34.7,38.5,0,0,79,28,126,MODERATE,2.23
2026-06-04 15:00:00,VIP Entrance,392,1.96,34.7,38.5,0,0,45,22,18,MODERATE,1.67
2026-06-04 15:30:00,Food Court,570,0.71,34.0,40.3,0,0,118,31,26,LOW,0.93
2026-06-04 15:30:00,Main Sanctum,940,3.76,34.0,40.3,0,0,415,53,40,HIGH,5.33
2026-06-04 15:30:00,North Entry Gate,1180,2.95,34.0,40.3,0,0,480,138,59,MODERATE,4.44
2026-06-04 15:30:00,Parking Area,1815,0.73,34.0,40.3,0,0,39,73,74,LOW,0.86
2026-06-04 15:30:00,South Exit,782,2.23,34.0,40.3,0,0,68,17,99,MODERATE,3.09
2026-06-04 15:30:00,VIP Entrance,334,1.67,34.0,40.3,0,0,43,16,14,MODERATE,1.8
2026-06-04 16:00:00,Food Court,746,0.93,32.5,51.8,0,0,133,42,34,LOW,0.93
2026-06-04 16:00:00,Main Sanctum,1332,5.33,32.5,51.8,0,0,718,70,65,CRITICAL,7.45
2026-06-04 16:00:00,North Entry Gate,1777,4.44,32.5,51.8,0,0,712,192,62,HIGH,5.66
2026-06-04 16:00:00,Parking Area,2139,0.86,32.5,51.8,0,0,41,119,120,LOW,0.95
2026-06-04 16:00:00,South Exit,1083,3.09,32.5,51.8,0,0,92,31,154,HIGH,3.26
2026-06-04 16:00:00,VIP Entrance,361,1.8,32.5,51.8,0,0,42,18,21,MODERATE,2.06
2026-06-04 16:30:00,Food Court,740,0.93,28.8,54.6,0,0,143,30,38,LOW,1.15
2026-06-04 16:30:00,Main Sanctum,1863,7.45,28.8,54.6,0,0,843,91,87,CRITICAL,6.56
2026-06-04 16:30:00,North Entry Gate,2264,5.66,28.8,54.6,0,0,654,266,105,CRITICAL,6.11
2026-06-04 16:30:00,Parking Area,2377,0.95,28.8,54.6,0,0,48,107,114,LOW,1.06
2026-06-04 16:30:00,South Exit,1142,3.26,28.8,54.6,0,0,86,35,173,HIGH,4.07
2026-06-04 16:30:00,VIP Entrance,412,2.06,28.8,54.6,0,0,50,17,25,MODERATE,2.56
2026-06-04 17:00:00,Food Court,920,1.15,32.8,49.4,0,0,203,43,37,LOW,1.27
2026-06-04 17:00:00,Main Sanctum,1641,6.56,32.8,49.4,0,0,725,93,87,CRITICAL,7.84
2026-06-04 17:00:00,North Entry Gate,2442,6.11,32.8,49.4,0,0,845,290,95,CRITICAL,6.09
2026-06-04 17:00:00,Parking Area,2647,1.06,32.8,49.4,0,0,52,142,114,LOW,1.26
2026-06-04 17:00:00,South Exit,1423,4.07,32.8,49.4,0,0,91,42,206,HIGH,4.53
2026-06-04 17:00:00,VIP Entrance,512,2.56,32.8,49.4,0,0,64,28,26,MODERATE,2.95
2026-06-04 17:30:00,Food Court,1013,1.27,29.2,53.6,0,0,204,53,53,LOW,1.46
2026-06-04 17:30:00,Main Sanctum,1960,7.84,29.2,53.6,0,0,904,85,108,CRITICAL,8.55
2026-06-04 17:30:00,North Entry Gate,2436,6.09,29.2,53.6,0,0,971,268,119,CRITICAL,5.67
2026-06-04 17:30:00,Parking Area,3152,1.26,29.2,53.6,0,0,68,167,156,LOW,0.96
2026-06-04 17:30:00,South Exit,1587,4.53,29.2,53.6,0,0,138,49,223,CRITICAL,5.17
2026-06-04 17:30:00,VIP Entrance,590,2.95,29.2,53.6,0,0,78,25,27,MODERATE,3.01
2026-06-04 18:00:00,Food Court,1164,1.46,28.6,54.0,0,0,220,53,68,LOW,1.43
2026-06-04 18:00:00,Main Sanctum,2138,8.55,28.6,54.0,0,0,1352,99,117,CRITICAL,8.58
2026-06-04 18:00:00,North Entry Gate,2268,5.67,28.6,54.0,0,0,851,260,117,CRITICAL,6.21
2026-06-04 18:00:00,Parking Area,2412,0.96,28.6,54.0,0,0,48,126,127,LOW,1.33
2026-06-04 18:00:00,South Exit,1808,5.17,28.6,54.0,0,0,132,53,231,CRITICAL,4.85
2026-06-04 18:00:00,VIP Entrance,602,3.01,28.6,54.0,0,0,80,34,28,HIGH,3.5
2026-06-04 18:30:00,Food Court,1143,1.43,25.2,63.3,0,0,241,51,56,LOW,4.63
2026-06-04 18:30:00,Main Sanctum,2146,8.58,25.2,63.3,0,0,860,106,106,CRITICAL,9.25
2026-06-04 18:30:00,North Entry Gate,2484,6.21,25.2,63.3,0,0,1048,292,109,CRITICAL,6.55
2026-06-04 18:30:00,Parking Area,3337,1.33,25.2,63.3,0,0,64,184,188,LOW,1.32
2026-06-04 18:30:00,South Exit,1698,4.85,25.2,63.3,0,0,132,53,226,CRITICAL,4.92
2026-06-04 18:30:00,VIP Entrance,699,3.5,25.2,63.3,0,0,76,37,40,HIGH,3.88
2026-06-04 19:00:00,Food Court,3706,4.63,25.9,66.8,0,0,744,167,212,CRITICAL,4.83
2026-06-04 19:00:00,Main Sanctum,2312,9.25,25.9,66.8,0,0,1143,134,133,CRITICAL,8.09
2026-06-04 19:00:00,North Entry Gate,2622,6.55,25.9,66.8,0,0,745,311,137,CRITICAL,6.83
2026-06-04 19:00:00,Parking Area,3307,1.32,25.9,66.8,0,0,64,197,161,LOW,1.59
2026-06-04 19:00:00,South Exit,1722,4.92,25.9,66.8,0,0,140,37,222,CRITICAL,5.61
2026-06-04 19:00:00,VIP Entrance,777,3.88,25.9,66.8,0,0,107,36,40,HIGH,2.88
2026-06-04 19:30:00,Food Court,3866,4.83,25.4,68.7,0,0,756,227,203,CRITICAL,4.26
2026-06-04 19:30:00,Main Sanctum,2022,8.09,25.4,68.7,0,0,1062,111,120,CRITICAL,8.18
2026-06-04 19:30:00,North Entry Gate,2734,6.83,25.4,68.7,0,0,925,319,109,CRITICAL,6.78
2026-06-04 19:30:00,Parking Area,3979,1.59,25.4,68.7,0,0,67,173,185,MODERATE,1.28
2026-06-04 19:30:00,South Exit,1963,5.61,25.4,68.7,0,0,170,48,293,CRITICAL,5.14
2026-06-04 19:30:00,VIP Entrance,576,2.88,25.4,68.7,0,0,65,34,34,MODERATE,2.65
2026-06-04 20:00:00,Food Court,3411,4.26,23.8,70.4,0,0,753,193,195,HIGH,3.63
2026-06-04 20:00:00,Main Sanctum,2045,8.18,23.8,70.4,0,0,1040,84,100,CRITICAL,7.05
2026-06-04 20:00:00,North Entry Gate,2712,6.78,23.8,70.4,0,0,897,320,119,CRITICAL,5.98
2026-06-04 20:00:00,Parking Area,3192,1.28,23.8,70.4,0,0,60,155,176,LOW,1.17
2026-06-04 20:00:00,South Exit,1800,5.14,23.8,70.4,0,0,142,40,233,CRITICAL,3.98
2026-06-04 20:00:00,VIP Entrance,529,2.65,23.8,70.4,0,0,68,31,27,MODERATE,2.73
2026-06-04 20:30:00,Food Court,2906,3.63,24.2,70.8,0,0,563,142,161,HIGH,4.09
2026-06-04 20:30:00,Main Sanctum,1763,7.05,24.2,70.8,0,0,997,105,99,CRITICAL,7.54
2026-06-04 20:30:00,North Entry Gate,2393,5.98,24.2,70.8,0,0,791,292,135,CRITICAL,5.64
2026-06-04 20:30:00,Parking Area,2920,1.17,24.2,70.8,0,0,57,158,145,LOW,1.19
2026-06-04 20:30:00,South Exit,1393,3.98,24.2,70.8,0,0,121,41,190,HIGH,4.17
2026-06-04 20:30:00,VIP Entrance,546,2.73,24.2,70.8,0,0,67,25,31,MODERATE,2.75
2026-06-04 21:00:00,Food Court,3273,4.09,23.9,64.5,0,0,723,182,167,HIGH,3.07
2026-06-04 21:00:00,Main Sanctum,1885,7.54,23.9,64.5,0,0,1014,100,84,CRITICAL,5.79
2026-06-04 21:00:00,North Entry Gate,2256,5.64,23.9,64.5,0,0,681,265,94,CRITICAL,4.44
2026-06-04 21:00:00,Parking Area,2979,1.19,23.9,64.5,0,0,60,140,144,LOW,0.82
2026-06-04 21:00:00,South Exit,1459,4.17,23.9,64.5,0,0,106,36,206,HIGH,3.69
2026-06-04 21:00:00,VIP Entrance,550,2.75,23.9,64.5,0,0,62,24,30,MODERATE,2.63
2026-06-04 21:30:00,Food Court,2453,3.07,20.0,75.4,0,0,466,116,110,HIGH,0.16
2026-06-04 21:30:00,Main Sanctum,1448,5.79,20.0,75.4,0,0,692,79,62,CRITICAL,0.99
2026-06-04 21:30:00,North Entry Gate,1775,4.44,20.0,75.4,0,0,669,203,86,HIGH,0.69
2026-06-04 21:30:00,Parking Area,2046,0.82,20.0,75.4,0,0,42,99,94,LOW,0.12
2026-06-04 21:30:00,South Exit,1291,3.69,20.0,75.4,0,0,115,36,166,HIGH,0.57
2026-06-04 21:30:00,VIP Entrance,526,2.63,20.0,75.4,0,0,70,26,29,MODERATE,0.28
2026-06-04 22:00:00,Food Court,126,0.16,22.1,77.4,0,0,17,7,6,LOW,0.18
2026-06-04 22:00:00,Main Sanctum,248,0.99,22.1,77.4,0,0,113,10,11,LOW,1.09
2026-06-04 22:00:00,North Entry Gate,276,0.69,22.1,77.4,0,0,108,34,12,LOW,0.65
2026-06-04 22:00:00,Parking Area,307,0.12,22.1,77.4,0,0,8,16,13,LOW,0.14
2026-06-04 22:00:00,South Exit,200,0.57,22.1,77.4,0,0,20,7,29,LOW,0.6
2026-06-04 22:00:00,VIP Entrance,56,0.28,22.1,77.4,0,0,7,2,2,LOW,0.42
2026-06-04 22:30:00,Food Court,142,0.18,21.1,76.3,0,0,30,6,6,LOW,0.19
2026-06-04 22:30:00,Main Sanctum,272,1.09,21.1,76.3,0,0,142,13,12,LOW,1.17
2026-06-04 22:30:00,North Entry Gate,259,0.65,21.1,76.3,0,0,83,31,11,LOW,0.82
2026-06-04 22:30:00,Parking Area,355,0.14,21.1,76.3,0,0,8,18,18,LOW,0.17
2026-06-04 22:30:00,South Exit,209,0.6,21.1,76.3,0,0,15,5,29,LOW,0.62
2026-06-04 22:30:00,VIP Entrance,85,0.42,21.1,76.3,0,0,10,5,4,LOW,0.46
2026-06-04 23:00:00,Food Court,155,0.19,20.3,81.3,0,0,34,6,9,LOW,0.21
2026-06-04 23:00:00,Main Sanctum,293,1.17,20.3,81.3,0,0,153,16,13,LOW,1.18
2026-06-04 23:00:00,North Entry Gate,329,0.82,20.3,81.3,0,0,132,41,19,LOW,0.81
2026-06-04 23:00:00,Parking Area,419,0.17,20.3,81.3,0,0,12,18,19,LOW,0.18
2026-06-04 23:00:00,South Exit,216,0.62,20.3,81.3,0,0,18,6,33,LOW,0.68
2026-06-04 23:00:00,VIP Entrance,91,0.46,20.3,81.3,0,0,11,5,5,LOW,0.46
2026-06-04 23:30:00,Food Court,166,0.21,18.2,83.2,0,0,32,9,10,LOW,0.2
2026-06-04 23:30:00,Main Sanctum,296,1.18,18.2,83.2,0,0,143,16,17,LOW,1.19
2026-06-04 23:30:00,North Entry Gate,323,0.81,18.2,83.2,0,0,125,37,14,LOW,0.94
2026-06-04 23:30:00,Parking Area,443,0.18,18.2,83.2,0,0,9,18,24,LOW,0.19
2026-06-04 23:30:00,South Exit,239,0.68,18.2,83.2,0,0,17,5,30,LOW,0.73
2026-06-04 23:30:00,VIP Entrance,92,0.46,18.2,83.2,0,0,13,4,4,LOW,0.38
2026-06-05 00:00:00,Food Court,162,0.2,21.8,79.6,0,0,27,10,9,LOW,0.21
2026-06-05 00:00:00,Main Sanctum,297,1.19,21.8,79.6,0,0,157,15,18,LOW,1.24
2026-06-05 00:00:00,North Entry Gate,374,0.94,21.8,79.6,0,0,114,45,21,LOW,0.84
2026-06-05 00:00:00,Parking Area,468,0.19,21.8,79.6,0,0,9,24,20,LOW,0.17
2026-06-05 00:00:00,South Exit,257,0.73,21.8,79.6,0,0,19,7,34,LOW,0.59
2026-06-05 00:00:00,VIP Entrance,75,0.38,21.8,79.6,0,0,9,4,4,LOW,0.46
2026-06-05 00:30:00,Food Court,166,0.21,20.5,73.9,0,0,32,9,8,LOW,0.19
2026-06-05 00:30:00,Main Sanctum,311,1.24,20.5,73.9,0,0,169,14,18,LOW,1.04
2026-06-05 00:30:00,North Entry Gate,335,0.84,20.5,73.9,0,0,130,42,18,LOW,0.84
2026-06-05 00:30:00,Parking Area,437,0.17,20.5,73.9,0,0,6,22,18,LOW,0.15
2026-06-05 00:30:00,South Exit,205,0.59,20.5,73.9,0,0,15,6,28,LOW,0.65
2026-06-05 00:30:00,VIP Entrance,91,0.46,20.5,73.9,0,0,12,4,5,LOW,0.36
2026-06-05 01:00:00,Food Court,152,0.19,18.1,81.5,0,0,30,7,7,LOW,0.14
2026-06-05 01:00:00,Main Sanctum,260,1.04,18.1,81.5,0,0,133,13,13,LOW,0.94
2026-06-05 01:00:00,North Entry Gate,335,0.84,18.1,81.5,0,0,124,38,18,LOW,0.74
2026-06-05 01:00:00,Parking Area,368,0.15,18.1,81.5,0,0,8,19,21,LOW,0.17
2026-06-05 01:00:00,South Exit,226,0.65,18.1,81.5,0,0,20,6,30,LOW,0.59
2026-06-05 01:00:00,VIP Entrance,73,0.36,18.1,81.5,0,0,7,4,3,LOW,0.35
2026-06-05 01:30:00,Food Court,112,0.14,20.3,83.4,0,0,22,5,6,LOW,0.16
2026-06-05 01:30:00,Main Sanctum,235,0.94,20.3,83.4,0,0,130,11,10,LOW,0.84
2026-06-05 01:30:00,North Entry Gate,296,0.74,20.3,83.4,0,0,106,39,16,LOW,0.68
2026-06-05 01:30:00,Parking Area,428,0.17,20.3,83.4,0,0,7,23,23,LOW,0.14
2026-06-05 01:30:00,South Exit,205,0.59,20.3,83.4,0,0,18,6,29,LOW,0.54
2026-06-05 01:30:00,VIP Entrance,70,0.35,20.3,83.4,0,0,13,4,3,LOW,0.34
2026-06-05 02:00:00,Food Court,128,0.16,21.5,67.7,0,0,25,7,6,LOW,0.12
2026-06-05 02:00:00,Main Sanctum,209,0.84,21.5,67.7,0,0,116,9,12,LOW,0.69
2026-06-05 02:00:00,North Entry Gate,272,0.68,21.5,67.7,0,0,97,32,11,LOW,0.54
2026-06-05 02:00:00,Parking Area,349,0.14,21.5,67.7,0,0,8,20,18,LOW,0.12
2026-06-05 02:00:00,South Exit,188,0.54,21.5,67.7,0,0,15,6,28,LOW,0.44
2026-06-05 02:00:00,VIP Entrance,68,0.34,21.5,67.7,0,0,7,3,4,LOW,0.28
2026-06-05 02:30:00,Food Court,92,0.12,22.3,74.2,0,0,17,5,5,LOW,0.11
2026-06-05 02:30:00,Main Sanctum,173,0.69,22.3,74.2,0,0,99,7,8,LOW,0.62
2026-06-05 02:30:00,North Entry Gate,215,0.54,22.3,74.2,0,0,77,27,10,LOW,0.5
2026-06-05 02:30:00,Parking Area,305,0.12,22.3,74.2,0,0,6,18,12,LOW,0.09
2026-06-05 02:30:00,South Exit,153,0.44,22.3,74.2,0,0,10,4,19,LOW,0.36
2026-06-05 02:30:00,VIP Entrance,56,0.28,22.3,74.2,0,0,5,3,3,LOW,0.24
2026-06-05 03:00:00,Food Court,90,0.11,22.2,73.1,0,0,17,4,4,LOW,0.07
2026-06-05 03:00:00,Main Sanctum,154,0.62,22.2,73.1,0,0,73,7,9,LOW,0.5
2026-06-05 03:00:00,North Entry Gate,199,0.5,22.2,73.1,0,0,72,25,9,LOW,0.34
2026-06-05 03:00:00,Parking Area,223,0.09,22.2,73.1,0,0,5,12,13,LOW,0.06
2026-06-05 03:00:00,South Exit,127,0.36,22.2,73.1,0,0,11,3,17,LOW,0.26
2026-06-05 03:00:00,VIP Entrance,48,0.24,22.2,73.1,0,0,6,2,2,LOW,0.18
2026-06-05 03:30:00,Food Court,60,0.07,23.5,67.3,0,0,10,3,3,LOW,0.05
2026-06-05 03:30:00,Main Sanctum,126,0.5,23.5,67.3,0,0,65,6,6,LOW,0.3
2026-06-05 03:30:00,North Entry Gate,136,0.34,23.5,67.3,0,0,47,15,6,LOW,0.26
2026-06-05 03:30:00,Parking Area,158,0.06,23.5,67.3,0,0,4,9,8,LOW,0.04
2026-06-05 03:30:00,South Exit,92,0.26,23.5,67.3,0,0,5,3,13,LOW,0.16
2026-06-05 03:30:00,VIP Entrance,36,0.18,23.5,67.3,0,0,2,2,2,LOW,0.13
2026-06-05 04:00:00,Food Court,37,0.05,26.5,59.9,0,0,7,2,2,LOW,0.03
2026-06-05 04:00:00,Main Sanctum,75,0.3,26.5,59.9,0,0,37,3,3,LOW,0.2
2026-06-05 04:00:00,North Entry Gate,103,0.26,26.5,59.9,0,0,38,13,5,LOW,0.12
2026-06-05 04:00:00,Parking Area,105,0.04,26.5,59.9,0,0,3,6,4,LOW,0.02
2026-06-05 04:00:00,South Exit,57,0.16,26.5,59.9,0,0,1,2,8,LOW,0.09
2026-06-05 04:00:00,VIP Entrance,26,0.13,26.5,59.9,0,0,2,2,2,LOW,0.07
2026-06-05 04:30:00,Food Court,26,0.03,26.8,57.1,0,0,5,2,2,LOW,0.97
2026-06-05 04:30:00,Main Sanctum,50,0.2,26.8,57.1,0,0,25,3,2,LOW,5.21
2026-06-05 04:30:00,North Entry Gate,46,0.12,26.8,57.1,0,0,14,6,2,LOW,3.81
2026-06-05 04:30:00,Parking Area,61,0.02,26.8,57.1,0,0,0,2,2,LOW,0.81
2026-06-05 04:30:00,South Exit,33,0.09,26.8,57.1,0,0,3,1,5,LOW,2.65
2026-06-05 04:30:00,VIP Entrance,15,0.07,26.8,57.1,0,0,3,2,2,LOW,1.73
2026-06-05 05:00:00,Food Court,777,0.97,24.8,70.2,0,0,166,38,46,LOW,0.97
2026-06-05 05:00:00,Main Sanctum,1302,5.21,24.8,70.2,0,0,675,73,74,CRITICAL,5.37
2026-06-05 05:00:00,North Entry Gate,1523,3.81,24.8,70.2,0,0,535,167,69,HIGH,4.1
2026-06-05 05:00:00,Parking Area,2021,0.81,24.8,70.2,0,0,40,90,111,LOW,0.9
2026-06-05 05:00:00,South Exit,929,2.65,24.8,70.2,0,0,83,29,129,MODERATE,3.5
2026-06-05 05:00:00,VIP Entrance,346,1.73,24.8,70.2,0,0,45,18,16,MODERATE,2.19
2026-06-05 05:30:00,Food Court,773,0.97,26.2,66.8,0,0,176,41,36,LOW,1.06
2026-06-05 05:30:00,Main Sanctum,1343,5.37,26.2,66.8,0,0,779,61,79,CRITICAL,7.0
2026-06-05 05:30:00,North Entry Gate,1639,4.1,26.2,66.8,0,0,483,211,84,HIGH,5.5
2026-06-05 05:30:00,Parking Area,2259,0.9,26.2,66.8,0,0,49,99,103,LOW,1.0
2026-06-05 05:30:00,South Exit,1226,3.5,26.2,66.8,0,0,100,28,161,HIGH,3.72
2026-06-05 05:30:00,VIP Entrance,438,2.19,26.2,66.8,0,0,44,25,20,MODERATE,2.44
2026-06-05 06:00:00,Food Court,848,1.06,27.9,54.2,0,0,148,41,41,LOW,1.19
2026-06-05 06:00:00,Main Sanctum,1749,7.0,27.9,54.2,0,0,718,92,93,CRITICAL,5.58
2026-06-05 06:00:00,North Entry Gate,2202,5.5,27.9,54.2,0,0,668,263,103,CRITICAL,4.75
2026-06-05 06:00:00,Parking Area,2494,1.0,27.9,54.2,0,0,59,142,146,LOW,0.94
2026-06-05 06:00:00,South Exit,1303,3.72,27.9,54.2,0,0,98,40,199,HIGH,4.09
2026-06-05 06:00:00,VIP Entrance,489,2.44,27.9,54.2,0,0,57,20,25,MODERATE,2.56
2026-06-05 06:30:00,Food Court,953,1.19,26.9,60.1,0,0,170,46,51,LOW,1.21
2026-06-05 06:30:00,Main Sanctum,1394,5.58,26.9,60.1,0,0,641,62,76,CRITICAL,7.56
2026-06-05 06:30:00,North Entry Gate,1899,4.75,26.9,60.1,0,0,705,246,112,CRITICAL,4.71
2026-06-05 06:30:00,Parking Area,2338,0.94,26.9,60.1,0,0,50,133,117,LOW,0.98
2026-06-05 06:30:00,South Exit,1433,4.09,26.9,60.1,0,0,105,38,214,HIGH,4.47
2026-06-05 06:30:00,VIP Entrance,511,2.56,26.9,60.1,0,0,67,23,21,MODERATE,3.16
2026-06-05 07:00:00,Food Court,967,1.21,28.5,50.5,0,0,198,49,50,LOW,1.29
2026-06-05 07:00:00,Main Sanctum,1890,7.56,28.5,50.5,0,0,941,87,98,CRITICAL,7.85
2026-06-05 07:00:00,North Entry Gate,1883,4.71,28.5,50.5,0,0,754,220,77,CRITICAL,7.04
2026-06-05 07:00:00,Parking Area,2445,0.98,28.5,50.5,0,0,47,117,118,LOW,1.26
2026-06-05 07:00:00,South Exit,1564,4.47,28.5,50.5,0,0,135,44,211,HIGH,4.4
2026-06-05 07:00:00,VIP Entrance,632,3.16,28.5,50.5,0,0,76,30,37,HIGH,3.17
2026-06-05 07:30:00,Food Court,1035,1.29,29.1,55.9,0,0,203,47,58,LOW,1.24
2026-06-05 07:30:00,Main Sanctum,1963,7.85,29.1,55.9,0,0,940,97,114,CRITICAL,7.42
2026-06-05 07:30:00,North Entry Gate,2814,7.04,29.1,55.9,0,0,917,360,131,CRITICAL,6.6
2026-06-05 07:30:00,Parking Area,3148,1.26,29.1,55.9,0,0,59,174,156,LOW,1.21
2026-06-05 07:30:00,South Exit,1539,4.4,29.1,55.9,0,0,126,41,212,HIGH,4.51
2026-06-05 07:30:00,VIP Entrance,635,3.17,29.1,55.9,0,0,83,31,34,HIGH,2.74
2026-06-05 08:00:00,Food Court,993,1.24,30.6,51.3,0,0,222,59,40,LOW,1.45
2026-06-05 08:00:00,Main Sanctum,1856,7.42,30.6,51.3,0,0,955,90,110,CRITICAL,7.22
2026-06-05 08:00:00,North Entry Gate,2639,6.6,30.6,51.3,0,0,975,313,124,CRITICAL,6.94
2026-06-05 08:00:00,Parking Area,3037,1.21,30.6,51.3,0,0,56,127,127,LOW,1.28
2026-06-05 08:00:00,South Exit,1580,4.51,30.6,51.3,0,0,125,45,213,CRITICAL,4.94
2026-06-05 08:00:00,VIP Entrance,548,2.74,30.6,51.3,0,0,65,26,33,MODERATE,2.95
2026-06-05 08:30:00,Food Court,1157,1.45,34.5,35.6,0,0,269,68,52,LOW,1.4
2026-06-05 08:30:00,Main Sanctum,1804,7.22,34.5,35.6,0,0,1019,78,75,CRITICAL,8.46
2026-06-05 08:30:00,North Entry Gate,2776,6.94,34.5,35.6,0,0,1053,314,108,CRITICAL,5.83
2026-06-05 08:30:00,Parking Area,3191,1.28,34.5,35.6,0,0,59,165,144,LOW,1.14
2026-06-05 08:30:00,South Exit,1729,4.94,34.5,35.6,0,0,148,60,258,CRITICAL,3.86
2026-06-05 08:30:00,VIP Entrance,590,2.95,34.5,35.6,0,0,68,24,24,MODERATE,3.0
2026-06-05 09:00:00,Food Court,1119,1.4,32.6,42.3,0,0,230,58,57,LOW,1.24
2026-06-05 09:00:00,Main Sanctum,2114,8.46,32.6,42.3,0,0,991,111,116,CRITICAL,7.32
2026-06-05 09:00:00,North Entry Gate,2333,5.83,32.6,42.3,0,0,871,275,89,CRITICAL,6.27
2026-06-05 09:00:00,Parking Area,2855,1.14,32.6,42.3,0,0,62,152,122,LOW,1.21
2026-06-05 09:00:00,South Exit,1350,3.86,32.6,42.3,0,0,102,35,188,HIGH,4.27
2026-06-05 09:00:00,VIP Entrance,600,3.0,32.6,42.3,0,0,75,27,28,HIGH,2.71
2026-06-05 09:30:00,Food Court,990,1.24,33.1,40.4,0,0,215,54,44,LOW,1.32
2026-06-05 09:30:00,Main Sanctum,1830,7.32,33.1,40.4,0,0,902,103,77,CRITICAL,6.47
2026-06-05 09:30:00,North Entry Gate,2508,6.27,33.1,40.4,0,0,957,289,108,CRITICAL,5.18
2026-06-05 09:30:00,Parking Area,3020,1.21,33.1,40.4,0,0,46,145,139,LOW,1.05
2026-06-05 09:30:00,South Exit,1494,4.27,33.1,40.4,0,0,121,49,216,HIGH,4.36
2026-06-05 09:30:00,VIP Entrance,543,2.71,33.1,40.4,0,0,57,28,27,MODERATE,2.66
2026-06-05 10:00:00,Food Court,1059,1.32,36.0,30.0,0,0,225,48,52,LOW,1.21
2026-06-05 10:00:00,Main Sanctum,1617,6.47,36.0,30.0,0,0,923,90,93,CRITICAL,7.22
2026-06-05 10:00:00,North Entry Gate,2074,5.18,36.0,30.0,0,0,776,225,100,CRITICAL,5.32
2026-06-05 10:00:00,Parking Area,2625,1.05,36.0,30.0,0,0,53,129,154,LOW,1.1
2026-06-05 10:00:00,South Exit,1527,4.36,36.0,30.0,0,0,129,46,204,HIGH,3.91
2026-06-05 10:00:00,VIP Entrance,532,2.66,36.0,30.0,0,0,75,22,29,MODERATE,2.69
2026-06-05 10:30:00,Food Court,967,1.21,34.9,39.9,0,0,180,40,45,LOW,1.21
2026-06-05 10:30:00,Main Sanctum,1805,7.22,34.9,39.9,0,0,803,84,103,CRITICAL,7.17
2026-06-05 10:30:00,North Entry Gate,2126,5.32,34.9,39.9,0,0,794,269,102,CRITICAL,5.29
2026-06-05 10:30:00,Parking Area,2745,1.1,34.9,39.9,0,0,52,121,123,LOW,0.88
2026-06-05 10:30:00,South Exit,1369,3.91,34.9,39.9,0,0,98,44,188,HIGH,3.45
2026-06-05 10:30:00,VIP Entrance,539,2.69,34.9,39.9,0,0,53,29,27,MODERATE,2.52
2026-06-05 11:00:00,Food Court,970,1.21,36.2,30.0,0,0,183,41,44,LOW,0.92
2026-06-05 11:00:00,Main Sanctum,1792,7.17,36.2,30.0,0,0,671,87,102,CRITICAL,5.96
2026-06-05 11:00:00,North Entry Gate,2115,5.29,36.2,30.0,0,0,695,266,123,CRITICAL,3.9
2026-06-05 11:00:00,Parking Area,2198,0.88,36.2,30.0,0,0,45,102,128,LOW,0.97
2026-06-05 11:00:00,South Exit,1207,3.45,36.2,30.0,0,0,89,29,165,HIGH,3.65
2026-06-05 11:00:00,VIP Entrance,504,2.52,36.2,30.0,0,0,65,24,30,MODERATE,2.19
2026-06-05 11:30:00,Food Court,739,0.92,35.1,32.4,0,0,143,33,42,LOW,1.81
2026-06-05 11:30:00,Main Sanctum,1490,5.96,35.1,32.4,0,0,716,60,74,CRITICAL,4.49
2026-06-05 11:30:00,North Entry Gate,1560,3.9,35.1,32.4,0,0,529,192,82,HIGH,3.35
2026-06-05 11:30:00,Parking Area,2414,0.97,35.1,32.4,0,0,50,144,129,LOW,0.57
2026-06-05 11:30:00,South Exit,1276,3.65,35.1,32.4,0,0,94,39,172,HIGH,1.96
2026-06-05 11:30:00,VIP Entrance,438,2.19,35.1,32.4,0,0,50,22,22,MODERATE,1.5
2026-06-05 12:00:00,Food Court,1451,1.81,33.8,38.1,0,0,271,78,64,MODERATE,2.12
2026-06-05 12:00:00,Main Sanctum,1123,4.49,33.8,38.1,0,0,614,54,65,HIGH,4.39
2026-06-05 12:00:00,North Entry Gate,1340,3.35,33.8,38.1,0,0,463,149,55,HIGH,3.42
2026-06-05 12:00:00,Parking Area,1423,0.57,33.8,38.1,0,0,29,66,79,LOW,0.59
2026-06-05 12:00:00,South Exit,687,1.96,33.8,38.1,0,0,47,18,87,MODERATE,2.44
2026-06-05 12:00:00,VIP Entrance,300,1.5,33.8,38.1,0,0,43,17,13,MODERATE,1.53
2026-06-05 12:30:00,Food Court,1695,2.12,36.5,33.5,0,0,329,70,97,MODERATE,2.27
2026-06-05 12:30:00,Main Sanctum,1097,4.39,36.5,33.5,0,0,555,46,44,HIGH,4.72
2026-06-05 12:30:00,North Entry Gate,1368,3.42,36.5,33.5,0,0,566,164,65,HIGH,3.26
2026-06-05 12:30:00,Parking Area,1470,0.59,36.5,33.5,0,0,31,66,78,LOW,0.78
2026-06-05 12:30:00,South Exit,853,2.44,36.5,33.5,0,0,69,27,131,MODERATE,2.87
2026-06-05 12:30:00,VIP Entrance,306,1.53,36.5,33.5,0,0,32,18,15,MODERATE,1.71
2026-06-05 13:00:00,Food Court,1816,2.27,33.9,36.5,0,0,330,101,88,MODERATE,2.09
2026-06-05 13:00:00,Main Sanctum,1179,4.72,33.9,36.5,0,0,544,50,53,CRITICAL,4.86
2026-06-05 13:00:00,North Entry Gate,1303,3.26,33.9,36.5,0,0,406,151,49,HIGH,3.64
2026-06-05 13:00:00,Parking Area,1962,0.78,33.9,36.5,0,0,42,79,115,LOW,0.73
2026-06-05 13:00:00,South Exit,1004,2.87,33.9,36.5,0,0,75,31,143,MODERATE,2.54
2026-06-05 13:00:00,VIP Entrance,341,1.71,33.9,36.5,0,0,44,20,19,MODERATE,1.95
2026-06-05 13:30:00,Food Court,1673,2.09,34.8,30.0,0,0,322,97,70,MODERATE,1.76
2026-06-05 13:30:00,Main Sanctum,1214,4.86,34.8,30.0,0,0,617,68,53,CRITICAL,5.3
2026-06-05 13:30:00,North Entry Gate,1455,3.64,34.8,30.0,0,0,534,170,57,HIGH,3.29
2026-06-05 13:30:00,Parking Area,1817,0.73,34.8,30.0,0,0,29,84,77,LOW,0.71
2026-06-05 13:30:00,South Exit,889,2.54,34.8,30.0,0,0,62,24,116,MODERATE,2.6
2026-06-05 13:30:00,VIP Entrance,389,1.95,34.8,30.0,0,0,41,21,19,MODERATE,1.93
2026-06-05 14:00:00,Food Court,1405,1.76,34.0,35.3,0,0,272,82,57,MODERATE,2.45
2026-06-05 14:00:00,Main Sanctum,1324,5.3,34.0,35.3,0,0,630,74,72,CRITICAL,4.36
2026-06-05 14:00:00,North Entry Gate,1318,3.29,34.0,35.3,0,0,526,163,53,HIGH,3.55
2026-06-05 14:00:00,Parking Area,1767,0.71,34.0,35.3,0,0,35,82,78,LOW,0.76
2026-06-05 14:00:00,South Exit,910,2.6,34.0,35.3,0,0,67,24,140,MODERATE,2.45
2026-06-05 14:00:00,VIP Entrance,386,1.93,34.0,35.3,0,0,39,20,19,MODERATE,1.98
2026-06-05 14:30:00,Food Court,1963,2.45,34.6,37.5,0,0,419,114,96,MODERATE,0.76
2026-06-05 14:30:00,Main Sanctum,1089,4.36,34.6,37.5,0,0,569,44,47,HIGH,5.27
2026-06-05 14:30:00,North Entry Gate,1419,3.55,34.6,37.5,0,0,564,158,73,HIGH,3.52
2026-06-05 14:30:00,Parking Area,1897,0.76,34.6,37.5,0,0,40,106,81,LOW,0.71
2026-06-05 14:30:00,South Exit,858,2.45,34.6,37.5,0,0,71,18,114,MODERATE,2.91
2026-06-05 14:30:00,VIP Entrance,396,1.98,34.6,37.5,0,0,46,17,20,MODERATE,1.64
2026-06-05 15:00:00,Food Court,607,0.76,33.0,47.6,0,0,129,25,26,LOW,0.76
2026-06-05 15:00:00,Main Sanctum,1317,5.27,33.0,47.6,0,0,468,59,56,CRITICAL,4.21
2026-06-05 15:00:00,North Entry Gate,1407,3.52,33.0,47.6,0,0,510,184,79,HIGH,3.4
2026-06-05 15:00:00,Parking Area,1781,0.71,33.0,47.6,0,0,40,106,94,LOW,0.71
2026-06-05 15:00:00,South Exit,1020,2.91,33.0,47.6,0,0,85,35,157,MODERATE,2.15
2026-06-05 15:00:00,VIP Entrance,328,1.64,33.0,47.6,0,0,35,17,18,MODERATE,1.82
2026-06-05 15:30:00,Food Court,610,0.76,32.7,38.1,0,0,127,26,30,LOW,1.01
2026-06-05 15:30:00,Main Sanctum,1053,4.21,32.7,38.1,0,0,460,45,54,HIGH,5.42
2026-06-05 15:30:00,North Entry Gate,1358,3.4,32.7,38.1,0,0,424,170,70,HIGH,4.17
2026-06-05 15:30:00,Parking Area,1786,0.71,32.7,38.1,0,0,42,77,76,LOW,0.79
2026-06-05 15:30:00,South Exit,754,2.15,32.7,38.1,0,0,56,18,99,MODERATE,3.45
2026-06-05 15:30:00,VIP Entrance,364,1.82,32.7,38.1,0,0,43,21,17,MODERATE,2.1
2026-06-05 16:00:00,Food Court,805,1.01,30.1,45.8,0,0,198,40,37,LOW,0.97
2026-06-05 16:00:00,Main Sanctum,1354,5.42,30.1,45.8,0,0,746,54,71,CRITICAL,7.4
2026-06-05 16:00:00,North Entry Gate,1670,4.17,30.1,45.8,0,0,642,202,97,HIGH,5.15
2026-06-05 16:00:00,Parking Area,1981,0.79,30.1,45.8,0,0,39,98,107,LOW,0.91
2026-06-05 16:00:00,South Exit,1208,3.45,30.1,45.8,0,0,109,42,185,HIGH,3.85
2026-06-05 16:00:00,VIP Entrance,420,2.1,30.1,45.8,0,0,41,18,20,MODERATE,2.58
2026-06-05 16:30:00,Food Court,775,0.97,33.5,35.0,0,0,142,44,37,LOW,1.43
2026-06-05 16:30:00,Main Sanctum,1850,7.4,33.5,35.0,0,0,989,100,85,CRITICAL,7.2
2026-06-05 16:30:00,North Entry Gate,2061,5.15,33.5,35.0,0,0,596,226,102,CRITICAL,5.51
2026-06-05 16:30:00,Parking Area,2271,0.91,33.5,35.0,0,0,48,94,117,LOW,1.0
2026-06-05 16:30:00,South Exit,1347,3.85,33.5,35.0,0,0,107,47,199,HIGH,4.36
2026-06-05 16:30:00,VIP Entrance,515,2.58,33.5,35.0,0,0,59,29,24,MODERATE,2.54
2026-06-05 17:00:00,Food Court,1147,1.43,28.6,49.3,0,0,219,67,55,LOW,1.37
2026-06-05 17:00:00,Main Sanctum,1801,7.2,28.6,49.3,0,0,892,84,108,CRITICAL,8.63
2026-06-05 17:00:00,North Entry Gate,2206,5.51,28.6,49.3,0,0,792,261,86,CRITICAL,5.89
2026-06-05 17:00:00,Parking Area,2502,1.0,28.6,49.3,0,0,48,137,119,LOW,1.1
2026-06-05 17:00:00,South Exit,1525,4.36,28.6,49.3,0,0,131,54,233,HIGH,3.89
2026-06-05 17:00:00,VIP Entrance,509,2.54,28.6,49.3,0,0,66,27,20,MODERATE,3.06
2026-06-05 17:30:00,Food Court,1093,1.37,30.5,52.1,0,0,223,64,60,LOW,1.22
2026-06-05 17:30:00,Main Sanctum,2158,8.63,30.5,52.1,0,0,983,115,89,CRITICAL,8.98
2026-06-05 17:30:00,North Entry Gate,2355,5.89,30.5,52.1,0,0,681,278,97,CRITICAL,6.83
2026-06-05 17:30:00,Parking Area,2758,1.1,30.5,52.1,0,0,50,160,145,LOW,1.22
2026-06-05 17:30:00,South Exit,1363,3.89,30.5,52.1,0,0,112,35,194,HIGH,5.14
2026-06-05 17:30:00,VIP Entrance,611,3.06,30.5,52.1,0,0,70,27,34,HIGH,3.16
2026-06-05 18:00:00,Food Court,972,1.22,28.2,59.9,0,0,179,40,42,LOW,1.44
2026-06-05 18:00:00,Main Sanctum,2245,8.98,28.2,59.9,0,0,947,133,94,CRITICAL,10.17
2026-06-05 18:00:00,North Entry Gate,2731,6.83,28.2,59.9,0,0,1031,330,139,CRITICAL,6.01
2026-06-05 18:00:00,Parking Area,3053,1.22,28.2,59.9,0,0,54,152,129,LOW,1.29
2026-06-05 18:00:00,South Exit,1800,5.14,28.2,59.9,0,0,161,56,253,CRITICAL,5.37
2026-06-05 18:00:00,VIP Entrance,632,3.16,28.2,59.9,0,0,76,37,36,HIGH,2.99
2026-06-05 18:30:00,Food Court,1148,1.44,27.1,59.2,0,0,204,57,52,LOW,4.76
2026-06-05 18:30:00,Main Sanctum,2543,10.17,27.1,59.2,0,0,1406,149,136,CRITICAL,7.14
2026-06-05 18:30:00,North Entry Gate,2405,6.01,27.1,59.2,0,0,738,284,97,CRITICAL,6.21
2026-06-05 18:30:00,Parking Area,3226,1.29,27.1,59.2,0,0,71,184,132,LOW,1.29
2026-06-05 18:30:00,South Exit,1879,5.37,27.1,59.2,0,0,160,46,243,CRITICAL,4.94
2026-06-05 18:30:00,VIP Entrance,598,2.99,27.1,59.2,0,0,69,30,33,MODERATE,3.38
2026-06-05 19:00:00,Food Court,3807,4.76,26.4,59.4,0,0,855,214,162,CRITICAL,4.76
2026-06-05 19:00:00,Main Sanctum,1785,7.14,26.4,59.4,0,0,951,94,106,CRITICAL,8.61
2026-06-05 19:00:00,North Entry Gate,2482,6.21,26.4,59.4,0,0,896,297,128,CRITICAL,6.75
2026-06-05 19:00:00,Parking Area,3218,1.29,26.4,59.4,0,0,62,147,190,LOW,1.39
2026-06-05 19:00:00,South Exit,1729,4.94,26.4,59.4,0,0,127,49,238,CRITICAL,4.97
2026-06-05 19:00:00,VIP Entrance,675,3.38,26.4,59.4,0,0,90,32,38,HIGH,2.74
2026-06-05 19:30:00,Food Court,3810,4.76,22.7,77.3,0,0,811,175,158,CRITICAL,3.59
2026-06-05 19:30:00,Main Sanctum,2153,8.61,22.7,77.3,0,0,1117,89,93,CRITICAL,9.17
2026-06-05 19:30:00,North Entry Gate,2699,6.75,22.7,77.3,0,0,981,299,142,CRITICAL,5.64
2026-06-05 19:30:00,Parking Area,3472,1.39,22.7,77.3,0,0,61,168,206,LOW,1.22
2026-06-05 19:30:00,South Exit,1741,4.97,22.7,77.3,0,0,141,43,237,CRITICAL,4.6
2026-06-05 19:30:00,VIP Entrance,548,2.74,22.7,77.3,0,0,65,24,32,MODERATE,3.56
2026-06-05 20:00:00,Food Court,2873,3.59,25.2,64.9,0,0,596,123,157,HIGH,4.26
2026-06-05 20:00:00,Main Sanctum,2292,9.17,25.2,64.9,0,0,1000,105,102,CRITICAL,8.9
2026-06-05 20:00:00,North Entry Gate,2256,5.64,25.2,64.9,0,0,772,254,93,CRITICAL,5.81
2026-06-05 20:00:00,Parking Area,3049,1.22,25.2,64.9,0,0,63,169,171,LOW,1.14
2026-06-05 20:00:00,South Exit,1610,4.6,25.2,64.9,0,0,118,34,208,CRITICAL,5.32
2026-06-05 20:00:00,VIP Entrance,712,3.56,25.2,64.9,0,0,95,29,42,HIGH,2.96
2026-06-05 20:30:00,Food Court,3409,4.26,22.5,75.8,0,0,692,163,203,HIGH,3.65
2026-06-05 20:30:00,Main Sanctum,2225,8.9,22.5,75.8,0,0,1110,126,128,CRITICAL,7.45
2026-06-05 20:30:00,North Entry Gate,2324,5.81,22.5,75.8,0,0,765,273,87,CRITICAL,5.52
2026-06-05 20:30:00,Parking Area,2857,1.14,22.5,75.8,0,0,51,133,138,LOW,1.11
2026-06-05 20:30:00,South Exit,1862,5.32,22.5,75.8,0,0,146,48,239,CRITICAL,3.73
2026-06-05 20:30:00,VIP Entrance,593,2.96,22.5,75.8,0,0,83,31,25,MODERATE,2.43
2026-06-05 21:00:00,Food Court,2918,3.65,23.8,67.1,0,0,623,168,138,HIGH,3.38
2026-06-05 21:00:00,Main Sanctum,1863,7.45,23.8,67.1,0,0,977,87,84,CRITICAL,7.32
2026-06-05 21:00:00,North Entry Gate,2207,5.52,23.8,67.1,0,0,861,291,123,CRITICAL,4.07
2026-06-05 21:00:00,Parking Area,2786,1.11,23.8,67.1,0,0,56,157,142,LOW,0.95
2026-06-05 21:00:00,South Exit,1306,3.73,23.8,67.1,0,0,79,40,173,HIGH,3.38
2026-06-05 21:00:00,VIP Entrance,486,2.43,23.8,67.1,0,0,48,25,25,MODERATE,2.42
2026-06-05 21:30:00,Food Court,2704,3.38,21.5,75.6,0,0,485,110,112,HIGH,0.14
2026-06-05 21:30:00,Main Sanctum,1831,7.32,21.5,75.6,0,0,818,101,108,CRITICAL,0.96
2026-06-05 21:30:00,North Entry Gate,1628,4.07,21.5,75.6,0,0,568,212,88,HIGH,0.68
2026-06-05 21:30:00,Parking Area,2367,0.95,21.5,75.6,0,0,51,140,118,LOW,0.12
2026-06-05 21:30:00,South Exit,1182,3.38,21.5,75.6,0,0,95,33,164,HIGH,0.5
2026-06-05 21:30:00,VIP Entrance,485,2.42,21.5,75.6,0,0,49,25,20,MODERATE,0.35
2026-06-05 22:00:00,Food Court,111,0.14,20.6,74.5,0,0,17,5,6,LOW,0.16
2026-06-05 22:00:00,Main Sanctum,240,0.96,20.6,74.5,0,0,118,14,14,LOW,1.17
2026-06-05 22:00:00,North Entry Gate,270,0.68,20.6,74.5,0,0,82,33,11,LOW,0.79
2026-06-05 22:00:00,Parking Area,301,0.12,20.6,74.5,0,0,8,16,15,LOW,0.16
2026-06-05 22:00:00,South Exit,176,0.5,20.6,74.5,0,0,16,5,26,LOW,0.64
2026-06-05 22:00:00,VIP Entrance,71,0.35,20.6,74.5,0,0,11,4,4,LOW,0.4
2026-06-05 22:30:00,Food Court,128,0.16,19.1,84.6,0,0,30,6,7,LOW,0.2
2026-06-05 22:30:00,Main Sanctum,293,1.17,19.1,84.6,0,0,147,17,16,LOW,1.08
2026-06-05 22:30:00,North Entry Gate,317,0.79,19.1,84.6,0,0,120,36,15,LOW,0.77
2026-06-05 22:30:00,Parking Area,397,0.16,19.1,84.6,0,0,10,21,18,LOW,0.17
2026-06-05 22:30:00,South Exit,224,0.64,19.1,84.6,0,0,20,8,33,LOW,0.65
2026-06-05 22:30:00,VIP Entrance,79,0.4,19.1,84.6,0,0,9,4,4,LOW,0.47
2026-06-05 23:00:00,Food Court,158,0.2,19.4,82.4,0,0,33,7,7,LOW,0.19
2026-06-05 23:00:00,Main Sanctum,269,1.08,19.4,82.4,0,0,124,12,15,LOW,1.11
2026-06-05 23:00:00,North Entry Gate,308,0.77,19.4,82.4,0,0,106,36,13,LOW,0.9
2026-06-05 23:00:00,Parking Area,426,0.17,19.4,82.4,0,0,9,23,19,LOW,0.18
2026-06-05 23:00:00,South Exit,226,0.65,19.4,82.4,0,0,17,7,33,LOW,0.72
2026-06-05 23:00:00,VIP Entrance,94,0.47,19.4,82.4,0,0,10,5,5,LOW,0.42
2026-06-05 23:30:00,Food Court,155,0.19,20.6,75.5,0,0,29,9,7,LOW,0.24
2026-06-05 23:30:00,Main Sanctum,278,1.11,20.6,75.5,0,0,141,11,13,LOW,1.7
2026-06-05 23:30:00,North Entry Gate,358,0.9,20.6,75.5,0,0,123,41,15,LOW,1.27
2026-06-05 23:30:00,Parking Area,444,0.18,20.6,75.5,0,0,8,24,21,LOW,0.18
2026-06-05 23:30:00,South Exit,253,0.72,20.6,75.5,0,0,20,8,38,LOW,0.88
2026-06-05 23:30:00,VIP Entrance,84,0.42,20.6,75.5,0,0,12,4,4,LOW,0.61
2026-06-06 00:00:00,Food Court,195,0.24,18.4,82.2,0,1,39,8,10,LOW,0.28
2026-06-06 00:00:00,Main Sanctum,424,1.7,18.4,82.2,0,1,195,25,21,MODERATE,1.72
2026-06-06 00:00:00,North Entry Gate,508,1.27,18.4,82.2,0,1,177,56,20,LOW,1.33
2026-06-06 00:00:00,Parking Area,460,0.18,18.4,82.2,0,1,9,20,25,LOW,0.23
2026-06-06 00:00:00,South Exit,307,0.88,18.4,82.2,0,1,28,7,41,LOW,0.92
2026-06-06 00:00:00,VIP Entrance,122,0.61,18.4,82.2,0,1,17,5,6,LOW,0.66
2026-06-06 00:30:00,Food Court,226,0.28,18.0,90.8,0,1,40,11,11,LOW,0.28
2026-06-06 00:30:00,Main Sanctum,431,1.72,18.0,90.8,0,1,207,20,18,MODERATE,1.54
2026-06-06 00:30:00,North Entry Gate,532,1.33,18.0,90.8,0,1,169,65,22,LOW,1.1
2026-06-06 00:30:00,Parking Area,567,0.23,18.0,90.8,0,1,13,34,31,LOW,0.23
2026-06-06 00:30:00,South Exit,321,0.92,18.0,90.8,0,1,28,8,45,LOW,0.91
2026-06-06 00:30:00,VIP Entrance,131,0.66,18.0,90.8,0,1,18,5,7,LOW,0.6
2026-06-06 01:00:00,Food Court,221,0.28,19.2,88.3,0,1,44,11,12,LOW,0.26
2026-06-06 01:00:00,Main Sanctum,386,1.54,19.2,88.3,0,1,216,18,20,MODERATE,1.46
2026-06-06 01:00:00,North Entry Gate,439,1.1,19.2,88.3,0,1,170,50,22,LOW,1.17
2026-06-06 01:00:00,Parking Area,584,0.23,19.2,88.3,0,1,12,29,29,LOW,0.2
2026-06-06 01:00:00,South Exit,320,0.91,19.2,88.3,0,1,25,11,45,LOW,0.79
2026-06-06 01:00:00,VIP Entrance,121,0.6,19.2,88.3,0,1,13,5,7,LOW,0.56
2026-06-06 01:30:00,Food Court,207,0.26,21.6,74.6,0,1,40,12,12,LOW,0.22
2026-06-06 01:30:00,Main Sanctum,365,1.46,21.6,74.6,0,1,157,20,19,LOW,1.18
2026-06-06 01:30:00,North Entry Gate,466,1.17,21.6,74.6,0,1,171,58,26,LOW,0.97
2026-06-06 01:30:00,Parking Area,505,0.2,21.6,74.6,0,1,11,28,29,LOW,0.16
2026-06-06 01:30:00,South Exit,275,0.79,21.6,74.6,0,1,24,8,35,LOW,0.75
2026-06-06 01:30:00,VIP Entrance,112,0.56,21.6,74.6,0,1,15,5,4,LOW,0.46
2026-06-06 02:00:00,Food Court,176,0.22,23.2,70.6,0,1,35,9,10,LOW,0.21
2026-06-06 02:00:00,Main Sanctum,296,1.18,23.2,70.6,0,1,142,17,14,LOW,1.05
2026-06-06 02:00:00,North Entry Gate,388,0.97,23.2,70.6,0,1,127,46,16,LOW,0.81
2026-06-06 02:00:00,Parking Area,411,0.16,23.2,70.6,0,1,9,18,19,LOW,0.18
2026-06-06 02:00:00,South Exit,263,0.75,23.2,70.6,0,1,26,8,34,LOW,0.63
2026-06-06 02:00:00,VIP Entrance,92,0.46,23.2,70.6,0,1,12,4,4,LOW,0.42
2026-06-06 02:30:00,Food Court,167,0.21,20.8,78.8,0,1,32,7,7,LOW,0.13
2026-06-06 02:30:00,Main Sanctum,262,1.05,20.8,78.8,0,1,135,15,15,LOW,0.94
2026-06-06 02:30:00,North Entry Gate,322,0.81,20.8,78.8,0,1,115,42,17,LOW,0.72
2026-06-06 02:30:00,Parking Area,447,0.18,20.8,78.8,0,1,10,21,19,LOW,0.14
2026-06-06 02:30:00,South Exit,220,0.63,20.8,78.8,0,1,22,5,32,LOW,0.43
2026-06-06 02:30:00,VIP Entrance,85,0.42,20.8,78.8,0,1,9,4,5,LOW,0.34
2026-06-06 03:00:00,Food Court,104,0.13,20.5,78.9,0,1,21,5,6,LOW,0.12
2026-06-06 03:00:00,Main Sanctum,235,0.94,20.5,78.9,0,1,111,11,10,LOW,0.72
2026-06-06 03:00:00,North Entry Gate,288,0.72,20.5,78.9,0,1,94,38,13,LOW,0.51
2026-06-06 03:00:00,Parking Area,346,0.14,20.5,78.9,0,1,8,20,14,LOW,0.11
2026-06-06 03:00:00,South Exit,150,0.43,20.5,78.9,0,1,13,4,21,LOW,0.33
2026-06-06 03:00:00,VIP Entrance,68,0.34,20.5,78.9,0,1,6,4,4,LOW,0.27
2026-06-06 03:30:00,Food Court,92,0.12,22.7,66.9,0,1,20,5,5,LOW,0.07
2026-06-06 03:30:00,Main Sanctum,180,0.72,22.7,66.9,0,1,70,10,9,LOW,0.51
2026-06-06 03:30:00,North Entry Gate,204,0.51,22.7,66.9,0,1,76,25,9,LOW,0.25
2026-06-06 03:30:00,Parking Area,268,0.11,22.7,66.9,0,1,7,13,12,LOW,0.07
2026-06-06 03:30:00,South Exit,114,0.33,22.7,66.9,0,1,8,3,15,LOW,0.24
2026-06-06 03:30:00,VIP Entrance,54,0.27,22.7,66.9,0,1,5,3,3,LOW,0.16
2026-06-06 04:00:00,Food Court,53,0.07,24.2,68.7,0,1,10,2,3,LOW,0.04
2026-06-06 04:00:00,Main Sanctum,127,0.51,24.2,68.7,0,1,70,5,7,LOW,0.28
2026-06-06 04:00:00,North Entry Gate,99,0.25,24.2,68.7,0,1,38,12,5,LOW,0.19
2026-06-06 04:00:00,Parking Area,174,0.07,24.2,68.7,0,1,4,9,9,LOW,0.04
2026-06-06 04:00:00,South Exit,83,0.24,24.2,68.7,0,1,9,2,12,LOW,0.13
2026-06-06 04:00:00,VIP Entrance,32,0.16,24.2,68.7,0,1,5,2,2,LOW,0.07
2026-06-06 04:30:00,Food Court,32,0.04,25.6,56.9,0,1,5,2,2,LOW,1.34
2026-06-06 04:30:00,Main Sanctum,69,0.28,25.6,56.9,0,1,31,4,3,LOW,7.46
2026-06-06 04:30:00,North Entry Gate,77,0.19,25.6,56.9,0,1,26,9,4,LOW,5.56
2026-06-06 04:30:00,Parking Area,92,0.04,25.6,56.9,0,1,4,4,4,LOW,1.05
2026-06-06 04:30:00,South Exit,47,0.13,25.6,56.9,0,1,4,1,7,LOW,4.07
2026-06-06 04:30:00,VIP Entrance,15,0.07,25.6,56.9,0,1,3,2,2,LOW,3.02
2026-06-06 05:00:00,Food Court,1072,1.34,28.5,52.3,0,1,178,63,60,LOW,1.38
2026-06-06 05:00:00,Main Sanctum,1865,7.46,28.5,52.3,0,1,1129,94,91,CRITICAL,8.52
2026-06-06 05:00:00,North Entry Gate,2224,5.56,28.5,52.3,0,1,694,263,102,CRITICAL,6.49
2026-06-06 05:00:00,Parking Area,2615,1.05,28.5,52.3,0,1,45,154,142,LOW,1.28
2026-06-06 05:00:00,South Exit,1426,4.07,28.5,52.3,0,1,110,51,213,HIGH,5.02
2026-06-06 05:00:00,VIP Entrance,605,3.02,28.5,52.3,0,1,79,26,34,HIGH,3.25
2026-06-06 05:30:00,Food Court,1105,1.38,27.2,59.9,0,1,256,60,58,LOW,1.69
2026-06-06 05:30:00,Main Sanctum,2129,8.52,27.2,59.9,0,1,879,90,113,CRITICAL,10.46
2026-06-06 05:30:00,North Entry Gate,2596,6.49,27.2,59.9,0,1,894,303,139,CRITICAL,7.52
2026-06-06 05:30:00,Parking Area,3210,1.28,27.2,59.9,0,1,67,176,179,LOW,1.36
2026-06-06 05:30:00,South Exit,1758,5.02,27.2,59.9,0,1,152,40,247,CRITICAL,5.23
2026-06-06 05:30:00,VIP Entrance,651,3.25,27.2,59.9,0,1,81,27,31,HIGH,3.77
2026-06-06 06:00:00,Food Court,1349,1.69,30.0,51.8,0,1,287,60,55,MODERATE,1.77
2026-06-06 06:00:00,Main Sanctum,2615,10.46,30.0,51.8,0,1,1322,132,113,CRITICAL,10.33
2026-06-06 06:00:00,North Entry Gate,3008,7.52,30.0,51.8,0,1,1081,334,131,CRITICAL,6.58
2026-06-06 06:00:00,Parking Area,3403,1.36,30.0,51.8,0,1,77,170,154,LOW,1.67
2026-06-06 06:00:00,South Exit,1830,5.23,30.0,51.8,0,1,143,58,249,CRITICAL,6.64
2026-06-06 06:00:00,VIP Entrance,755,3.77,30.0,51.8,0,1,109,36,40,HIGH,3.44
2026-06-06 06:30:00,Food Court,1419,1.77,28.5,52.1,0,1,279,72,74,MODERATE,1.5
2026-06-06 06:30:00,Main Sanctum,2582,10.33,28.5,52.1,0,1,1364,133,139,CRITICAL,11.13
2026-06-06 06:30:00,North Entry Gate,2632,6.58,28.5,52.1,0,1,951,309,120,CRITICAL,8.34
2026-06-06 06:30:00,Parking Area,4180,1.67,28.5,52.1,0,1,87,207,234,MODERATE,1.46
2026-06-06 06:30:00,South Exit,2324,6.64,28.5,52.1,0,1,193,61,337,CRITICAL,5.8
2026-06-06 06:30:00,VIP Entrance,688,3.44,28.5,52.1,0,1,98,35,28,HIGH,3.87
2026-06-06 07:00:00,Food Court,1203,1.5,30.2,48.0,0,1,252,51,55,MODERATE,1.97
2026-06-06 07:00:00,Main Sanctum,2783,11.13,30.2,48.0,0,1,1545,129,148,CRITICAL,10.79
2026-06-06 07:00:00,North Entry Gate,3335,8.34,30.2,48.0,0,1,1231,375,158,CRITICAL,9.08
2026-06-06 07:00:00,Parking Area,3657,1.46,30.2,48.0,0,1,68,183,167,LOW,2.02
2026-06-06 07:00:00,South Exit,2030,5.8,30.2,48.0,0,1,145,55,269,CRITICAL,6.52
2026-06-06 07:00:00,VIP Entrance,774,3.87,30.2,48.0,0,1,92,43,41,HIGH,3.31
2026-06-06 07:30:00,Food Court,1576,1.97,30.4,47.0,0,1,300,80,68,MODERATE,2.03
2026-06-06 07:30:00,Main Sanctum,2697,10.79,30.4,47.0,0,1,1291,118,144,CRITICAL,11.9
2026-06-06 07:30:00,North Entry Gate,3632,9.08,30.4,47.0,0,1,1555,444,208,CRITICAL,8.65
2026-06-06 07:30:00,Parking Area,5047,2.02,30.4,47.0,0,1,87,287,250,MODERATE,1.5
2026-06-06 07:30:00,South Exit,2281,6.52,30.4,47.0,0,1,182,56,302,CRITICAL,7.31
2026-06-06 07:30:00,VIP Entrance,663,3.31,30.4,47.0,0,1,81,38,28,HIGH,4.61
2026-06-06 08:00:00,Food Court,1622,2.03,31.2,46.1,0,1,364,82,78,MODERATE,1.78
2026-06-06 08:00:00,Main Sanctum,2975,11.9,31.2,46.1,0,1,1518,141,133,CRITICAL,11.82
2026-06-06 08:00:00,North Entry Gate,3459,8.65,31.2,46.1,0,1,1340,407,141,CRITICAL,6.79
2026-06-06 08:00:00,Parking Area,3738,1.5,31.2,46.1,0,1,81,183,168,MODERATE,1.71
2026-06-06 08:00:00,South Exit,2557,7.31,31.2,46.1,0,1,210,68,322,CRITICAL,6.39
2026-06-06 08:00:00,VIP Entrance,922,4.61,31.2,46.1,0,1,104,45,46,CRITICAL,4.14
2026-06-06 08:30:00,Food Court,1423,1.78,32.6,42.1,0,1,286,64,70,MODERATE,2.03
2026-06-06 08:30:00,Main Sanctum,2954,11.82,32.6,42.1,0,1,1423,131,121,CRITICAL,12.05
2026-06-06 08:30:00,North Entry Gate,2715,6.79,32.6,42.1,0,1,1056,310,105,CRITICAL,9.71
2026-06-06 08:30:00,Parking Area,4270,1.71,32.6,42.1,0,1,77,172,243,MODERATE,1.59
2026-06-06 08:30:00,South Exit,2235,6.39,32.6,42.1,0,1,186,60,321,CRITICAL,6.1
2026-06-06 08:30:00,VIP Entrance,828,4.14,32.6,42.1,0,1,91,42,47,HIGH,4.7
2026-06-06 09:00:00,Food Court,1621,2.03,33.3,42.1,0,1,327,75,72,MODERATE,1.65
2026-06-06 09:00:00,Main Sanctum,3013,12.05,33.3,42.1,0,1,1615,142,180,CRITICAL,12.37
2026-06-06 09:00:00,North Entry Gate,3883,9.71,33.3,42.1,0,1,1263,501,178,CRITICAL,7.5
2026-06-06 09:00:00,Parking Area,3967,1.59,33.3,42.1,0,1,75,219,221,MODERATE,1.84
2026-06-06 09:00:00,South Exit,2136,6.1,33.3,42.1,0,1,156,61,315,CRITICAL,6.62
2026-06-06 09:00:00,VIP Entrance,940,4.7,33.3,42.1,0,1,122,42,39,CRITICAL,4.21
2026-06-06 09:30:00,Food Court,1323,1.65,33.6,37.6,0,1,320,71,70,MODERATE,1.62
2026-06-06 09:30:00,Main Sanctum,3093,12.37,33.6,37.6,0,1,1555,174,182,CRITICAL,11.18
2026-06-06 09:30:00,North Entry Gate,3001,7.5,33.6,37.6,0,1,1142,396,183,CRITICAL,7.6
2026-06-06 09:30:00,Parking Area,4610,1.84,33.6,37.6,0,1,97,274,227,MODERATE,1.72
2026-06-06 09:30:00,South Exit,2316,6.62,33.6,37.6,0,1,204,65,331,CRITICAL,5.38
2026-06-06 09:30:00,VIP Entrance,842,4.21,33.6,37.6,0,1,97,35,34,HIGH,4.01
2026-06-06 10:00:00,Food Court,1298,1.62,34.3,38.2,0,1,240,68,65,MODERATE,1.38
2026-06-06 10:00:00,Main Sanctum,2796,11.18,34.3,38.2,0,1,1306,139,161,CRITICAL,10.7
2026-06-06 10:00:00,North Entry Gate,3041,7.6,34.3,38.2,0,1,1151,353,117,CRITICAL,7.35
2026-06-06 10:00:00,Parking Area,4305,1.72,34.3,38.2,0,1,87,224,215,MODERATE,1.39
2026-06-06 10:00:00,South Exit,1884,5.38,34.3,38.2,0,1,141,56,256,CRITICAL,6.4
2026-06-06 10:00:00,VIP Entrance,802,4.01,34.3,38.2,0,1,99,33,48,HIGH,3.67
2026-06-06 10:30:00,Food Court,1107,1.38,36.7,31.4,0,1,209,50,58,LOW,1.5
2026-06-06 10:30:00,Main Sanctum,2674,10.7,36.7,31.4,0,1,1306,135,114,CRITICAL,9.39
2026-06-06 10:30:00,North Entry Gate,2940,7.35,36.7,31.4,0,1,1066,381,143,CRITICAL,6.14
2026-06-06 10:30:00,Parking Area,3463,1.39,36.7,31.4,0,1,78,187,200,LOW,1.38
2026-06-06 10:30:00,South Exit,2240,6.4,36.7,31.4,0,1,164,61,293,CRITICAL,4.98
2026-06-06 10:30:00,VIP Entrance,734,3.67,36.7,31.4,0,1,95,35,35,HIGH,3.75
2026-06-06 11:00:00,Food Court,1196,1.5,38.3,30.0,0,1,257,63,58,MODERATE,1.53
2026-06-06 11:00:00,Main Sanctum,2348,9.39,38.3,30.0,0,1,1395,121,102,CRITICAL,8.98
2026-06-06 11:00:00,North Entry Gate,2457,6.14,38.3,30.0,0,1,889,314,115,CRITICAL,7.78
2026-06-06 11:00:00,Parking Area,3444,1.38,38.3,30.0,0,1,69,143,193,LOW,1.43
2026-06-06 11:00:00,South Exit,1742,4.98,38.3,30.0,0,1,148,46,225,CRITICAL,5.04
2026-06-06 11:00:00,VIP Entrance,751,3.75,38.3,30.0,0,1,93,31,42,HIGH,2.56
2026-06-06 11:30:00,Food Court,1228,1.53,35.3,33.3,0,1,226,62,52,MODERATE,3.17
2026-06-06 11:30:00,Main Sanctum,2246,8.98,35.3,33.3,0,1,1291,92,129,CRITICAL,5.68
2026-06-06 11:30:00,North Entry Gate,3110,7.78,35.3,33.3,0,1,1055,385,180,CRITICAL,4.26
2026-06-06 11:30:00,Parking Area,3581,1.43,35.3,33.3,0,1,76,150,189,LOW,0.91
2026-06-06 11:30:00,South Exit,1763,5.04,35.3,33.3,0,1,156,40,239,CRITICAL,3.39
2026-06-06 11:30:00,VIP Entrance,512,2.56,35.3,33.3,0,1,65,22,29,MODERATE,2.14
2026-06-06 12:00:00,Food Court,2533,3.17,35.6,33.7,0,1,611,104,115,HIGH,2.66
2026-06-06 12:00:00,Main Sanctum,1421,5.68,35.6,33.7,0,1,718,59,66,CRITICAL,6.17
2026-06-06 12:00:00,North Entry Gate,1704,4.26,35.6,33.7,0,1,589,208,69,HIGH,4.88
2026-06-06 12:00:00,Parking Area,2265,0.91,35.6,33.7,0,1,39,108,135,LOW,0.97
2026-06-06 12:00:00,South Exit,1186,3.39,35.6,33.7,0,1,102,30,175,HIGH,3.58
2026-06-06 12:00:00,VIP Entrance,428,2.14,35.6,33.7,0,1,55,23,26,MODERATE,2.24
2026-06-06 12:30:00,Food Court,2129,2.66,36.6,32.5,0,1,390,88,114,MODERATE,3.16
2026-06-06 12:30:00,Main Sanctum,1543,6.17,36.6,32.5,0,1,682,74,84,CRITICAL,7.08
2026-06-06 12:30:00,North Entry Gate,1950,4.88,36.6,32.5,0,1,574,243,84,CRITICAL,4.71
2026-06-06 12:30:00,Parking Area,2415,0.97,36.6,32.5,0,1,46,139,110,LOW,0.95
2026-06-06 12:30:00,South Exit,1252,3.58,36.6,32.5,0,1,98,30,177,HIGH,3.63
2026-06-06 12:30:00,VIP Entrance,448,2.24,36.6,32.5,0,1,59,27,19,MODERATE,2.29
2026-06-06 13:00:00,Food Court,2525,3.16,39.6,30.0,0,1,496,120,136,HIGH,3.3
2026-06-06 13:00:00,Main Sanctum,1771,7.08,39.6,30.0,0,1,798,96,81,CRITICAL,7.07
2026-06-06 13:00:00,North Entry Gate,1885,4.71,39.6,30.0,0,1,790,224,88,CRITICAL,6.09
2026-06-06 13:00:00,Parking Area,2381,0.95,39.6,30.0,0,1,43,124,126,LOW,1.03
2026-06-06 13:00:00,South Exit,1271,3.63,39.6,30.0,0,1,111,32,186,HIGH,4.64
2026-06-06 13:00:00,VIP Entrance,459,2.29,39.6,30.0,0,1,58,18,25,MODERATE,2.77
2026-06-06 13:30:00,Food Court,2637,3.3,35.5,38.9,0,1,534,156,113,HIGH,3.32
2026-06-06 13:30:00,Main Sanctum,1768,7.07,35.5,38.9,0,1,852,91,91,CRITICAL,7.26
2026-06-06 13:30:00,North Entry Gate,2436,6.09,35.5,38.9,0,1,857,280,121,CRITICAL,4.66
2026-06-06 13:30:00,Parking Area,2584,1.03,35.5,38.9,0,1,54,152,113,LOW,1.16
2026-06-06 13:30:00,South Exit,1625,4.64,35.5,38.9,0,1,121,49,209,CRITICAL,3.8
2026-06-06 13:30:00,VIP Entrance,553,2.77,35.5,38.9,0,1,63,25,25,MODERATE,2.81
2026-06-06 14:00:00,Food Court,2657,3.32,36.1,30.0,0,1,493,107,138,HIGH,3.58
2026-06-06 14:00:00,Main Sanctum,1814,7.26,36.1,30.0,0,1,906,103,83,CRITICAL,6.81
2026-06-06 14:00:00,North Entry Gate,1864,4.66,36.1,30.0,0,1,708,211,76,CRITICAL,4.87
2026-06-06 14:00:00,Parking Area,2888,1.16,36.1,30.0,0,1,53,171,125,LOW,1.09
2026-06-06 14:00:00,South Exit,1329,3.8,36.1,30.0,0,1,83,35,204,HIGH,3.61
2026-06-06 14:00:00,VIP Entrance,563,2.81,36.1,30.0,0,1,79,23,23,MODERATE,2.73
2026-06-06 14:30:00,Food Court,2860,3.58,36.2,30.1,0,1,587,162,148,HIGH,1.05
2026-06-06 14:30:00,Main Sanctum,1702,6.81,36.2,30.1,0,1,808,82,83,CRITICAL,6.96
2026-06-06 14:30:00,North Entry Gate,1949,4.87,36.2,30.1,0,1,618,247,85,CRITICAL,5.43
2026-06-06 14:30:00,Parking Area,2727,1.09,36.2,30.1,0,1,48,124,137,LOW,0.86
2026-06-06 14:30:00,South Exit,1264,3.61,36.2,30.1,0,1,114,40,170,HIGH,3.64
2026-06-06 14:30:00,VIP Entrance,547,2.73,36.2,30.1,0,1,58,30,22,MODERATE,2.62
2026-06-06 15:00:00,Food Court,843,1.05,34.1,32.9,0,1,166,42,41,LOW,1.09
2026-06-06 15:00:00,Main Sanctum,1741,6.96,34.1,32.9,0,1,782,82,94,CRITICAL,6.98
2026-06-06 15:00:00,North Entry Gate,2174,5.43,34.1,32.9,0,1,745,260,96,CRITICAL,5.04
2026-06-06 15:00:00,Parking Area,2143,0.86,34.1,32.9,0,1,39,86,92,LOW,0.94
2026-06-06 15:00:00,South Exit,1273,3.64,34.1,32.9,0,1,95,39,166,HIGH,3.87
2026-06-06 15:00:00,VIP Entrance,525,2.62,34.1,32.9,0,1,70,26,23,MODERATE,2.19
2026-06-06 15:30:00,Food Court,874,1.09,34.0,40.8,0,1,174,50,47,LOW,1.43
2026-06-06 15:30:00,Main Sanctum,1746,6.98,34.0,40.8,0,1,882,78,87,CRITICAL,9.0
2026-06-06 15:30:00,North Entry Gate,2014,5.04,34.0,40.8,0,1,777,225,105,CRITICAL,5.97
2026-06-06 15:30:00,Parking Area,2348,0.94,34.0,40.8,0,1,47,116,113,LOW,1.3
2026-06-06 15:30:00,South Exit,1355,3.87,34.0,40.8,0,1,103,31,172,HIGH,4.82
2026-06-06 15:30:00,VIP Entrance,437,2.19,34.0,40.8,0,1,50,26,21,MODERATE,3.05
2026-06-06 16:00:00,Food Court,1147,1.43,32.7,40.9,0,1,243,50,61,LOW,1.77
2026-06-06 16:00:00,Main Sanctum,2250,9.0,32.7,40.9,0,1,1157,109,101,CRITICAL,10.74
2026-06-06 16:00:00,North Entry Gate,2390,5.97,32.7,40.9,0,1,688,311,119,CRITICAL,7.18
2026-06-06 16:00:00,Parking Area,3254,1.3,32.7,40.9,0,1,61,190,169,LOW,1.53
2026-06-06 16:00:00,South Exit,1686,4.82,32.7,40.9,0,1,147,53,226,CRITICAL,5.26
2026-06-06 16:00:00,VIP Entrance,610,3.05,32.7,40.9,0,1,67,26,29,HIGH,4.05
2026-06-06 16:30:00,Food Court,1420,1.77,32.3,43.7,0,1,233,68,73,MODERATE,1.78
2026-06-06 16:30:00,Main Sanctum,2685,10.74,32.3,43.7,0,1,1315,157,127,CRITICAL,8.75
2026-06-06 16:30:00,North Entry Gate,2873,7.18,32.3,43.7,0,1,808,346,164,CRITICAL,7.15
2026-06-06 16:30:00,Parking Area,3830,1.53,32.3,43.7,0,1,64,162,158,MODERATE,1.61
2026-06-06 16:30:00,South Exit,1842,5.26,32.3,43.7,0,1,151,58,253,CRITICAL,5.95
2026-06-06 16:30:00,VIP Entrance,810,4.05,32.3,43.7,0,1,99,43,39,HIGH,3.5
2026-06-06 17:00:00,Food Court,1426,1.78,28.8,51.8,0,1,282,72,60,MODERATE,1.93
2026-06-06 17:00:00,Main Sanctum,2187,8.75,28.8,51.8,0,1,1064,119,91,CRITICAL,10.35
2026-06-06 17:00:00,North Entry Gate,2859,7.15,28.8,51.8,0,1,978,344,142,CRITICAL,8.98
2026-06-06 17:00:00,Parking Area,4013,1.61,28.8,51.8,0,1,74,186,222,MODERATE,1.67
2026-06-06 17:00:00,South Exit,2081,5.95,28.8,51.8,0,1,176,52,286,CRITICAL,5.94
2026-06-06 17:00:00,VIP Entrance,701,3.5,28.8,51.8,0,1,80,31,35,HIGH,4.12
2026-06-06 17:30:00,Food Court,1546,1.93,29.3,51.1,0,1,275,86,70,MODERATE,1.84
2026-06-06 17:30:00,Main Sanctum,2588,10.35,29.3,51.1,0,1,1294,115,137,CRITICAL,13.0
2026-06-06 17:30:00,North Entry Gate,3591,8.98,29.3,51.1,0,1,1290,431,205,CRITICAL,9.01
2026-06-06 17:30:00,Parking Area,4176,1.67,29.3,51.1,0,1,85,220,233,MODERATE,1.63
2026-06-06 17:30:00,South Exit,2078,5.94,29.3,51.1,0,1,162,47,290,CRITICAL,8.25
2026-06-06 17:30:00,VIP Entrance,823,4.12,29.3,51.1,0,1,89,42,42,HIGH,4.07
2026-06-06 18:00:00,Food Court,1475,1.84,28.6,57.9,0,1,334,79,78,MODERATE,1.97
2026-06-06 18:00:00,Main Sanctum,3250,13.0,28.6,57.9,0,1,1546,158,177,CRITICAL,13.87
2026-06-06 18:00:00,North Entry Gate,3605,9.01,28.6,57.9,0,1,1125,413,188,CRITICAL,9.86
2026-06-06 18:00:00,Parking Area,4074,1.63,28.6,57.9,0,1,63,205,231,MODERATE,1.98
2026-06-06 18:00:00,South Exit,2887,8.25,28.6,57.9,0,1,235,88,396,CRITICAL,7.1
2026-06-06 18:00:00,VIP Entrance,813,4.07,28.6,57.9,0,1,110,45,42,HIGH,4.49
2026-06-06 18:30:00,Food Court,1578,1.97,27.5,59.6,0,1,309,92,64,MODERATE,5.48
2026-06-06 18:30:00,Main Sanctum,3468,13.87,27.5,59.6,0,1,1882,163,196,CRITICAL,13.24
2026-06-06 18:30:00,North Entry Gate,3945,9.86,27.5,59.6,0,1,1405,426,186,CRITICAL,9.36
2026-06-06 18:30:00,Parking Area,4939,1.98,27.5,59.6,0,1,89,250,248,MODERATE,1.86
2026-06-06 18:30:00,South Exit,2486,7.1,27.5,59.6,0,1,164,67,370,CRITICAL,7.7
2026-06-06 18:30:00,VIP Entrance,898,4.49,27.5,59.6,0,1,107,38,48,HIGH,5.0
2026-06-06 19:00:00,Food Court,4383,5.48,27.3,57.8,0,1,848,213,202,CRITICAL,5.42
2026-06-06 19:00:00,Main Sanctum,3310,13.24,27.3,57.8,0,1,1898,135,165,CRITICAL,12.93
2026-06-06 19:00:00,North Entry Gate,3743,9.36,27.3,57.8,0,1,1321,404,134,CRITICAL,9.31
2026-06-06 19:00:00,Parking Area,4638,1.86,27.3,57.8,0,1,88,258,276,MODERATE,1.92
2026-06-06 19:00:00,South Exit,2694,7.7,27.3,57.8,0,1,224,76,410,CRITICAL,7.7
2026-06-06 19:00:00,VIP Entrance,1001,5.0,27.3,57.8,0,1,102,40,45,CRITICAL,5.04
2026-06-06 19:30:00,Food Court,4332,5.42,25.5,65.8,0,1,987,205,174,CRITICAL,5.12
2026-06-06 19:30:00,Main Sanctum,3232,12.93,25.5,65.8,0,1,1691,131,162,CRITICAL,11.72
2026-06-06 19:30:00,North Entry Gate,3723,9.31,25.5,65.8,0,1,1312,410,150,CRITICAL,8.68
2026-06-06 19:30:00,Parking Area,4801,1.92,25.5,65.8,0,1,96,286,277,MODERATE,1.83
2026-06-06 19:30:00,South Exit,2695,7.7,25.5,65.8,0,1,187,90,394,CRITICAL,7.26
2026-06-06 19:30:00,VIP Entrance,1009,5.04,25.5,65.8,0,1,109,53,59,CRITICAL,4.88
2026-06-06 20:00:00,Food Court,4092,5.12,22.6,74.6,0,1,801,176,196,CRITICAL,5.89
2026-06-06 20:00:00,Main Sanctum,2930,11.72,22.6,74.6,0,1,1664,165,157,CRITICAL,12.28
2026-06-06 20:00:00,North Entry Gate,3472,8.68,22.6,74.6,0,1,1360,385,185,CRITICAL,9.12
2026-06-06 20:00:00,Parking Area,4575,1.83,22.6,74.6,0,1,100,250,260,MODERATE,1.9
2026-06-06 20:00:00,South Exit,2540,7.26,22.6,74.6,0,1,214,68,326,CRITICAL,5.88
2026-06-06 20:00:00,VIP Entrance,976,4.88,22.6,74.6,0,1,93,52,58,CRITICAL,3.98
2026-06-06 20:30:00,Food Court,4709,5.89,23.8,67.4,0,1,1062,279,209,CRITICAL,5.4
2026-06-06 20:30:00,Main Sanctum,3071,12.28,23.8,67.4,0,1,1418,135,167,CRITICAL,10.97
2026-06-06 20:30:00,North Entry Gate,3649,9.12,23.8,67.4,0,1,1447,423,138,CRITICAL,6.92
2026-06-06 20:30:00,Parking Area,4759,1.9,23.8,67.4,0,1,91,260,245,MODERATE,1.47
2026-06-06 20:30:00,South Exit,2058,5.88,23.8,67.4,0,1,170,55,274,CRITICAL,5.28
2026-06-06 20:30:00,VIP Entrance,796,3.98,23.8,67.4,0,1,109,36,35,HIGH,3.33
2026-06-06 21:00:00,Food Court,4323,5.4,21.3,71.7,0,1,856,252,227,CRITICAL,4.45
2026-06-06 21:00:00,Main Sanctum,2742,10.97,21.3,71.7,0,1,1476,153,163,CRITICAL,9.21
2026-06-06 21:00:00,North Entry Gate,2768,6.92,21.3,71.7,0,1,995,312,149,CRITICAL,6.89
2026-06-06 21:00:00,Parking Area,3673,1.47,21.3,71.7,0,1,55,177,215,LOW,1.45
2026-06-06 21:00:00,South Exit,1849,5.28,21.3,71.7,0,1,153,61,278,CRITICAL,5.16
2026-06-06 21:00:00,VIP Entrance,667,3.33,21.3,71.7,0,1,89,27,28,HIGH,3.85
2026-06-06 21:30:00,Food Court,3559,4.45,20.8,74.9,0,1,786,183,212,HIGH,0.23
2026-06-06 21:30:00,Main Sanctum,2303,9.21,20.8,74.9,0,1,1209,134,106,CRITICAL,1.29
2026-06-06 21:30:00,North Entry Gate,2756,6.89,20.8,74.9,0,1,1122,308,112,CRITICAL,1.02
2026-06-06 21:30:00,Parking Area,3618,1.45,20.8,74.9,0,1,62,192,194,LOW,0.21
2026-06-06 21:30:00,South Exit,1806,5.16,20.8,74.9,0,1,145,54,254,CRITICAL,0.9
2026-06-06 21:30:00,VIP Entrance,771,3.85,20.8,74.9,0,1,88,40,32,HIGH,0.52
2026-06-06 22:00:00,Food Court,188,0.23,20.6,74.2,0,1,40,10,11,LOW,0.29
2026-06-06 22:00:00,Main Sanctum,322,1.29,20.6,74.2,0,1,147,14,19,LOW,1.36
2026-06-06 22:00:00,North Entry Gate,408,1.02,20.6,74.2,0,1,157,46,15,LOW,1.23
2026-06-06 22:00:00,Parking Area,534,0.21,20.6,74.2,0,1,10,26,25,LOW,0.2
2026-06-06 22:00:00,South Exit,314,0.9,20.6,74.2,0,1,22,10,48,LOW,0.85
2026-06-06 22:00:00,VIP Entrance,103,0.52,20.6,74.2,0,1,14,6,4,LOW,0.5
2026-06-06 22:30:00,Food Court,229,0.29,20.5,82.0,0,1,50,11,14,LOW,0.27
2026-06-06 22:30:00,Main Sanctum,340,1.36,20.5,82.0,0,1,149,17,19,LOW,1.74
2026-06-06 22:30:00,North Entry Gate,493,1.23,20.5,82.0,0,1,159,60,21,LOW,1.16
2026-06-06 22:30:00,Parking Area,489,0.2,20.5,82.0,0,1,7,26,21,LOW,0.23
2026-06-06 22:30:00,South Exit,298,0.85,20.5,82.0,0,1,24,9,45,LOW,0.89
2026-06-06 22:30:00,VIP Entrance,100,0.5,20.5,82.0,0,1,13,5,5,LOW,0.65
2026-06-06 23:00:00,Food Court,216,0.27,18.4,88.8,0,1,45,13,10,LOW,0.3
2026-06-06 23:00:00,Main Sanctum,435,1.74,18.4,88.8,0,1,217,25,19,MODERATE,1.72
2026-06-06 23:00:00,North Entry Gate,465,1.16,18.4,88.8,0,1,159,57,27,LOW,1.16
2026-06-06 23:00:00,Parking Area,572,0.23,18.4,88.8,0,1,13,33,31,LOW,0.27
2026-06-06 23:00:00,South Exit,311,0.89,18.4,88.8,0,1,29,9,41,LOW,0.97
2026-06-06 23:00:00,VIP Entrance,129,0.65,18.4,88.8,0,1,19,6,5,LOW,0.69
2026-06-06 23:30:00,Food Court,239,0.3,21.4,80.6,0,1,48,13,14,LOW,0.29
2026-06-06 23:30:00,Main Sanctum,431,1.72,21.4,80.6,0,1,225,24,25,MODERATE,1.71
2026-06-06 23:30:00,North Entry Gate,463,1.16,21.4,80.6,0,1,192,56,22,LOW,1.4
2026-06-06 23:30:00,Parking Area,672,0.27,21.4,80.6,0,1,10,30,31,LOW,0.25
2026-06-06 23:30:00,South Exit,338,0.97,21.4,80.6,0,1,27,9,43,LOW,1.02
2026-06-06 23:30:00,VIP Entrance,139,0.69,21.4,80.6,0,1,15,8,7,LOW,0.73
2026-06-07 00:00:00,Food Court,236,0.29,18.6,78.1,0,1,51,13,10,LOW,0.28
2026-06-07 00:00:00,Main Sanctum,427,1.71,18.6,78.1,0,1,212,23,25,MODERATE,1.68
2026-06-07 00:00:00,North Entry Gate,560,1.4,18.6,78.1,0,1,167,67,23,LOW,1.32
2026-06-07 00:00:00,Parking Area,632,0.25,18.6,78.1,0,1,11,28,36,LOW,0.28
2026-06-07 00:00:00,South Exit,358,1.02,18.6,78.1,0,1,31,10,50,LOW,1.06
2026-06-07 00:00:00,VIP Entrance,147,0.73,18.6,78.1,0,1,19,7,7,LOW,0.58
2026-06-07 00:30:00,Food Court,220,0.28,22.0,77.2,0,1,45,9,12,LOW,0.24
2026-06-07 00:30:00,Main Sanctum,419,1.68,22.0,77.2,0,1,196,18,21,MODERATE,1.66
2026-06-07 00:30:00,North Entry Gate,528,1.32,22.0,77.2,0,1,195,68,31,LOW,1.21
2026-06-07 00:30:00,Parking Area,690,0.28,22.0,77.2,0,1,15,33,28,LOW,0.28
2026-06-07 00:30:00,South Exit,372,1.06,22.0,77.2,0,1,35,12,50,LOW,0.83
2026-06-07 00:30:00,VIP Entrance,117,0.58,22.0,77.2,0,1,11,6,7,LOW,0.65
2026-06-07 01:00:00,Food Court,189,0.24,18.9,89.9,0,1,40,8,10,LOW,0.25
2026-06-07 01:00:00,Main Sanctum,414,1.66,18.9,89.9,0,1,171,22,21,MODERATE,1.36
2026-06-07 01:00:00,North Entry Gate,484,1.21,18.9,89.9,0,1,177,55,20,LOW,1.04
2026-06-07 01:00:00,Parking Area,705,0.28,18.9,89.9,0,1,15,37,35,LOW,0.23
2026-06-07 01:00:00,South Exit,290,0.83,18.9,89.9,0,1,22,7,40,LOW,0.88
2026-06-07 01:00:00,VIP Entrance,130,0.65,18.9,89.9,0,1,13,7,8,LOW,0.41
2026-06-07 01:30:00,Food Court,199,0.25,22.1,77.0,0,1,45,9,10,LOW,0.17
2026-06-07 01:30:00,Main Sanctum,341,1.36,22.1,77.0,0,1,168,17,18,LOW,1.35
2026-06-07 01:30:00,North Entry Gate,415,1.04,22.1,77.0,0,1,174,47,16,LOW,0.9
2026-06-07 01:30:00,Parking Area,578,0.23,22.1,77.0,0,1,11,33,27,LOW,0.19
2026-06-07 01:30:00,South Exit,309,0.88,22.1,77.0,0,1,27,7,39,LOW,0.75
2026-06-07 01:30:00,VIP Entrance,81,0.41,22.1,77.0,0,1,6,4,4,LOW,0.47
2026-06-07 02:00:00,Food Court,140,0.17,21.0,70.5,0,1,26,8,7,LOW,0.2
2026-06-07 02:00:00,Main Sanctum,338,1.35,21.0,70.5,0,1,176,16,17,LOW,1.02
2026-06-07 02:00:00,North Entry Gate,361,0.9,21.0,70.5,0,1,101,40,16,LOW,0.89
2026-06-07 02:00:00,Parking Area,485,0.19,21.0,70.5,0,1,12,20,22,LOW,0.16
2026-06-07 02:00:00,South Exit,262,0.75,21.0,70.5,0,1,21,7,36,LOW,0.56
2026-06-07 02:00:00,VIP Entrance,95,0.47,21.0,70.5,0,1,15,5,5,LOW,0.41
2026-06-07 02:30:00,Food Court,158,0.2,19.6,86.5,0,1,29,8,7,LOW,0.14
2026-06-07 02:30:00,Main Sanctum,254,1.02,19.6,86.5,0,1,122,11,10,LOW,0.9
2026-06-07 02:30:00,North Entry Gate,355,0.89,19.6,86.5,0,1,95,40,19,LOW,0.72
2026-06-07 02:30:00,Parking Area,391,0.16,19.6,86.5,0,1,8,19,21,LOW,0.12
2026-06-07 02:30:00,South Exit,196,0.56,19.6,86.5,0,1,15,5,25,LOW,0.45
2026-06-07 02:30:00,VIP Entrance,81,0.41,19.6,86.5,0,1,12,5,4,LOW,0.28
2026-06-07 03:00:00,Food Court,113,0.14,21.1,76.8,0,1,28,6,6,LOW,0.11
2026-06-07 03:00:00,Main Sanctum,225,0.9,21.1,76.8,0,1,122,13,13,LOW,0.6
2026-06-07 03:00:00,North Entry Gate,289,0.72,21.1,76.8,0,1,110,35,14,LOW,0.46
2026-06-07 03:00:00,Parking Area,301,0.12,21.1,76.8,0,1,4,17,17,LOW,0.09
2026-06-07 03:00:00,South Exit,156,0.45,21.1,76.8,0,1,12,4,23,LOW,0.37
2026-06-07 03:00:00,VIP Entrance,56,0.28,21.1,76.8,0,1,4,3,3,LOW,0.22
2026-06-07 03:30:00,Food Court,91,0.11,24.7,65.2,0,1,18,5,5,LOW,0.07
2026-06-07 03:30:00,Main Sanctum,149,0.6,24.7,65.2,0,1,61,6,7,LOW,0.45
2026-06-07 03:30:00,North Entry Gate,183,0.46,24.7,65.2,0,1,77,24,8,LOW,0.31
2026-06-07 03:30:00,Parking Area,221,0.09,24.7,65.2,0,1,4,12,9,LOW,0.07
2026-06-07 03:30:00,South Exit,129,0.37,24.7,65.2,0,1,7,4,17,LOW,0.27
2026-06-07 03:30:00,VIP Entrance,44,0.22,24.7,65.2,0,1,7,3,2,LOW,0.17
2026-06-07 04:00:00,Food Court,59,0.07,24.5,67.9,0,1,11,3,3,LOW,0.04
2026-06-07 04:00:00,Main Sanctum,112,0.45,24.5,67.9,0,1,57,5,7,LOW,0.22
2026-06-07 04:00:00,North Entry Gate,123,0.31,24.5,67.9,0,1,39,14,6,LOW,0.18
2026-06-07 04:00:00,Parking Area,163,0.07,24.5,67.9,0,1,7,7,8,LOW,0.04
2026-06-07 04:00:00,South Exit,95,0.27,24.5,67.9,0,1,7,3,14,LOW,0.13
2026-06-07 04:00:00,VIP Entrance,33,0.17,24.5,67.9,0,1,4,2,2,LOW,0.09
2026-06-07 04:30:00,Food Court,32,0.04,24.8,62.5,0,1,10,2,2,LOW,1.2
2026-06-07 04:30:00,Main Sanctum,54,0.22,24.8,62.5,0,1,30,3,3,LOW,7.16
2026-06-07 04:30:00,North Entry Gate,74,0.18,24.8,62.5,0,1,26,9,4,LOW,5.29
2026-06-07 04:30:00,Parking Area,91,0.04,24.8,62.5,0,1,4,4,4,LOW,0.99
2026-06-07 04:30:00,South Exit,46,0.13,24.8,62.5,0,1,4,1,6,LOW,4.11
2026-06-07 04:30:00,VIP Entrance,18,0.09,24.8,62.5,0,1,0,2,2,LOW,3.12
2026-06-07 05:00:00,Food Court,959,1.2,23.3,70.1,0,1,161,53,57,LOW,1.36
2026-06-07 05:00:00,Main Sanctum,1789,7.16,23.3,70.1,0,1,964,87,100,CRITICAL,8.32
2026-06-07 05:00:00,North Entry Gate,2115,5.29,23.3,70.1,0,1,748,269,104,CRITICAL,7.96
2026-06-07 05:00:00,Parking Area,2471,0.99,23.3,70.1,0,1,55,115,101,LOW,1.2
2026-06-07 05:00:00,South Exit,1437,4.11,23.3,70.1,0,1,126,37,203,HIGH,5.29
2026-06-07 05:00:00,VIP Entrance,623,3.12,23.3,70.1,0,1,73,37,36,HIGH,3.1
2026-06-07 05:30:00,Food Court,1086,1.36,28.6,59.1,0,1,175,51,51,LOW,1.51
2026-06-07 05:30:00,Main Sanctum,2081,8.32,28.6,59.1,0,1,1204,96,109,CRITICAL,9.6
2026-06-07 05:30:00,North Entry Gate,3183,7.96,28.6,59.1,0,1,1024,359,131,CRITICAL,6.83
2026-06-07 05:30:00,Parking Area,3012,1.2,28.6,59.1,0,1,61,167,144,LOW,1.55
2026-06-07 05:30:00,South Exit,1851,5.29,28.6,59.1,0,1,158,53,241,CRITICAL,5.13
2026-06-07 05:30:00,VIP Entrance,620,3.1,28.6,59.1,0,1,76,37,32,HIGH,3.08
2026-06-07 06:00:00,Food Court,1211,1.51,30.2,51.3,0,1,264,58,59,MODERATE,1.77
2026-06-07 06:00:00,Main Sanctum,2401,9.6,30.2,51.3,0,1,1311,117,113,CRITICAL,9.63
2026-06-07 06:00:00,North Entry Gate,2734,6.83,30.2,51.3,0,1,936,334,141,CRITICAL,8.57
2026-06-07 06:00:00,Parking Area,3875,1.55,30.2,51.3,0,1,77,191,229,MODERATE,1.54
2026-06-07 06:00:00,South Exit,1796,5.13,30.2,51.3,0,1,132,46,255,CRITICAL,6.04
2026-06-07 06:00:00,VIP Entrance,617,3.08,30.2,51.3,0,1,80,37,32,HIGH,3.54
2026-06-07 06:30:00,Food Court,1419,1.77,31.1,46.9,0,1,345,65,70,MODERATE,1.89
2026-06-07 06:30:00,Main Sanctum,2407,9.63,31.1,46.9,0,1,1213,105,138,CRITICAL,11.78
2026-06-07 06:30:00,North Entry Gate,3427,8.57,31.1,46.9,0,1,1060,403,182,CRITICAL,8.46
2026-06-07 06:30:00,Parking Area,3849,1.54,31.1,46.9,0,1,67,183,166,MODERATE,1.48
2026-06-07 06:30:00,South Exit,2113,6.04,31.1,46.9,0,1,170,50,271,CRITICAL,6.25
2026-06-07 06:30:00,VIP Entrance,708,3.54,31.1,46.9,0,1,91,32,33,HIGH,3.52
2026-06-07 07:00:00,Food Court,1512,1.89,29.3,52.4,0,1,307,62,61,MODERATE,1.73
2026-06-07 07:00:00,Main Sanctum,2945,11.78,29.3,52.4,0,1,1598,141,143,CRITICAL,10.95
2026-06-07 07:00:00,North Entry Gate,3382,8.46,29.3,52.4,0,1,1239,396,146,CRITICAL,7.72
2026-06-07 07:00:00,Parking Area,3710,1.48,29.3,52.4,0,1,71,168,167,LOW,1.67
2026-06-07 07:00:00,South Exit,2189,6.25,29.3,52.4,0,1,170,70,333,CRITICAL,6.41
2026-06-07 07:00:00,VIP Entrance,703,3.52,29.3,52.4,0,1,90,41,33,HIGH,4.2
2026-06-07 07:30:00,Food Court,1386,1.73,31.5,42.0,0,1,295,68,81,MODERATE,1.9
2026-06-07 07:30:00,Main Sanctum,2738,10.95,31.5,42.0,0,1,1203,135,111,CRITICAL,10.71
2026-06-07 07:30:00,North Entry Gate,3087,7.72,31.5,42.0,0,1,980,344,142,CRITICAL,8.04
2026-06-07 07:30:00,Parking Area,4169,1.67,31.5,42.0,0,1,78,219,237,MODERATE,1.94
2026-06-07 07:30:00,South Exit,2242,6.41,31.5,42.0,0,1,173,77,326,CRITICAL,5.97
2026-06-07 07:30:00,VIP Entrance,839,4.2,31.5,42.0,0,1,80,50,46,HIGH,4.07
2026-06-07 08:00:00,Food Court,1521,1.9,32.6,41.8,0,1,354,79,85,MODERATE,2.13
2026-06-07 08:00:00,Main Sanctum,2677,10.71,32.6,41.8,0,1,1369,152,151,CRITICAL,11.18
2026-06-07 08:00:00,North Entry Gate,3217,8.04,32.6,41.8,0,1,1221,379,126,CRITICAL,8.92
2026-06-07 08:00:00,Parking Area,4856,1.94,32.6,41.8,0,1,104,224,244,MODERATE,1.77
2026-06-07 08:00:00,South Exit,2090,5.97,32.6,41.8,0,1,169,59,265,CRITICAL,5.98
2026-06-07 08:00:00,VIP Entrance,813,4.07,32.6,41.8,0,1,98,45,44,HIGH,4.14
2026-06-07 08:30:00,Food Court,1706,2.13,31.0,42.1,0,1,349,82,79,MODERATE,1.91
2026-06-07 08:30:00,Main Sanctum,2794,11.18,31.0,42.1,0,1,1456,151,155,CRITICAL,11.02
2026-06-07 08:30:00,North Entry Gate,3567,8.92,31.0,42.1,0,1,1355,391,141,CRITICAL,9.47
2026-06-07 08:30:00,Parking Area,4425,1.77,31.0,42.1,0,1,90,216,240,MODERATE,1.48
2026-06-07 08:30:00,South Exit,2094,5.98,31.0,42.1,0,1,148,68,297,CRITICAL,6.52
2026-06-07 08:30:00,VIP Entrance,828,4.14,31.0,42.1,0,1,110,33,49,HIGH,3.67
2026-06-07 09:00:00,Food Court,1529,1.91,33.9,41.4,0,1,286,83,62,MODERATE,1.76
2026-06-07 09:00:00,Main Sanctum,2754,11.02,33.9,41.4,0,1,1252,128,146,CRITICAL,9.2
2026-06-07 09:00:00,North Entry Gate,3788,9.47,33.9,41.4,0,1,1373,484,160,CRITICAL,8.42
2026-06-07 09:00:00,Parking Area,3703,1.48,33.9,41.4,0,1,92,158,196,LOW,1.63
2026-06-07 09:00:00,South Exit,2281,6.52,33.9,41.4,0,1,226,57,301,CRITICAL,6.13
2026-06-07 09:00:00,VIP Entrance,734,3.67,33.9,41.4,0,1,95,29,32,HIGH,3.78
2026-06-07 09:30:00,Food Court,1407,1.76,35.6,30.0,0,1,265,67,81,MODERATE,1.96
2026-06-07 09:30:00,Main Sanctum,2299,9.2,35.6,30.0,0,1,1254,106,104,CRITICAL,10.65
2026-06-07 09:30:00,North Entry Gate,3368,8.42,35.6,30.0,0,1,1262,444,179,CRITICAL,8.0
2026-06-07 09:30:00,Parking Area,4072,1.63,35.6,30.0,0,1,68,216,233,MODERATE,1.45
2026-06-07 09:30:00,South Exit,2145,6.13,35.6,30.0,0,1,136,50,282,CRITICAL,6.4
2026-06-07 09:30:00,VIP Entrance,756,3.78,35.6,30.0,0,1,90,35,34,HIGH,4.07
2026-06-07 10:00:00,Food Court,1570,1.96,35.8,35.2,0,1,275,91,71,MODERATE,1.76
2026-06-07 10:00:00,Main Sanctum,2663,10.65,35.8,35.2,0,1,1632,107,124,CRITICAL,9.76
2026-06-07 10:00:00,North Entry Gate,3201,8.0,35.8,35.2,0,1,1239,389,161,CRITICAL,7.55
2026-06-07 10:00:00,Parking Area,3617,1.45,35.8,35.2,0,1,64,211,175,LOW,1.34
2026-06-07 10:00:00,South Exit,2239,6.4,35.8,35.2,0,1,162,59,286,CRITICAL,5.66
2026-06-07 10:00:00,VIP Entrance,813,4.07,35.8,35.2,0,1,104,46,39,HIGH,3.58
2026-06-07 10:30:00,Food Court,1410,1.76,34.1,40.6,0,1,306,83,77,MODERATE,1.67
2026-06-07 10:30:00,Main Sanctum,2441,9.76,34.1,40.6,0,1,1228,117,112,CRITICAL,7.48
2026-06-07 10:30:00,North Entry Gate,3020,7.55,34.1,40.6,0,1,1137,327,110,CRITICAL,7.08
2026-06-07 10:30:00,Parking Area,3361,1.34,34.1,40.6,0,1,79,155,180,LOW,1.26
2026-06-07 10:30:00,South Exit,1981,5.66,34.1,40.6,0,1,160,57,277,CRITICAL,4.71
2026-06-07 10:30:00,VIP Entrance,717,3.58,34.1,40.6,0,1,90,35,36,HIGH,4.0
2026-06-07 11:00:00,Food Court,1332,1.67,34.7,39.9,0,1,280,72,73,MODERATE,1.4
2026-06-07 11:00:00,Main Sanctum,1869,7.48,34.7,39.9,0,1,769,112,89,CRITICAL,9.03
2026-06-07 11:00:00,North Entry Gate,2834,7.08,34.7,39.9,0,1,826,326,140,CRITICAL,6.23
2026-06-07 11:00:00,Parking Area,3150,1.26,34.7,39.9,0,1,65,160,143,LOW,1.28
2026-06-07 11:00:00,South Exit,1650,4.71,34.7,39.9,0,1,118,50,249,CRITICAL,4.67
2026-06-07 11:00:00,VIP Entrance,801,4.0,34.7,39.9,0,1,97,39,42,HIGH,3.33
2026-06-07 11:30:00,Food Court,1118,1.4,36.9,30.0,0,1,205,50,64,LOW,3.05
2026-06-07 11:30:00,Main Sanctum,2258,9.03,36.9,30.0,0,1,1024,94,100,CRITICAL,6.35
2026-06-07 11:30:00,North Entry Gate,2491,6.23,36.9,30.0,0,1,862,294,116,CRITICAL,4.29
2026-06-07 11:30:00,Parking Area,3197,1.28,36.9,30.0,0,1,67,129,150,LOW,0.82
2026-06-07 11:30:00,South Exit,1635,4.67,36.9,30.0,0,1,152,49,238,CRITICAL,3.61
2026-06-07 11:30:00,VIP Entrance,666,3.33,36.9,30.0,0,1,75,38,28,HIGH,2.13
2026-06-07 12:00:00,Food Court,2440,3.05,36.8,32.3,0,1,481,114,102,HIGH,3.06
2026-06-07 12:00:00,Main Sanctum,1588,6.35,36.8,32.3,0,1,722,67,84,CRITICAL,6.42
2026-06-07 12:00:00,North Entry Gate,1716,4.29,36.8,32.3,0,1,595,201,91,HIGH,4.7
2026-06-07 12:00:00,Parking Area,2050,0.82,36.8,32.3,0,1,36,121,106,LOW,0.9
2026-06-07 12:00:00,South Exit,1264,3.61,36.8,32.3,0,1,93,38,164,HIGH,3.43
2026-06-07 12:00:00,VIP Entrance,427,2.13,36.8,32.3,0,1,53,23,22,MODERATE,2.17
2026-06-07 12:30:00,Food Court,2452,3.06,33.2,39.9,0,1,509,123,111,HIGH,3.27
2026-06-07 12:30:00,Main Sanctum,1605,6.42,33.2,39.9,0,1,769,92,80,CRITICAL,6.16
2026-06-07 12:30:00,North Entry Gate,1879,4.7,33.2,39.9,0,1,681,204,85,CRITICAL,4.96
2026-06-07 12:30:00,Parking Area,2249,0.9,33.2,39.9,0,1,46,124,94,LOW,1.06
2026-06-07 12:30:00,South Exit,1200,3.43,33.2,39.9,0,1,100,32,168,HIGH,4.26
2026-06-07 12:30:00,VIP Entrance,433,2.17,33.2,39.9,0,1,58,24,20,MODERATE,2.27
2026-06-07 13:00:00,Food Court,2614,3.27,32.8,38.0,0,1,370,121,130,HIGH,3.51
2026-06-07 13:00:00,Main Sanctum,1539,6.16,32.8,38.0,0,1,835,70,81,CRITICAL,5.78
2026-06-07 13:00:00,North Entry Gate,1984,4.96,32.8,38.0,0,1,567,216,76,CRITICAL,5.29
2026-06-07 13:00:00,Parking Area,2658,1.06,32.8,38.0,0,1,47,149,115,LOW,1.11
2026-06-07 13:00:00,South Exit,1490,4.26,32.8,38.0,0,1,119,43,188,HIGH,4.11
2026-06-07 13:00:00,VIP Entrance,454,2.27,32.8,38.0,0,1,47,24,24,MODERATE,2.47
2026-06-07 13:30:00,Food Court,2811,3.51,35.3,38.7,0,1,595,149,116,HIGH,3.54
2026-06-07 13:30:00,Main Sanctum,1445,5.78,35.3,38.7,0,1,645,78,77,CRITICAL,7.04
2026-06-07 13:30:00,North Entry Gate,2118,5.29,35.3,38.7,0,1,724,273,110,CRITICAL,4.76
2026-06-07 13:30:00,Parking Area,2781,1.11,35.3,38.7,0,1,63,134,140,LOW,1.05
2026-06-07 13:30:00,South Exit,1439,4.11,35.3,38.7,0,1,103,31,191,HIGH,4.27
2026-06-07 13:30:00,VIP Entrance,494,2.47,35.3,38.7,0,1,54,25,27,MODERATE,2.19
2026-06-07 14:00:00,Food Court,2832,3.54,34.2,37.1,0,1,597,158,116,HIGH,2.89
2026-06-07 14:00:00,Main Sanctum,1760,7.04,34.2,37.1,0,1,923,76,96,CRITICAL,7.52
2026-06-07 14:00:00,North Entry Gate,1903,4.76,34.2,37.1,0,1,574,217,78,CRITICAL,5.69
2026-06-07 14:00:00,Parking Area,2631,1.05,34.2,37.1,0,1,64,123,115,LOW,0.98
2026-06-07 14:00:00,South Exit,1495,4.27,34.2,37.1,0,1,134,37,194,HIGH,4.29
2026-06-07 14:00:00,VIP Entrance,439,2.19,34.2,37.1,0,1,60,24,18,MODERATE,2.43
2026-06-07 14:30:00,Food Court,2315,2.89,34.0,33.8,0,1,525,114,98,MODERATE,1.03
2026-06-07 14:30:00,Main Sanctum,1879,7.52,34.0,33.8,0,1,1051,112,102,CRITICAL,6.16
2026-06-07 14:30:00,North Entry Gate,2275,5.69,34.0,33.8,0,1,762,274,112,CRITICAL,5.19
2026-06-07 14:30:00,Parking Area,2458,0.98,34.0,33.8,0,1,48,136,123,LOW,1.11
2026-06-07 14:30:00,South Exit,1502,4.29,34.0,33.8,0,1,120,38,194,HIGH,4.31
2026-06-07 14:30:00,VIP Entrance,486,2.43,34.0,33.8,0,1,69,27,21,MODERATE,2.47
2026-06-07 15:00:00,Food Court,828,1.03,33.2,39.0,0,1,180,36,45,LOW,0.97
2026-06-07 15:00:00,Main Sanctum,1539,6.16,33.2,39.0,0,1,833,87,74,CRITICAL,6.47
2026-06-07 15:00:00,North Entry Gate,2077,5.19,33.2,39.0,0,1,643,266,105,CRITICAL,4.27
2026-06-07 15:00:00,Parking Area,2774,1.11,33.2,39.0,0,1,58,147,124,LOW,0.91
2026-06-07 15:00:00,South Exit,1509,4.31,33.2,39.0,0,1,96,37,207,HIGH,3.33
2026-06-07 15:00:00,VIP Entrance,494,2.47,33.2,39.0,0,1,67,25,23,MODERATE,2.25
2026-06-07 15:30:00,Food Court,774,0.97,34.1,36.4,0,1,142,41,39,LOW,1.28
2026-06-07 15:30:00,Main Sanctum,1618,6.47,34.1,36.4,0,1,972,90,81,CRITICAL,7.63
2026-06-07 15:30:00,North Entry Gate,1707,4.27,34.1,36.4,0,1,596,224,100,HIGH,6.08
2026-06-07 15:30:00,Parking Area,2280,0.91,34.1,36.4,0,1,44,111,128,LOW,1.32
2026-06-07 15:30:00,South Exit,1165,3.33,34.1,36.4,0,1,89,39,168,HIGH,4.03
2026-06-07 15:30:00,VIP Entrance,449,2.25,34.1,36.4,0,1,65,27,24,MODERATE,3.22
2026-06-07 16:00:00,Food Court,1028,1.28,32.1,45.1,0,1,182,61,60,LOW,1.49
2026-06-07 16:00:00,Main Sanctum,1907,7.63,32.1,45.1,0,1,874,78,88,CRITICAL,9.08
2026-06-07 16:00:00,North Entry Gate,2434,6.08,32.1,45.1,0,1,828,287,97,CRITICAL,7.17
2026-06-07 16:00:00,Parking Area,3304,1.32,32.1,45.1,0,1,68,164,132,LOW,1.27
2026-06-07 16:00:00,South Exit,1409,4.03,32.1,45.1,0,1,133,36,216,HIGH,5.95
2026-06-07 16:00:00,VIP Entrance,644,3.22,32.1,45.1,0,1,75,38,30,HIGH,3.4
2026-06-07 16:30:00,Food Court,1188,1.49,31.4,52.8,0,1,248,57,57,LOW,1.78
2026-06-07 16:30:00,Main Sanctum,2271,9.08,31.4,52.8,0,1,1005,129,121,CRITICAL,10.94
2026-06-07 16:30:00,North Entry Gate,2869,7.17,31.4,52.8,0,1,837,323,105,CRITICAL,8.06
2026-06-07 16:30:00,Parking Area,3180,1.27,31.4,52.8,0,1,61,185,133,LOW,1.61
2026-06-07 16:30:00,South Exit,2082,5.95,31.4,52.8,0,1,156,74,315,CRITICAL,6.33
2026-06-07 16:30:00,VIP Entrance,680,3.4,31.4,52.8,0,1,88,37,31,HIGH,3.94
2026-06-07 17:00:00,Food Court,1422,1.78,28.5,56.1,0,1,331,82,74,MODERATE,1.78
2026-06-07 17:00:00,Main Sanctum,2735,10.94,28.5,56.1,0,1,1406,117,141,CRITICAL,11.85
2026-06-07 17:00:00,North Entry Gate,3224,8.06,28.5,56.1,0,1,1303,371,142,CRITICAL,7.78
2026-06-07 17:00:00,Parking Area,4026,1.61,28.5,56.1,0,1,71,228,222,MODERATE,1.73
2026-06-07 17:00:00,South Exit,2217,6.33,28.5,56.1,0,1,166,61,284,CRITICAL,6.55
2026-06-07 17:00:00,VIP Entrance,789,3.94,28.5,56.1,0,1,103,40,35,HIGH,4.0
2026-06-07 17:30:00,Food Court,1428,1.78,25.0,65.6,0,1,283,77,71,MODERATE,1.86
2026-06-07 17:30:00,Main Sanctum,2962,11.85,25.0,65.6,0,1,1431,142,146,CRITICAL,11.83
2026-06-07 17:30:00,North Entry Gate,3112,7.78,25.0,65.6,0,1,1104,401,172,CRITICAL,9.48
2026-06-07 17:30:00,Parking Area,4324,1.73,25.0,65.6,0,1,83,179,234,MODERATE,1.89
2026-06-07 17:30:00,South Exit,2293,6.55,25.0,65.6,0,1,204,70,301,CRITICAL,5.87
2026-06-07 17:30:00,VIP Entrance,800,4.0,25.0,65.6,0,1,94,34,36,HIGH,4.25
2026-06-07 18:00:00,Food Court,1487,1.86,29.3,59.5,0,1,362,72,67,MODERATE,2.09
2026-06-07 18:00:00,Main Sanctum,2957,11.83,29.3,59.5,0,1,1555,126,174,CRITICAL,12.89
2026-06-07 18:00:00,North Entry Gate,3791,9.48,29.3,59.5,0,1,1624,416,198,CRITICAL,8.55
2026-06-07 18:00:00,Parking Area,4735,1.89,29.3,59.5,0,1,89,260,240,MODERATE,2.14
2026-06-07 18:00:00,South Exit,2056,5.87,29.3,59.5,0,1,158,64,287,CRITICAL,7.17
2026-06-07 18:00:00,VIP Entrance,849,4.25,29.3,59.5,0,1,99,38,39,HIGH,4.25
2026-06-07 18:30:00,Food Court,1674,2.09,29.5,54.4,0,1,295,84,80,MODERATE,6.35
2026-06-07 18:30:00,Main Sanctum,3222,12.89,29.5,54.4,0,1,1370,152,191,CRITICAL,11.26
2026-06-07 18:30:00,North Entry Gate,3422,8.55,29.5,54.4,0,1,1275,376,138,CRITICAL,10.14
2026-06-07 18:30:00,Parking Area,5347,2.14,29.5,54.4,0,1,110,237,220,MODERATE,1.95
2026-06-07 18:30:00,South Exit,2508,7.17,29.5,54.4,0,1,211,60,372,CRITICAL,7.2
2026-06-07 18:30:00,VIP Entrance,850,4.25,29.5,54.4,0,1,76,47,36,HIGH,5.22
2026-06-07 19:00:00,Food Court,5083,6.35,25.5,64.3,0,1,1022,295,256,CRITICAL,5.89
2026-06-07 19:00:00,Main Sanctum,2815,11.26,25.5,64.3,0,1,1386,143,167,CRITICAL,12.48
2026-06-07 19:00:00,North Entry Gate,4056,10.14,25.5,64.3,0,1,1570,510,223,CRITICAL,9.78
2026-06-07 19:00:00,Parking Area,4879,1.95,25.5,64.3,0,1,97,226,235,MODERATE,1.5
2026-06-07 19:00:00,South Exit,2520,7.2,25.5,64.3,0,1,202,77,322,CRITICAL,7.37
2026-06-07 19:00:00,VIP Entrance,1044,5.22,25.5,64.3,0,1,124,62,51,CRITICAL,5.19
2026-06-07 19:30:00,Food Court,4713,5.89,25.2,63.0,0,1,743,213,251,CRITICAL,6.63
2026-06-07 19:30:00,Main Sanctum,3119,12.48,25.2,63.0,0,1,1627,165,127,CRITICAL,12.74
2026-06-07 19:30:00,North Entry Gate,3910,9.78,25.2,63.0,0,1,1308,460,216,CRITICAL,8.36
2026-06-07 19:30:00,Parking Area,3739,1.5,25.2,63.0,0,1,77,214,205,MODERATE,1.95
2026-06-07 19:30:00,South Exit,2580,7.37,25.2,63.0,0,1,223,86,372,CRITICAL,6.09
2026-06-07 19:30:00,VIP Entrance,1038,5.19,25.2,63.0,0,1,117,44,44,CRITICAL,4.12
2026-06-07 20:00:00,Food Court,5302,6.63,24.4,67.7,0,1,866,236,219,CRITICAL,6.29
2026-06-07 20:00:00,Main Sanctum,3184,12.74,24.4,67.7,0,1,1681,138,174,CRITICAL,10.51
2026-06-07 20:00:00,North Entry Gate,3342,8.36,24.4,67.7,0,1,1211,374,121,CRITICAL,9.05
2026-06-07 20:00:00,Parking Area,4870,1.95,24.4,67.7,0,1,99,196,243,MODERATE,1.56
2026-06-07 20:00:00,South Exit,2131,6.09,24.4,67.7,0,1,164,53,306,CRITICAL,6.79
2026-06-07 20:00:00,VIP Entrance,823,4.12,24.4,67.7,0,1,117,43,36,HIGH,4.33
2026-06-07 20:30:00,Food Court,5028,6.29,25.1,64.5,0,1,1091,285,236,CRITICAL,5.24
2026-06-07 20:30:00,Main Sanctum,2628,10.51,25.1,64.5,0,1,1190,114,122,CRITICAL,11.4
2026-06-07 20:30:00,North Entry Gate,3622,9.05,25.1,64.5,0,1,1024,443,168,CRITICAL,8.35
2026-06-07 20:30:00,Parking Area,3888,1.56,25.1,64.5,0,1,72,197,227,MODERATE,1.66
2026-06-07 20:30:00,South Exit,2376,6.79,25.1,64.5,0,1,168,64,337,CRITICAL,5.95
2026-06-07 20:30:00,VIP Entrance,867,4.33,25.1,64.5,0,1,98,38,45,HIGH,3.63
2026-06-07 21:00:00,Food Court,4194,5.24,23.4,70.1,0,1,787,246,192,CRITICAL,5.71
2026-06-07 21:00:00,Main Sanctum,2851,11.4,23.4,70.1,0,1,1488,157,170,CRITICAL,8.38
2026-06-07 21:00:00,North Entry Gate,3341,8.35,23.4,70.1,0,1,1252,385,155,CRITICAL,6.47
2026-06-07 21:00:00,Parking Area,4156,1.66,23.4,70.1,0,1,79,191,171,MODERATE,1.65
2026-06-07 21:00:00,South Exit,2084,5.95,23.4,70.1,0,1,164,47,278,CRITICAL,5.42
2026-06-07 21:00:00,VIP Entrance,726,3.63,23.4,70.1,0,1,86,36,39,HIGH,3.29
2026-06-07 21:30:00,Food Court,4570,5.71,22.2,77.3,0,1,919,214,244,CRITICAL,0.24
2026-06-07 21:30:00,Main Sanctum,2094,8.38,22.2,77.3,0,1,1217,96,111,CRITICAL,1.32
2026-06-07 21:30:00,North Entry Gate,2588,6.47,22.2,77.3,0,1,811,332,107,CRITICAL,1.06
2026-06-07 21:30:00,Parking Area,4122,1.65,22.2,77.3,0,1,67,220,166,MODERATE,0.18
2026-06-07 21:30:00,South Exit,1896,5.42,22.2,77.3,0,1,170,47,241,CRITICAL,0.72
2026-06-07 21:30:00,VIP Entrance,658,3.29,22.2,77.3,0,1,70,39,31,HIGH,0.52
2026-06-07 22:00:00,Food Court,192,0.24,21.1,75.1,0,1,33,11,10,LOW,0.23
2026-06-07 22:00:00,Main Sanctum,330,1.32,21.1,75.1,0,1,180,16,19,LOW,1.54
2026-06-07 22:00:00,North Entry Gate,425,1.06,21.1,75.1,0,1,123,56,27,LOW,1.1
2026-06-07 22:00:00,Parking Area,442,0.18,21.1,75.1,0,1,7,23,20,LOW,0.22
2026-06-07 22:00:00,South Exit,252,0.72,21.1,75.1,0,1,20,8,38,LOW,0.81
2026-06-07 22:00:00,VIP Entrance,104,0.52,21.1,75.1,0,1,14,6,5,LOW,0.48
2026-06-07 22:30:00,Food Court,187,0.23,20.7,79.4,0,1,33,11,9,LOW,0.29
2026-06-07 22:30:00,Main Sanctum,385,1.54,20.7,79.4,0,1,177,22,20,MODERATE,1.81
2026-06-07 22:30:00,North Entry Gate,439,1.1,20.7,79.4,0,1,170,48,17,LOW,1.3
2026-06-07 22:30:00,Parking Area,554,0.22,20.7,79.4,0,1,13,25,32,LOW,0.27
2026-06-07 22:30:00,South Exit,285,0.81,20.7,79.4,0,1,23,7,41,LOW,0.97
2026-06-07 22:30:00,VIP Entrance,96,0.48,20.7,79.4,0,1,9,4,4,LOW,0.65
2026-06-07 23:00:00,Food Court,235,0.29,18.5,87.3,0,1,54,10,13,LOW,0.33
2026-06-07 23:00:00,Main Sanctum,452,1.81,18.5,87.3,0,1,223,25,21,MODERATE,1.76
2026-06-07 23:00:00,North Entry Gate,521,1.3,18.5,87.3,0,1,207,60,22,LOW,0.95
2026-06-07 23:00:00,Parking Area,669,0.27,18.5,87.3,0,1,15,38,27,LOW,0.28
2026-06-07 23:00:00,South Exit,338,0.97,18.5,87.3,0,1,29,8,49,LOW,1.05
2026-06-07 23:00:00,VIP Entrance,130,0.65,18.5,87.3,0,1,13,8,6,LOW,0.64
2026-06-07 23:30:00,Food Court,262,0.33,19.6,79.2,0,1,47,11,11,LOW,0.2
2026-06-07 23:30:00,Main Sanctum,439,1.76,19.6,79.2,0,1,224,25,22,MODERATE,1.04
2026-06-07 23:30:00,North Entry Gate,381,0.95,19.6,79.2,0,1,137,43,18,LOW,0.94
2026-06-07 23:30:00,Parking Area,702,0.28,19.6,79.2,0,1,14,36,38,LOW,0.17
2026-06-07 23:30:00,South Exit,366,1.05,19.6,79.2,0,1,31,9,51,LOW,0.65
2026-06-07 23:30:00,VIP Entrance,127,0.64,19.6,79.2,0,1,15,6,5,LOW,0.4
2026-06-08 00:00:00,Food Court,158,0.2,21.1,74.2,0,0,35,7,8,LOW,0.19
2026-06-08 00:00:00,Main Sanctum,261,1.04,21.1,74.2,0,0,135,11,12,LOW,1.1
2026-06-08 00:00:00,North Entry Gate,377,0.94,21.1,74.2,0,0,122,49,16,LOW,0.78
2026-06-08 00:00:00,Parking Area,420,0.17,21.1,74.2,0,0,7,24,23,LOW,0.18
2026-06-08 00:00:00,South Exit,227,0.65,21.1,74.2,0,0,18,5,31,LOW,0.73
2026-06-08 00:00:00,VIP Entrance,80,0.4,21.1,74.2,0,0,7,4,4,LOW,0.46
2026-06-08 00:30:00,Food Court,153,0.19,19.8,80.1,0,0,33,9,6,LOW,0.2
2026-06-08 00:30:00,Main Sanctum,274,1.1,19.8,80.1,0,0,141,15,12,LOW,1.05
2026-06-08 00:30:00,North Entry Gate,310,0.78,19.8,80.1,0,0,119,41,16,LOW,0.96
2026-06-08 00:30:00,Parking Area,456,0.18,19.8,80.1,0,0,11,23,26,LOW,0.16
2026-06-08 00:30:00,South Exit,255,0.73,19.8,80.1,0,0,20,8,39,LOW,0.65
2026-06-08 00:30:00,VIP Entrance,92,0.46,19.8,80.1,0,0,13,4,5,LOW,0.41
2026-06-08 01:00:00,Food Court,161,0.2,20.3,77.7,0,0,33,8,8,LOW,0.15
2026-06-08 01:00:00,Main Sanctum,262,1.05,20.3,77.7,0,0,142,13,14,LOW,1.12
2026-06-08 01:00:00,North Entry Gate,384,0.96,20.3,77.7,0,0,155,44,16,LOW,0.88
2026-06-08 01:00:00,Parking Area,392,0.16,20.3,77.7,0,0,4,18,22,LOW,0.15
2026-06-08 01:00:00,South Exit,227,0.65,20.3,77.7,0,0,17,7,32,LOW,0.46
2026-06-08 01:00:00,VIP Entrance,82,0.41,20.3,77.7,0,0,8,5,4,LOW,0.39
2026-06-08 01:30:00,Food Court,117,0.15,19.2,85.9,0,0,25,6,5,LOW,0.16
2026-06-08 01:30:00,Main Sanctum,280,1.12,19.2,85.9,0,0,135,13,13,LOW,0.91
2026-06-08 01:30:00,North Entry Gate,351,0.88,19.2,85.9,0,0,129,41,18,LOW,0.66
2026-06-08 01:30:00,Parking Area,379,0.15,19.2,85.9,0,0,4,19,16,LOW,0.14
2026-06-08 01:30:00,South Exit,162,0.46,19.2,85.9,0,0,15,4,23,LOW,0.47
2026-06-08 01:30:00,VIP Entrance,78,0.39,19.2,85.9,0,0,10,4,4,LOW,0.33
2026-06-08 02:00:00,Food Court,126,0.16,21.6,72.2,0,0,21,7,7,LOW,0.13
2026-06-08 02:00:00,Main Sanctum,228,0.91,21.6,72.2,0,0,129,10,11,LOW,0.82
2026-06-08 02:00:00,North Entry Gate,263,0.66,21.6,72.2,0,0,102,34,12,LOW,0.52
2026-06-08 02:00:00,Parking Area,340,0.14,21.6,72.2,0,0,5,20,18,LOW,0.1
2026-06-08 02:00:00,South Exit,166,0.47,21.6,72.2,0,0,14,4,23,LOW,0.43
2026-06-08 02:00:00,VIP Entrance,65,0.33,21.6,72.2,0,0,8,3,4,LOW,0.28
2026-06-08 02:30:00,Food Court,107,0.13,19.9,80.5,0,0,23,6,5,LOW,0.11
2026-06-08 02:30:00,Main Sanctum,205,0.82,19.9,80.5,0,0,103,10,9,LOW,0.57
2026-06-08 02:30:00,North Entry Gate,208,0.52,19.9,80.5,0,0,73,25,11,LOW,0.4
2026-06-08 02:30:00,Parking Area,255,0.1,19.9,80.5,0,0,2,11,12,LOW,0.08
2026-06-08 02:30:00,South Exit,151,0.43,19.9,80.5,0,0,13,4,21,LOW,0.36
2026-06-08 02:30:00,VIP Entrance,57,0.28,19.9,80.5,0,0,11,3,3,LOW,0.23
2026-06-08 03:00:00,Food Court,87,0.11,22.7,79.5,0,0,14,4,4,LOW,0.08
2026-06-08 03:00:00,Main Sanctum,143,0.57,22.7,79.5,0,0,80,6,7,LOW,0.44
2026-06-08 03:00:00,North Entry Gate,159,0.4,22.7,79.5,0,0,49,18,7,LOW,0.38
2026-06-08 03:00:00,Parking Area,208,0.08,22.7,79.5,0,0,4,9,10,LOW,0.07
2026-06-08 03:00:00,South Exit,126,0.36,22.7,79.5,0,0,14,3,18,LOW,0.24
2026-06-08 03:00:00,VIP Entrance,46,0.23,22.7,79.5,0,0,8,2,3,LOW,0.16
2026-06-08 03:30:00,Food Court,61,0.08,22.9,72.5,0,0,12,3,3,LOW,0.06
2026-06-08 03:30:00,Main Sanctum,110,0.44,22.9,72.5,0,0,43,5,5,LOW,0.29
2026-06-08 03:30:00,North Entry Gate,150,0.38,22.9,72.5,0,0,51,18,6,LOW,0.23
2026-06-08 03:30:00,Parking Area,163,0.07,22.9,72.5,0,0,2,8,7,LOW,0.05
2026-06-08 03:30:00,South Exit,83,0.24,22.9,72.5,0,0,6,2,11,LOW,0.15
2026-06-08 03:30:00,VIP Entrance,32,0.16,22.9,72.5,0,0,4,2,2,LOW,0.12
2026-06-08 04:00:00,Food Court,45,0.06,21.9,76.0,0,0,9,2,2,LOW,0.03
2026-06-08 04:00:00,Main Sanctum,72,0.29,21.9,76.0,0,0,36,3,4,LOW,0.18
2026-06-08 04:00:00,North Entry Gate,91,0.23,21.9,76.0,0,0,34,10,4,LOW,0.13
2026-06-08 04:00:00,Parking Area,134,0.05,21.9,76.0,0,0,7,8,6,LOW,0.02
2026-06-08 04:00:00,South Exit,52,0.15,21.9,76.0,0,0,4,2,7,LOW,0.1
2026-06-08 04:00:00,VIP Entrance,23,0.12,21.9,76.0,0,0,1,2,2,LOW,0.07
2026-06-08 04:30:00,Food Court,25,0.03,26.2,64.9,0,0,8,2,2,LOW,0.81
2026-06-08 04:30:00,Main Sanctum,45,0.18,26.2,64.9,0,0,24,3,2,LOW,5.63
2026-06-08 04:30:00,North Entry Gate,51,0.13,26.2,64.9,0,0,16,6,3,LOW,3.77
2026-06-08 04:30:00,Parking Area,61,0.02,26.2,64.9,0,0,0,3,3,LOW,0.78
2026-06-08 04:30:00,South Exit,36,0.1,26.2,64.9,0,0,3,1,5,LOW,2.98
2026-06-08 04:30:00,VIP Entrance,13,0.07,26.2,64.9,0,0,0,2,2,LOW,1.85
2026-06-08 05:00:00,Food Court,647,0.81,25.7,61.5,0,0,118,31,32,LOW,0.93
2026-06-08 05:00:00,Main Sanctum,1408,5.63,25.7,61.5,0,0,757,80,60,CRITICAL,5.79
2026-06-08 05:00:00,North Entry Gate,1510,3.77,25.7,61.5,0,0,518,168,73,HIGH,4.21
2026-06-08 05:00:00,Parking Area,1939,0.78,25.7,61.5,0,0,38,98,104,LOW,0.79
2026-06-08 05:00:00,South Exit,1042,2.98,25.7,61.5,0,0,94,36,157,MODERATE,3.41
2026-06-08 05:00:00,VIP Entrance,370,1.85,25.7,61.5,0,0,44,16,18,MODERATE,2.04
2026-06-08 05:30:00,Food Court,744,0.93,29.2,49.2,0,0,146,43,33,LOW,0.99
2026-06-08 05:30:00,Main Sanctum,1448,5.79,29.2,49.2,0,0,712,78,85,CRITICAL,6.14
2026-06-08 05:30:00,North Entry Gate,1684,4.21,29.2,49.2,0,0,659,204,94,HIGH,4.67
2026-06-08 05:30:00,Parking Area,1972,0.79,29.2,49.2,0,0,38,83,102,LOW,0.99
2026-06-08 05:30:00,South Exit,1195,3.41,29.2,49.2,0,0,100,35,184,HIGH,3.65
2026-06-08 05:30:00,VIP Entrance,407,2.04,29.2,49.2,0,0,54,23,17,MODERATE,2.25
2026-06-08 06:00:00,Food Court,791,0.99,29.8,51.1,0,0,134,41,33,LOW,0.93
2026-06-08 06:00:00,Main Sanctum,1534,6.14,29.8,51.1,0,0,703,88,89,CRITICAL,6.98
2026-06-08 06:00:00,North Entry Gate,1868,4.67,29.8,51.1,0,0,669,222,97,CRITICAL,4.36
2026-06-08 06:00:00,Parking Area,2471,0.99,29.8,51.1,0,0,49,126,132,LOW,1.06
2026-06-08 06:00:00,South Exit,1277,3.65,29.8,51.1,0,0,101,40,196,HIGH,4.23
2026-06-08 06:00:00,VIP Entrance,451,2.25,29.8,51.1,0,0,51,18,23,MODERATE,2.48
2026-06-08 06:30:00,Food Court,743,0.93,28.0,56.8,0,0,147,40,43,LOW,1.28
2026-06-08 06:30:00,Main Sanctum,1744,6.98,28.0,56.8,0,0,775,97,75,CRITICAL,7.59
2026-06-08 06:30:00,North Entry Gate,1742,4.36,28.0,56.8,0,0,675,199,84,HIGH,5.51
2026-06-08 06:30:00,Parking Area,2656,1.06,28.0,56.8,0,0,60,120,113,LOW,1.05
2026-06-08 06:30:00,South Exit,1479,4.23,28.0,56.8,0,0,128,31,189,HIGH,4.39
2026-06-08 06:30:00,VIP Entrance,495,2.48,28.0,56.8,0,0,64,29,28,MODERATE,2.9
2026-06-08 07:00:00,Food Court,1025,1.28,29.1,47.8,0,0,224,50,55,LOW,1.35
2026-06-08 07:00:00,Main Sanctum,1897,7.59,29.1,47.8,0,0,1006,77,92,CRITICAL,6.92
2026-06-08 07:00:00,North Entry Gate,2204,5.51,29.1,47.8,0,0,831,279,116,CRITICAL,5.67
2026-06-08 07:00:00,Parking Area,2634,1.05,29.1,47.8,0,0,51,155,133,LOW,1.23
2026-06-08 07:00:00,South Exit,1536,4.39,29.1,47.8,0,0,141,54,234,HIGH,4.78
2026-06-08 07:00:00,VIP Entrance,581,2.9,29.1,47.8,0,0,72,34,29,MODERATE,3.26
2026-06-08 07:30:00,Food Court,1080,1.35,29.7,52.0,0,0,236,59,56,LOW,1.25
2026-06-08 07:30:00,Main Sanctum,1729,6.92,29.7,52.0,0,0,818,80,103,CRITICAL,8.5
2026-06-08 07:30:00,North Entry Gate,2267,5.67,29.7,52.0,0,0,819,247,85,CRITICAL,5.46
2026-06-08 07:30:00,Parking Area,3087,1.23,29.7,52.0,0,0,69,138,150,LOW,1.14
2026-06-08 07:30:00,South Exit,1674,4.78,29.7,52.0,0,0,147,47,215,CRITICAL,4.91
2026-06-08 07:30:00,VIP Entrance,652,3.26,29.7,52.0,0,0,76,27,35,HIGH,2.9
2026-06-08 08:00:00,Food Court,997,1.25,30.1,52.9,0,0,202,48,52,LOW,1.41
2026-06-08 08:00:00,Main Sanctum,2124,8.5,30.1,52.9,0,0,1331,92,115,CRITICAL,8.38
2026-06-08 08:00:00,North Entry Gate,2184,5.46,30.1,52.9,0,0,691,271,126,CRITICAL,5.89
2026-06-08 08:00:00,Parking Area,2844,1.14,30.1,52.9,0,0,60,133,158,LOW,1.29
2026-06-08 08:00:00,South Exit,1717,4.91,30.1,52.9,0,0,126,49,237,CRITICAL,4.41
2026-06-08 08:00:00,VIP Entrance,580,2.9,30.1,52.9,0,0,71,26,26,MODERATE,2.9
2026-06-08 08:30:00,Food Court,1125,1.41,32.4,40.1,0,0,175,66,65,LOW,1.27
2026-06-08 08:30:00,Main Sanctum,2095,8.38,32.4,40.1,0,0,1088,110,119,CRITICAL,9.56
2026-06-08 08:30:00,North Entry Gate,2355,5.89,32.4,40.1,0,0,848,299,118,CRITICAL,6.32
2026-06-08 08:30:00,Parking Area,3223,1.29,32.4,40.1,0,0,48,152,169,LOW,1.05
2026-06-08 08:30:00,South Exit,1543,4.41,32.4,40.1,0,0,120,43,221,HIGH,4.79
2026-06-08 08:30:00,VIP Entrance,579,2.9,32.4,40.1,0,0,79,30,32,MODERATE,2.73
2026-06-08 09:00:00,Food Court,1018,1.27,35.4,35.1,0,0,194,59,46,LOW,1.28
2026-06-08 09:00:00,Main Sanctum,2390,9.56,35.4,35.1,0,0,1121,143,124,CRITICAL,7.26
2026-06-08 09:00:00,North Entry Gate,2529,6.32,35.4,35.1,0,0,760,323,140,CRITICAL,5.76
2026-06-08 09:00:00,Parking Area,2621,1.05,35.4,35.1,0,0,39,129,107,LOW,1.21
2026-06-08 09:00:00,South Exit,1675,4.79,35.4,35.1,0,0,146,53,244,CRITICAL,4.33
2026-06-08 09:00:00,VIP Entrance,546,2.73,35.4,35.1,0,0,65,31,32,MODERATE,2.69
2026-06-08 09:30:00,Food Court,1026,1.28,32.0,46.7,0,0,188,61,61,LOW,1.29
2026-06-08 09:30:00,Main Sanctum,1815,7.26,32.0,46.7,0,0,726,75,101,CRITICAL,7.44
2026-06-08 09:30:00,North Entry Gate,2304,5.76,32.0,46.7,0,0,851,284,118,CRITICAL,5.74
2026-06-08 09:30:00,Parking Area,3027,1.21,32.0,46.7,0,0,66,161,153,LOW,1.08
2026-06-08 09:30:00,South Exit,1515,4.33,32.0,46.7,0,0,102,43,211,HIGH,3.84
2026-06-08 09:30:00,VIP Entrance,538,2.69,32.0,46.7,0,0,69,23,26,MODERATE,2.64
2026-06-08 10:00:00,Food Court,1036,1.29,36.0,33.8,0,0,260,57,58,LOW,1.13
2026-06-08 10:00:00,Main Sanctum,1860,7.44,36.0,33.8,0,0,875,83,102,CRITICAL,6.48
2026-06-08 10:00:00,North Entry Gate,2295,5.74,36.0,33.8,0,0,860,297,124,CRITICAL,5.99
2026-06-08 10:00:00,Parking Area,2694,1.08,36.0,33.8,0,0,63,125,154,LOW,1.0
2026-06-08 10:00:00,South Exit,1344,3.84,36.0,33.8,0,0,120,30,176,HIGH,3.62
2026-06-08 10:00:00,VIP Entrance,528,2.64,36.0,33.8,0,0,75,25,29,MODERATE,2.79
2026-06-08 10:30:00,Food Court,906,1.13,36.3,33.1,0,0,179,39,39,LOW,0.92
2026-06-08 10:30:00,Main Sanctum,1620,6.48,36.3,33.1,0,0,762,73,89,CRITICAL,6.82
2026-06-08 10:30:00,North Entry Gate,2397,5.99,36.3,33.1,0,0,853,310,145,CRITICAL,5.53
2026-06-08 10:30:00,Parking Area,2510,1.0,36.3,33.1,0,0,55,105,136,LOW,1.01
2026-06-08 10:30:00,South Exit,1267,3.62,36.3,33.1,0,0,97,30,163,HIGH,3.09
2026-06-08 10:30:00,VIP Entrance,558,2.79,36.3,33.1,0,0,68,31,28,MODERATE,2.29
2026-06-08 11:00:00,Food Court,734,0.92,36.4,30.1,0,0,168,36,44,LOW,1.02
2026-06-08 11:00:00,Main Sanctum,1704,6.82,36.4,30.1,0,0,884,81,97,CRITICAL,5.84
2026-06-08 11:00:00,North Entry Gate,2213,5.53,36.4,30.1,0,0,679,263,95,CRITICAL,4.68
2026-06-08 11:00:00,Parking Area,2514,1.01,36.4,30.1,0,0,56,108,106,LOW,0.88
2026-06-08 11:00:00,South Exit,1082,3.09,36.4,30.1,0,0,75,30,137,HIGH,3.41
2026-06-08 11:00:00,VIP Entrance,457,2.29,36.4,30.1,0,0,64,18,19,MODERATE,2.25
2026-06-08 11:30:00,Food Court,814,1.02,36.8,30.0,0,0,158,37,36,LOW,1.93
2026-06-08 11:30:00,Main Sanctum,1459,5.84,36.8,30.0,0,0,751,60,74,CRITICAL,4.67
2026-06-08 11:30:00,North Entry Gate,1872,4.68,36.8,30.0,0,0,687,234,90,CRITICAL,3.25
2026-06-08 11:30:00,Parking Area,2194,0.88,36.8,30.0,0,0,48,122,93,LOW,0.6
2026-06-08 11:30:00,South Exit,1194,3.41,36.8,30.0,0,0,102,29,175,HIGH,2.09
2026-06-08 11:30:00,VIP Entrance,451,2.25,36.8,30.0,0,0,53,26,21,MODERATE,1.68
2026-06-08 12:00:00,Food Court,1542,1.93,34.7,34.6,0,0,291,81,76,MODERATE,2.18
2026-06-08 12:00:00,Main Sanctum,1167,4.67,34.7,34.6,0,0,591,47,55,CRITICAL,4.4
2026-06-08 12:00:00,North Entry Gate,1298,3.25,34.7,34.6,0,0,508,165,61,HIGH,3.13
2026-06-08 12:00:00,Parking Area,1492,0.6,34.7,34.6,0,0,29,83,82,LOW,0.61
2026-06-08 12:00:00,South Exit,732,2.09,34.7,34.6,0,0,63,18,112,MODERATE,2.19
2026-06-08 12:00:00,VIP Entrance,335,1.68,34.7,34.6,0,0,43,20,18,MODERATE,1.65
2026-06-08 12:30:00,Food Court,1747,2.18,36.8,30.0,0,0,347,84,89,MODERATE,2.54
2026-06-08 12:30:00,Main Sanctum,1101,4.4,36.8,30.0,0,0,579,55,53,HIGH,4.31
2026-06-08 12:30:00,North Entry Gate,1253,3.13,36.8,30.0,0,0,427,155,63,HIGH,3.38
2026-06-08 12:30:00,Parking Area,1533,0.61,36.8,30.0,0,0,29,65,67,LOW,0.68
2026-06-08 12:30:00,South Exit,765,2.19,36.8,30.0,0,0,58,20,97,MODERATE,2.89
2026-06-08 12:30:00,VIP Entrance,329,1.65,36.8,30.0,0,0,40,14,16,MODERATE,1.66
2026-06-08 13:00:00,Food Court,2036,2.54,35.1,34.5,0,0,433,95,112,MODERATE,2.31
2026-06-08 13:00:00,Main Sanctum,1077,4.31,35.1,34.5,0,0,643,58,44,HIGH,4.68
2026-06-08 13:00:00,North Entry Gate,1353,3.38,35.1,34.5,0,0,396,176,77,HIGH,3.51
2026-06-08 13:00:00,Parking Area,1698,0.68,35.1,34.5,0,0,31,76,93,LOW,0.74
2026-06-08 13:00:00,South Exit,1011,2.89,35.1,34.5,0,0,98,24,137,MODERATE,2.66
2026-06-08 13:00:00,VIP Entrance,332,1.66,35.1,34.5,0,0,43,16,19,MODERATE,1.91
2026-06-08 13:30:00,Food Court,1849,2.31,32.4,46.1,0,0,426,105,106,MODERATE,2.3
2026-06-08 13:30:00,Main Sanctum,1169,4.68,32.4,46.1,0,0,528,63,54,CRITICAL,5.03
2026-06-08 13:30:00,North Entry Gate,1405,3.51,32.4,46.1,0,0,470,156,51,HIGH,3.15
2026-06-08 13:30:00,Parking Area,1862,0.74,32.4,46.1,0,0,38,83,87,LOW,0.67
2026-06-08 13:30:00,South Exit,932,2.66,32.4,46.1,0,0,83,34,143,MODERATE,2.84
2026-06-08 13:30:00,VIP Entrance,381,1.91,32.4,46.1,0,0,43,16,18,MODERATE,1.93
2026-06-08 14:00:00,Food Court,1837,2.3,35.0,31.1,0,0,391,90,79,MODERATE,2.61
2026-06-08 14:00:00,Main Sanctum,1258,5.03,35.0,31.1,0,0,591,66,58,CRITICAL,4.85
2026-06-08 14:00:00,North Entry Gate,1262,3.15,35.0,31.1,0,0,446,154,64,HIGH,3.37
2026-06-08 14:00:00,Parking Area,1681,0.67,35.0,31.1,0,0,34,87,82,LOW,0.68
2026-06-08 14:00:00,South Exit,994,2.84,35.0,31.1,0,0,77,27,149,MODERATE,2.87
2026-06-08 14:00:00,VIP Entrance,385,1.93,35.0,31.1,0,0,51,19,23,MODERATE,1.82
2026-06-08 14:30:00,Food Court,2088,2.61,33.3,40.5,0,0,433,91,101,MODERATE,0.69
2026-06-08 14:30:00,Main Sanctum,1212,4.85,33.3,40.5,0,0,677,58,71,CRITICAL,4.97
2026-06-08 14:30:00,North Entry Gate,1346,3.37,33.3,40.5,0,0,420,162,72,HIGH,3.44
2026-06-08 14:30:00,Parking Area,1701,0.68,33.3,40.5,0,0,33,71,80,LOW,0.68
2026-06-08 14:30:00,South Exit,1004,2.87,33.3,40.5,0,0,75,27,144,MODERATE,2.48
2026-06-08 14:30:00,VIP Entrance,364,1.82,33.3,40.5,0,0,33,20,19,MODERATE,1.81
2026-06-08 15:00:00,Food Court,551,0.69,35.3,30.9,0,0,110,29,33,LOW,0.69
2026-06-08 15:00:00,Main Sanctum,1242,4.97,35.3,30.9,0,0,651,51,72,CRITICAL,3.63
2026-06-08 15:00:00,North Entry Gate,1377,3.44,35.3,30.9,0,0,540,169,66,HIGH,3.52
2026-06-08 15:00:00,Parking Area,1702,0.68,35.3,30.9,0,0,38,100,101,LOW,0.56
2026-06-08 15:00:00,South Exit,869,2.48,35.3,30.9,0,0,64,26,111,MODERATE,2.4
2026-06-08 15:00:00,VIP Entrance,363,1.81,35.3,30.9,0,0,48,16,19,MODERATE,1.62
2026-06-08 15:30:00,Food Court,552,0.69,32.5,40.3,0,0,105,26,23,LOW,0.85
2026-06-08 15:30:00,Main Sanctum,908,3.63,32.5,40.3,0,0,480,39,45,HIGH,5.69
2026-06-08 15:30:00,North Entry Gate,1409,3.52,32.5,40.3,0,0,496,169,58,HIGH,3.92
2026-06-08 15:30:00,Parking Area,1399,0.56,32.5,40.3,0,0,27,80,66,LOW,0.77
2026-06-08 15:30:00,South Exit,841,2.4,32.5,40.3,0,0,63,23,115,MODERATE,2.9
2026-06-08 15:30:00,VIP Entrance,325,1.62,32.5,40.3,0,0,37,17,16,MODERATE,1.98
2026-06-08 16:00:00,Food Court,677,0.85,32.1,45.4,0,0,145,33,37,LOW,1.16
2026-06-08 16:00:00,Main Sanctum,1423,5.69,32.1,45.4,0,0,660,57,79,CRITICAL,6.66
2026-06-08 16:00:00,North Entry Gate,1569,3.92,32.1,45.4,0,0,571,203,82,HIGH,5.17
2026-06-08 16:00:00,Parking Area,1918,0.77,32.1,45.4,0,0,43,99,113,LOW,1.0
2026-06-08 16:00:00,South Exit,1016,2.9,32.1,45.4,0,0,86,22,139,MODERATE,3.88
2026-06-08 16:00:00,VIP Entrance,395,1.98,32.1,45.4,0,0,47,17,22,MODERATE,2.37
2026-06-08 16:30:00,Food Court,928,1.16,31.5,41.9,0,0,181,45,49,LOW,1.19
2026-06-08 16:30:00,Main Sanctum,1664,6.66,31.5,41.9,0,0,930,98,88,CRITICAL,6.55
2026-06-08 16:30:00,North Entry Gate,2067,5.17,31.5,41.9,0,0,862,232,105,CRITICAL,4.19
2026-06-08 16:30:00,Parking Area,2499,1.0,31.5,41.9,0,0,43,139,117,LOW,1.09
2026-06-08 16:30:00,South Exit,1358,3.88,31.5,41.9,0,0,99,47,196,HIGH,3.85
2026-06-08 16:30:00,VIP Entrance,474,2.37,31.5,41.9,0,0,58,28,26,MODERATE,2.67
2026-06-08 17:00:00,Food Court,949,1.19,29.7,53.1,0,0,189,46,47,LOW,1.31
2026-06-08 17:00:00,Main Sanctum,1638,6.55,29.7,53.1,0,0,729,75,81,CRITICAL,8.43
2026-06-08 17:00:00,North Entry Gate,1675,4.19,29.7,53.1,0,0,577,219,77,HIGH,5.7
2026-06-08 17:00:00,Parking Area,2727,1.09,29.7,53.1,0,0,55,156,130,LOW,1.2
2026-06-08 17:00:00,South Exit,1347,3.85,29.7,53.1,0,0,88,31,195,HIGH,4.84
2026-06-08 17:00:00,VIP Entrance,534,2.67,29.7,53.1,0,0,62,28,29,MODERATE,2.36
2026-06-08 17:30:00,Food Court,1049,1.31,28.9,49.2,0,0,214,53,62,LOW,1.46
2026-06-08 17:30:00,Main Sanctum,2108,8.43,28.9,49.2,0,0,1108,102,114,CRITICAL,8.0
2026-06-08 17:30:00,North Entry Gate,2281,5.7,28.9,49.2,0,0,810,252,86,CRITICAL,7.03
2026-06-08 17:30:00,Parking Area,2994,1.2,28.9,49.2,0,0,57,127,120,LOW,1.13
2026-06-08 17:30:00,South Exit,1695,4.84,28.9,49.2,0,0,130,59,258,CRITICAL,4.66
2026-06-08 17:30:00,VIP Entrance,472,2.36,28.9,49.2,0,0,56,23,26,MODERATE,3.05
2026-06-08 18:00:00,Food Court,1167,1.46,29.0,55.0,0,0,251,61,47,LOW,1.51
2026-06-08 18:00:00,Main Sanctum,1999,8.0,29.0,55.0,0,0,977,100,86,CRITICAL,9.0
2026-06-08 18:00:00,North Entry Gate,2812,7.03,29.0,55.0,0,0,972,333,120,CRITICAL,6.35
2026-06-08 18:00:00,Parking Area,2835,1.13,29.0,55.0,0,0,58,166,163,LOW,1.33
2026-06-08 18:00:00,South Exit,1630,4.66,29.0,55.0,0,0,147,57,240,CRITICAL,4.73
2026-06-08 18:00:00,VIP Entrance,610,3.05,29.0,55.0,0,0,75,28,31,HIGH,3.72
2026-06-08 18:30:00,Food Court,1210,1.51,25.7,58.3,0,0,197,53,53,MODERATE,4.59
2026-06-08 18:30:00,Main Sanctum,2249,9.0,25.7,58.3,0,0,1342,133,95,CRITICAL,9.12
2026-06-08 18:30:00,North Entry Gate,2539,6.35,25.7,58.3,0,0,886,324,149,CRITICAL,5.73
2026-06-08 18:30:00,Parking Area,3329,1.33,25.7,58.3,0,0,55,169,176,LOW,1.15
2026-06-08 18:30:00,South Exit,1655,4.73,25.7,58.3,0,0,137,47,226,CRITICAL,5.18
2026-06-08 18:30:00,VIP Entrance,744,3.72,25.7,58.3,0,0,96,32,32,HIGH,3.23
2026-06-08 19:00:00,Food Court,3675,4.59,25.1,62.8,0,0,803,161,152,CRITICAL,4.89
2026-06-08 19:00:00,Main Sanctum,2280,9.12,25.1,62.8,0,0,1225,123,116,CRITICAL,8.71
2026-06-08 19:00:00,North Entry Gate,2291,5.73,25.1,62.8,0,0,839,269,103,CRITICAL,6.62
2026-06-08 19:00:00,Parking Area,2864,1.15,25.1,62.8,0,0,69,146,144,LOW,1.18
2026-06-08 19:00:00,South Exit,1812,5.18,25.1,62.8,0,0,147,47,262,CRITICAL,5.07
2026-06-08 19:00:00,VIP Entrance,645,3.23,25.1,62.8,0,0,77,30,31,HIGH,3.32
2026-06-08 19:30:00,Food Court,3913,4.89,23.8,74.3,0,0,808,200,185,CRITICAL,4.72
2026-06-08 19:30:00,Main Sanctum,2178,8.71,23.8,74.3,0,0,970,94,114,CRITICAL,7.48
2026-06-08 19:30:00,North Entry Gate,2647,6.62,23.8,74.3,0,0,922,305,111,CRITICAL,6.88
2026-06-08 19:30:00,Parking Area,2960,1.18,23.8,74.3,0,0,45,165,146,LOW,1.03
2026-06-08 19:30:00,South Exit,1774,5.07,23.8,74.3,0,0,126,43,265,CRITICAL,4.55
2026-06-08 19:30:00,VIP Entrance,664,3.32,23.8,74.3,0,0,76,38,39,HIGH,3.13
2026-06-08 20:00:00,Food Court,3775,4.72,25.7,68.0,0,0,739,180,180,CRITICAL,4.37
2026-06-08 20:00:00,Main Sanctum,1871,7.48,25.7,68.0,0,0,827,103,92,CRITICAL,9.06
2026-06-08 20:00:00,North Entry Gate,2754,6.88,25.7,68.0,0,0,1023,326,135,CRITICAL,6.48
2026-06-08 20:00:00,Parking Area,2577,1.03,25.7,68.0,0,0,57,125,106,LOW,1.35
2026-06-08 20:00:00,South Exit,1591,4.55,25.7,68.0,0,0,120,51,239,CRITICAL,4.41
2026-06-08 20:00:00,VIP Entrance,626,3.13,25.7,68.0,0,0,73,25,32,HIGH,2.56
2026-06-08 20:30:00,Food Court,3499,4.37,22.3,71.9,0,0,770,206,156,HIGH,3.06
2026-06-08 20:30:00,Main Sanctum,2265,9.06,22.3,71.9,0,0,1150,95,119,CRITICAL,7.68
2026-06-08 20:30:00,North Entry Gate,2593,6.48,22.3,71.9,0,0,910,316,117,CRITICAL,4.79
2026-06-08 20:30:00,Parking Area,3377,1.35,22.3,71.9,0,0,68,156,156,LOW,1.02
2026-06-08 20:30:00,South Exit,1542,4.41,22.3,71.9,0,0,130,50,221,HIGH,4.02
2026-06-08 20:30:00,VIP Entrance,512,2.56,22.3,71.9,0,0,60,21,25,MODERATE,2.96
2026-06-08 21:00:00,Food Court,2449,3.06,22.2,74.6,0,0,556,117,107,HIGH,3.52
2026-06-08 21:00:00,Main Sanctum,1919,7.68,22.2,74.6,0,0,987,90,95,CRITICAL,7.11
2026-06-08 21:00:00,North Entry Gate,1916,4.79,22.2,74.6,0,0,619,221,83,CRITICAL,5.25
2026-06-08 21:00:00,Parking Area,2541,1.02,22.2,74.6,0,0,45,150,119,LOW,1.04
2026-06-08 21:00:00,South Exit,1406,4.02,22.2,74.6,0,0,118,48,213,HIGH,3.9
2026-06-08 21:00:00,VIP Entrance,591,2.96,22.2,74.6,0,0,72,24,34,MODERATE,2.62
2026-06-08 21:30:00,Food Court,2814,3.52,20.9,80.9,0,0,517,134,136,HIGH,0.15
2026-06-08 21:30:00,Main Sanctum,1777,7.11,20.9,80.9,0,0,855,82,88,CRITICAL,0.88
2026-06-08 21:30:00,North Entry Gate,2098,5.25,20.9,80.9,0,0,848,258,95,CRITICAL,0.7
2026-06-08 21:30:00,Parking Area,2597,1.04,20.9,80.9,0,0,45,134,145,LOW,0.13
2026-06-08 21:30:00,South Exit,1366,3.9,20.9,80.9,0,0,82,42,177,HIGH,0.5
2026-06-08 21:30:00,VIP Entrance,524,2.62,20.9,80.9,0,0,67,28,30,MODERATE,0.3
2026-06-08 22:00:00,Food Court,123,0.15,20.7,79.9,0,0,23,7,6,LOW,0.17
2026-06-08 22:00:00,Main Sanctum,219,0.88,20.7,79.9,0,0,143,10,11,LOW,1.15
2026-06-08 22:00:00,North Entry Gate,282,0.7,20.7,79.9,0,0,96,31,13,LOW,0.78
2026-06-08 22:00:00,Parking Area,332,0.13,20.7,79.9,0,0,5,19,19,LOW,0.16
2026-06-08 22:00:00,South Exit,174,0.5,20.7,79.9,0,0,12,5,22,LOW,0.7
2026-06-08 22:00:00,VIP Entrance,61,0.3,20.7,79.9,0,0,9,3,3,LOW,0.41
2026-06-08 22:30:00,Food Court,132,0.17,19.7,80.1,0,0,28,6,6,LOW,0.18
2026-06-08 22:30:00,Main Sanctum,287,1.15,19.7,80.1,0,0,141,16,15,LOW,1.2
2026-06-08 22:30:00,North Entry Gate,313,0.78,19.7,80.1,0,0,101,38,14,LOW,0.86
2026-06-08 22:30:00,Parking Area,403,0.16,19.7,80.1,0,0,3,21,24,LOW,0.18
2026-06-08 22:30:00,South Exit,245,0.7,19.7,80.1,0,0,17,6,34,LOW,0.77
2026-06-08 22:30:00,VIP Entrance,82,0.41,19.7,80.1,0,0,12,5,4,LOW,0.44
2026-06-08 23:00:00,Food Court,147,0.18,20.8,75.4,0,0,28,8,7,LOW,0.22
2026-06-08 23:00:00,Main Sanctum,300,1.2,20.8,75.4,0,0,179,16,15,LOW,1.2
2026-06-08 23:00:00,North Entry Gate,344,0.86,20.8,75.4,0,0,135,44,19,LOW,0.94
2026-06-08 23:00:00,Parking Area,442,0.18,20.8,75.4,0,0,5,20,19,LOW,0.17
2026-06-08 23:00:00,South Exit,268,0.77,20.8,75.4,0,0,20,6,34,LOW,0.68
2026-06-08 23:00:00,VIP Entrance,88,0.44,20.8,75.4,0,0,14,5,4,LOW,0.44
2026-06-08 23:30:00,Food Court,176,0.22,18.8,86.2,0,0,27,10,7,LOW,0.47
2026-06-08 23:30:00,Main Sanctum,301,1.2,18.8,86.2,0,0,167,12,12,LOW,2.78
2026-06-08 23:30:00,North Entry Gate,376,0.94,18.8,86.2,0,0,117,41,15,LOW,2.07
2026-06-08 23:30:00,Parking Area,422,0.17,18.8,86.2,0,0,6,23,24,LOW,0.37
2026-06-08 23:30:00,South Exit,239,0.68,18.8,86.2,0,0,19,7,36,LOW,1.38
2026-06-08 23:30:00,VIP Entrance,88,0.44,18.8,86.2,0,0,11,4,4,LOW,1.08
2026-06-09 00:00:00,Food Court,378,0.47,18.4,88.2,1,0,97,17,21,LOW,0.39
2026-06-09 00:00:00,Main Sanctum,694,2.78,18.4,88.2,1,0,454,30,40,MODERATE,2.54
2026-06-09 00:00:00,North Entry Gate,828,2.07,18.4,88.2,1,0,420,97,44,MODERATE,1.81
2026-06-09 00:00:00,Parking Area,922,0.37,18.4,88.2,1,0,23,44,52,LOW,0.33
2026-06-09 00:00:00,South Exit,484,1.38,18.4,88.2,1,0,44,12,63,LOW,1.49
2026-06-09 00:00:00,VIP Entrance,216,1.08,18.4,88.2,1,0,33,9,10,LOW,0.93
2026-06-09 00:30:00,Food Court,311,0.39,19.4,86.9,1,0,74,18,17,LOW,0.4
2026-06-09 00:30:00,Main Sanctum,634,2.54,19.4,86.9,1,0,363,26,28,MODERATE,2.68
2026-06-09 00:30:00,North Entry Gate,725,1.81,19.4,86.9,1,0,273,83,36,MODERATE,1.6
2026-06-09 00:30:00,Parking Area,822,0.33,19.4,86.9,1,0,23,38,43,LOW,0.35
2026-06-09 00:30:00,South Exit,522,1.49,19.4,86.9,1,0,54,12,73,LOW,1.23
2026-06-09 00:30:00,VIP Entrance,186,0.93,19.4,86.9,1,0,25,8,11,LOW,0.95
2026-06-09 01:00:00,Food Court,319,0.4,19.3,77.0,1,0,73,18,15,LOW,0.34
2026-06-09 01:00:00,Main Sanctum,670,2.68,19.3,77.0,1,0,404,28,30,MODERATE,2.26
2026-06-09 01:00:00,North Entry Gate,641,1.6,19.3,77.0,1,0,280,70,23,MODERATE,1.67
2026-06-09 01:00:00,Parking Area,887,0.35,19.3,77.0,1,0,21,52,46,LOW,0.26
2026-06-09 01:00:00,South Exit,429,1.23,19.3,77.0,1,0,38,12,59,LOW,1.01
2026-06-09 01:00:00,VIP Entrance,191,0.95,19.3,77.0,1,0,35,8,9,LOW,0.92
2026-06-09 01:30:00,Food Court,270,0.34,19.0,79.2,1,0,58,12,15,LOW,0.31
2026-06-09 01:30:00,Main Sanctum,565,2.26,19.0,79.2,1,0,375,30,30,MODERATE,1.82
2026-06-09 01:30:00,North Entry Gate,669,1.67,19.0,79.2,1,0,293,85,37,MODERATE,1.35
2026-06-09 01:30:00,Parking Area,659,0.26,19.0,79.2,1,0,19,30,39,LOW,0.29
2026-06-09 01:30:00,South Exit,352,1.01,19.0,79.2,1,0,35,10,52,LOW,1.21
2026-06-09 01:30:00,VIP Entrance,184,0.92,19.0,79.2,1,0,30,10,9,LOW,0.67
2026-06-09 02:00:00,Food Court,251,0.31,20.7,81.4,1,0,75,11,14,LOW,0.27
2026-06-09 02:00:00,Main Sanctum,456,1.82,20.7,81.4,1,0,264,19,24,MODERATE,1.62
2026-06-09 02:00:00,North Entry Gate,542,1.35,20.7,81.4,1,0,215,68,28,LOW,1.09
2026-06-09 02:00:00,Parking Area,721,0.29,20.7,81.4,1,0,21,43,31,LOW,0.24
2026-06-09 02:00:00,South Exit,425,1.21,20.7,81.4,1,0,37,12,62,LOW,1.03
2026-06-09 02:00:00,VIP Entrance,133,0.67,20.7,81.4,1,0,16,6,6,LOW,0.54
2026-06-09 02:30:00,Food Court,214,0.27,19.7,76.2,1,0,52,9,10,LOW,0.22
2026-06-09 02:30:00,Main Sanctum,406,1.62,19.7,76.2,1,0,216,24,17,MODERATE,1.14
2026-06-09 02:30:00,North Entry Gate,438,1.09,19.7,76.2,1,0,137,55,24,LOW,0.97
2026-06-09 02:30:00,Parking Area,603,0.24,19.7,76.2,1,0,9,36,26,LOW,0.2
2026-06-09 02:30:00,South Exit,359,1.03,19.7,76.2,1,0,34,9,51,LOW,0.73
2026-06-09 02:30:00,VIP Entrance,107,0.54,19.7,76.2,1,0,16,5,6,LOW,0.45
2026-06-09 03:00:00,Food Court,178,0.22,24.4,70.5,1,0,43,8,9,LOW,0.16
2026-06-09 03:00:00,Main Sanctum,286,1.14,24.4,70.5,1,0,204,15,13,LOW,0.88
2026-06-09 03:00:00,North Entry Gate,390,0.97,24.4,70.5,1,0,156,48,16,LOW,0.68
2026-06-09 03:00:00,Parking Area,488,0.2,24.4,70.5,1,0,11,29,27,LOW,0.14
2026-06-09 03:00:00,South Exit,255,0.73,24.4,70.5,1,0,25,7,35,LOW,0.51
2026-06-09 03:00:00,VIP Entrance,89,0.45,24.4,70.5,1,0,19,5,5,LOW,0.42
2026-06-09 03:30:00,Food Court,127,0.16,21.3,75.5,1,0,28,6,8,LOW,0.1
2026-06-09 03:30:00,Main Sanctum,221,0.88,21.3,75.5,1,0,128,12,13,LOW,0.62
2026-06-09 03:30:00,North Entry Gate,272,0.68,21.3,75.5,1,0,104,32,13,LOW,0.43
2026-06-09 03:30:00,Parking Area,357,0.14,21.3,75.5,1,0,12,20,17,LOW,0.08
2026-06-09 03:30:00,South Exit,180,0.51,21.3,75.5,1,0,18,5,27,LOW,0.3
2026-06-09 03:30:00,VIP Entrance,85,0.42,21.3,75.5,1,0,15,5,4,LOW,0.24
2026-06-09 04:00:00,Food Court,77,0.1,23.2,68.8,1,0,16,3,4,LOW,0.06
2026-06-09 04:00:00,Main Sanctum,156,0.62,23.2,68.8,1,0,91,6,9,LOW,0.41
2026-06-09 04:00:00,North Entry Gate,173,0.43,23.2,68.8,1,0,65,21,10,LOW,0.25
2026-06-09 04:00:00,Parking Area,203,0.08,23.2,68.8,1,0,1,12,10,LOW,0.06
2026-06-09 04:00:00,South Exit,106,0.3,23.2,68.8,1,0,13,3,15,LOW,0.22
2026-06-09 04:00:00,VIP Entrance,49,0.24,23.2,68.8,1,0,6,3,3,LOW,0.14
2026-06-09 04:30:00,Food Court,44,0.06,24.5,67.1,1,0,14,2,2,LOW,1.76
2026-06-09 04:30:00,Main Sanctum,103,0.41,24.5,67.1,1,0,59,5,6,LOW,10.38
2026-06-09 04:30:00,North Entry Gate,100,0.25,24.5,67.1,1,0,47,12,4,LOW,7.68
2026-06-09 04:30:00,Parking Area,153,0.06,24.5,67.1,1,0,6,9,7,LOW,1.73
2026-06-09 04:30:00,South Exit,77,0.22,24.5,67.1,1,0,3,3,12,LOW,6.71
2026-06-09 04:30:00,VIP Entrance,29,0.14,24.5,67.1,1,0,0,2,2,LOW,4.26
2026-06-09 05:00:00,Food Court,1409,1.76,28.0,52.0,1,0,276,60,60,MODERATE,2.25
2026-06-09 05:00:00,Main Sanctum,2596,10.38,28.0,52.0,1,0,1584,131,151,CRITICAL,12.66
2026-06-09 05:00:00,North Entry Gate,3073,7.68,28.0,52.0,1,0,1303,353,134,CRITICAL,9.54
2026-06-09 05:00:00,Parking Area,4314,1.73,28.0,52.0,1,0,122,189,225,MODERATE,1.76
2026-06-09 05:00:00,South Exit,2348,6.71,28.0,52.0,1,0,240,60,341,CRITICAL,7.17
2026-06-09 05:00:00,VIP Entrance,852,4.26,28.0,52.0,1,0,143,43,42,HIGH,4.96
2026-06-09 05:30:00,Food Court,1803,2.25,24.9,67.8,1,0,425,75,85,MODERATE,2.48
2026-06-09 05:30:00,Main Sanctum,3165,12.66,24.9,67.8,1,0,1911,183,186,CRITICAL,12.92
2026-06-09 05:30:00,North Entry Gate,3814,9.54,24.9,67.8,1,0,1429,424,176,CRITICAL,12.27
2026-06-09 05:30:00,Parking Area,4401,1.76,24.9,67.8,1,0,107,202,257,MODERATE,2.1
2026-06-09 05:30:00,South Exit,2510,7.17,24.9,67.8,1,0,219,63,367,CRITICAL,7.96
2026-06-09 05:30:00,VIP Entrance,993,4.96,24.9,67.8,1,0,133,51,56,CRITICAL,5.21
2026-06-09 06:00:00,Food Court,1980,2.48,28.2,60.5,1,0,439,117,90,MODERATE,2.87
2026-06-09 06:00:00,Main Sanctum,3229,12.92,28.2,60.5,1,0,2039,144,186,CRITICAL,15.19
2026-06-09 06:00:00,North Entry Gate,4909,12.27,28.2,60.5,1,0,1926,603,269,CRITICAL,12.71
2026-06-09 06:00:00,Parking Area,5258,2.1,28.2,60.5,1,0,121,254,214,MODERATE,2.34
2026-06-09 06:00:00,South Exit,2787,7.96,28.2,60.5,1,0,299,94,429,CRITICAL,8.22
2026-06-09 06:00:00,VIP Entrance,1042,5.21,28.2,60.5,1,0,127,59,57,CRITICAL,4.94
2026-06-09 06:30:00,Food Court,2299,2.87,30.3,51.7,1,0,444,117,137,MODERATE,2.77
2026-06-09 06:30:00,Main Sanctum,3797,15.19,30.3,51.7,1,0,2204,160,203,CRITICAL,15.66
2026-06-09 06:30:00,North Entry Gate,5086,12.71,30.3,51.7,1,0,2334,579,225,CRITICAL,11.39
2026-06-09 06:30:00,Parking Area,5852,2.34,30.3,51.7,1,0,129,277,319,MODERATE,2.0
2026-06-09 06:30:00,South Exit,2877,8.22,30.3,51.7,1,0,229,72,387,CRITICAL,9.89
2026-06-09 06:30:00,VIP Entrance,988,4.94,30.3,51.7,1,0,134,58,43,CRITICAL,5.0
2026-06-09 07:00:00,Food Court,2219,2.77,29.7,50.2,1,0,494,93,106,MODERATE,2.8
2026-06-09 07:00:00,Main Sanctum,3916,15.66,29.7,50.2,1,0,2533,182,168,CRITICAL,16.69
2026-06-09 07:00:00,North Entry Gate,4558,11.39,29.7,50.2,1,0,1962,564,194,CRITICAL,13.06
2026-06-09 07:00:00,Parking Area,4992,2.0,29.7,50.2,1,0,140,216,215,MODERATE,2.13
2026-06-09 07:00:00,South Exit,3461,9.89,29.7,50.2,1,0,302,85,473,CRITICAL,8.92
2026-06-09 07:00:00,VIP Entrance,1000,5.0,29.7,50.2,1,0,145,51,58,CRITICAL,6.01
2026-06-09 07:30:00,Food Court,2239,2.8,29.7,46.3,1,0,555,95,123,MODERATE,2.81
2026-06-09 07:30:00,Main Sanctum,4173,16.69,29.7,46.3,1,0,2424,241,192,CRITICAL,16.48
2026-06-09 07:30:00,North Entry Gate,5223,13.06,29.7,46.3,1,0,1953,596,225,CRITICAL,11.87
2026-06-09 07:30:00,Parking Area,5327,2.13,29.7,46.3,1,0,136,240,317,MODERATE,2.59
2026-06-09 07:30:00,South Exit,3121,8.92,29.7,46.3,1,0,332,89,402,CRITICAL,9.88
2026-06-09 07:30:00,VIP Entrance,1202,6.01,29.7,46.3,1,0,165,58,68,CRITICAL,6.1
2026-06-09 08:00:00,Food Court,2249,2.81,31.9,39.8,1,0,587,106,98,MODERATE,2.75
2026-06-09 08:00:00,Main Sanctum,4120,16.48,31.9,39.8,1,0,2378,172,204,CRITICAL,18.14
2026-06-09 08:00:00,North Entry Gate,4748,11.87,31.9,39.8,1,0,2257,577,262,CRITICAL,13.76
2026-06-09 08:00:00,Parking Area,6472,2.59,31.9,39.8,1,0,158,278,348,MODERATE,2.54
2026-06-09 08:00:00,South Exit,3459,9.88,31.9,39.8,1,0,387,97,455,CRITICAL,9.42
2026-06-09 08:00:00,VIP Entrance,1220,6.1,31.9,39.8,1,0,193,71,69,CRITICAL,6.01
2026-06-09 08:30:00,Food Court,2196,2.75,34.7,31.9,1,0,471,117,128,MODERATE,3.01
2026-06-09 08:30:00,Main Sanctum,4535,18.14,34.7,31.9,1,0,3042,213,255,CRITICAL,18.48
2026-06-09 08:30:00,North Entry Gate,5503,13.76,34.7,31.9,1,0,1869,598,217,CRITICAL,12.42
2026-06-09 08:30:00,Parking Area,6339,2.54,34.7,31.9,1,0,155,322,318,MODERATE,2.78
2026-06-09 08:30:00,South Exit,3298,9.42,34.7,31.9,1,0,267,86,459,CRITICAL,9.68
2026-06-09 08:30:00,VIP Entrance,1202,6.01,34.7,31.9,1,0,189,59,50,CRITICAL,6.68
2026-06-09 09:00:00,Food Court,2405,3.01,32.9,41.3,1,0,616,110,115,HIGH,2.57
2026-06-09 09:00:00,Main Sanctum,4619,18.48,32.9,41.3,1,0,3038,212,255,CRITICAL,15.54
2026-06-09 09:00:00,North Entry Gate,4967,12.42,32.9,41.3,1,0,1888,600,217,CRITICAL,13.06
2026-06-09 09:00:00,Parking Area,6954,2.78,32.9,41.3,1,0,201,370,394,MODERATE,2.66
2026-06-09 09:00:00,South Exit,3388,9.68,32.9,41.3,1,0,279,102,503,CRITICAL,9.24
2026-06-09 09:00:00,VIP Entrance,1337,6.68,32.9,41.3,1,0,233,79,58,CRITICAL,6.08
2026-06-09 09:30:00,Food Court,2054,2.57,36.1,32.0,1,0,557,106,86,MODERATE,2.31
2026-06-09 09:30:00,Main Sanctum,3886,15.54,36.1,32.0,1,0,2286,188,186,CRITICAL,16.16
2026-06-09 09:30:00,North Entry Gate,5225,13.06,36.1,32.0,1,0,1780,673,315,CRITICAL,12.23
2026-06-09 09:30:00,Parking Area,6662,2.66,36.1,32.0,1,0,154,277,309,MODERATE,2.47
2026-06-09 09:30:00,South Exit,3234,9.24,36.1,32.0,1,0,319,82,435,CRITICAL,7.82
2026-06-09 09:30:00,VIP Entrance,1217,6.08,36.1,32.0,1,0,141,54,62,CRITICAL,6.21
2026-06-09 10:00:00,Food Court,1845,2.31,35.2,37.0,1,0,410,95,83,MODERATE,2.47
2026-06-09 10:00:00,Main Sanctum,4041,16.16,35.2,37.0,1,0,2320,213,168,CRITICAL,13.72
2026-06-09 10:00:00,North Entry Gate,4892,12.23,35.2,37.0,1,0,1811,635,212,CRITICAL,10.18
2026-06-09 10:00:00,Parking Area,6183,2.47,35.2,37.0,1,0,164,277,262,MODERATE,2.06
2026-06-09 10:00:00,South Exit,2738,7.82,35.2,37.0,1,0,261,85,360,CRITICAL,8.15
2026-06-09 10:00:00,VIP Entrance,1242,6.21,35.2,37.0,1,0,171,65,53,CRITICAL,5.93
2026-06-09 10:30:00,Food Court,1979,2.47,36.9,30.0,1,0,391,92,118,MODERATE,2.08
2026-06-09 10:30:00,Main Sanctum,3430,13.72,36.9,30.0,1,0,1758,188,202,CRITICAL,14.35
2026-06-09 10:30:00,North Entry Gate,4072,10.18,36.9,30.0,1,0,1825,482,204,CRITICAL,9.05
2026-06-09 10:30:00,Parking Area,5138,2.06,36.9,30.0,1,0,100,271,218,MODERATE,1.98
2026-06-09 10:30:00,South Exit,2854,8.15,36.9,30.0,1,0,274,74,387,CRITICAL,7.67
2026-06-09 10:30:00,VIP Entrance,1186,5.93,36.9,30.0,1,0,167,69,67,CRITICAL,4.54
2026-06-09 11:00:00,Food Court,1665,2.08,36.0,35.9,1,0,412,97,72,MODERATE,2.29
2026-06-09 11:00:00,Main Sanctum,3587,14.35,36.0,35.9,1,0,1914,157,182,CRITICAL,11.88
2026-06-09 11:00:00,North Entry Gate,3621,9.05,36.0,35.9,1,0,1465,407,149,CRITICAL,9.64
2026-06-09 11:00:00,Parking Area,4955,1.98,36.0,35.9,1,0,106,282,291,MODERATE,1.99
2026-06-09 11:00:00,South Exit,2686,7.67,36.0,35.9,1,0,265,92,387,CRITICAL,6.67
2026-06-09 11:00:00,VIP Entrance,908,4.54,36.0,35.9,1,0,111,44,51,CRITICAL,4.92
2026-06-09 11:30:00,Food Court,1829,2.29,35.4,35.9,1,0,488,105,82,MODERATE,4.5
2026-06-09 11:30:00,Main Sanctum,2969,11.88,35.4,35.9,1,0,2068,175,168,CRITICAL,8.3
2026-06-09 11:30:00,North Entry Gate,3855,9.64,35.4,35.9,1,0,1761,418,172,CRITICAL,6.88
2026-06-09 11:30:00,Parking Area,4983,1.99,35.4,35.9,1,0,115,231,256,MODERATE,1.24
2026-06-09 11:30:00,South Exit,2336,6.67,35.4,35.9,1,0,228,78,337,CRITICAL,5.15
2026-06-09 11:30:00,VIP Entrance,983,4.92,35.4,35.9,1,0,127,43,48,CRITICAL,3.44
2026-06-09 12:00:00,Food Court,3604,4.5,38.0,30.0,1,0,757,204,177,CRITICAL,4.06
2026-06-09 12:00:00,Main Sanctum,2075,8.3,38.0,30.0,1,0,1133,88,101,CRITICAL,9.2
2026-06-09 12:00:00,North Entry Gate,2750,6.88,38.0,30.0,1,0,1250,305,109,CRITICAL,6.2
2026-06-09 12:00:00,Parking Area,3097,1.24,38.0,30.0,1,0,79,144,159,LOW,1.4
2026-06-09 12:00:00,South Exit,1801,5.15,38.0,30.0,1,0,193,52,241,CRITICAL,5.76
2026-06-09 12:00:00,VIP Entrance,687,3.44,38.0,30.0,1,0,112,28,30,HIGH,3.47
2026-06-09 12:30:00,Food Court,3246,4.06,36.2,30.0,1,0,816,161,156,HIGH,5.2
2026-06-09 12:30:00,Main Sanctum,2300,9.2,36.2,30.0,1,0,1556,106,101,CRITICAL,10.45
2026-06-09 12:30:00,North Entry Gate,2481,6.2,36.2,30.0,1,0,957,291,96,CRITICAL,7.9
2026-06-09 12:30:00,Parking Area,3496,1.4,36.2,30.0,1,0,77,156,195,LOW,1.68
2026-06-09 12:30:00,South Exit,2015,5.76,36.2,30.0,1,0,171,65,279,CRITICAL,5.68
2026-06-09 12:30:00,VIP Entrance,694,3.47,36.2,30.0,1,0,108,38,28,HIGH,3.96
2026-06-09 13:00:00,Food Court,4162,5.2,35.9,36.0,1,0,965,239,225,CRITICAL,5.21
2026-06-09 13:00:00,Main Sanctum,2613,10.45,35.9,36.0,1,0,1595,117,147,CRITICAL,9.46
2026-06-09 13:00:00,North Entry Gate,3159,7.9,35.9,36.0,1,0,1563,382,170,CRITICAL,7.88
2026-06-09 13:00:00,Parking Area,4197,1.68,35.9,36.0,1,0,105,175,209,MODERATE,1.71
2026-06-09 13:00:00,South Exit,1988,5.68,35.9,36.0,1,0,182,57,303,CRITICAL,6.03
2026-06-09 13:00:00,VIP Entrance,792,3.96,35.9,36.0,1,0,124,37,38,HIGH,3.44
2026-06-09 13:30:00,Food Court,4172,5.21,36.4,30.0,1,0,987,220,233,CRITICAL,4.87
2026-06-09 13:30:00,Main Sanctum,2365,9.46,36.4,30.0,1,0,1602,129,114,CRITICAL,10.88
2026-06-09 13:30:00,North Entry Gate,3153,7.88,36.4,30.0,1,0,1336,395,161,CRITICAL,8.71
2026-06-09 13:30:00,Parking Area,4267,1.71,36.4,30.0,1,0,109,236,247,MODERATE,1.58
2026-06-09 13:30:00,South Exit,2110,6.03,36.4,30.0,1,0,172,60,306,CRITICAL,6.38
2026-06-09 13:30:00,VIP Entrance,689,3.44,36.4,30.0,1,0,106,29,38,HIGH,3.21
2026-06-09 14:00:00,Food Court,3895,4.87,36.0,31.9,1,0,783,172,186,CRITICAL,5.66
2026-06-09 14:00:00,Main Sanctum,2720,10.88,36.0,31.9,1,0,1481,124,148,CRITICAL,10.47
2026-06-09 14:00:00,North Entry Gate,3483,8.71,36.0,31.9,1,0,1478,416,154,CRITICAL,6.95
2026-06-09 14:00:00,Parking Area,3961,1.58,36.0,31.9,1,0,113,175,230,MODERATE,1.78
2026-06-09 14:00:00,South Exit,2232,6.38,36.0,31.9,1,0,202,51,290,CRITICAL,5.94
2026-06-09 14:00:00,VIP Entrance,642,3.21,36.0,31.9,1,0,92,36,31,HIGH,3.47
2026-06-09 14:30:00,Food Court,4528,5.66,35.3,35.3,1,0,1370,208,235,CRITICAL,1.5
2026-06-09 14:30:00,Main Sanctum,2618,10.47,35.3,35.3,1,0,1781,148,129,CRITICAL,8.42
2026-06-09 14:30:00,North Entry Gate,2781,6.95,35.3,35.3,1,0,1246,326,105,CRITICAL,6.83
2026-06-09 14:30:00,Parking Area,4447,1.78,35.3,35.3,1,0,105,184,241,MODERATE,1.46
2026-06-09 14:30:00,South Exit,2080,5.94,35.3,35.3,1,0,222,47,262,CRITICAL,5.56
2026-06-09 14:30:00,VIP Entrance,694,3.47,35.3,35.3,1,0,112,33,31,HIGH,4.16
2026-06-09 15:00:00,Food Court,1197,1.5,32.0,41.3,1,0,264,60,70,MODERATE,1.49
2026-06-09 15:00:00,Main Sanctum,2104,8.42,32.0,41.3,1,0,1073,105,92,CRITICAL,9.19
2026-06-09 15:00:00,North Entry Gate,2730,6.83,32.0,41.3,1,0,1138,315,127,CRITICAL,6.73
2026-06-09 15:00:00,Parking Area,3662,1.46,32.0,41.3,1,0,97,155,162,LOW,1.38
2026-06-09 15:00:00,South Exit,1947,5.56,32.0,41.3,1,0,206,57,256,CRITICAL,5.2
2026-06-09 15:00:00,VIP Entrance,832,4.16,32.0,41.3,1,0,112,45,48,HIGH,3.1
2026-06-09 15:30:00,Food Court,1188,1.49,32.1,42.9,1,0,296,51,52,LOW,1.94
2026-06-09 15:30:00,Main Sanctum,2297,9.19,32.1,42.9,1,0,1437,103,115,CRITICAL,10.78
2026-06-09 15:30:00,North Entry Gate,2693,6.73,32.1,42.9,1,0,1082,342,154,CRITICAL,8.94
2026-06-09 15:30:00,Parking Area,3446,1.38,32.1,42.9,1,0,87,160,152,LOW,1.8
2026-06-09 15:30:00,South Exit,1821,5.2,32.1,42.9,1,0,170,55,258,CRITICAL,6.88
2026-06-09 15:30:00,VIP Entrance,620,3.1,32.1,42.9,1,0,90,36,37,HIGH,4.59
2026-06-09 16:00:00,Food Court,1552,1.94,31.2,49.0,1,0,400,66,84,MODERATE,2.47
2026-06-09 16:00:00,Main Sanctum,2695,10.78,31.2,49.0,1,0,1582,160,161,CRITICAL,15.18
2026-06-09 16:00:00,North Entry Gate,3575,8.94,31.2,49.0,1,0,1566,446,151,CRITICAL,11.48
2026-06-09 16:00:00,Parking Area,4488,1.8,31.2,49.0,1,0,114,259,244,MODERATE,2.15
2026-06-09 16:00:00,South Exit,2409,6.88,31.2,49.0,1,0,225,63,330,CRITICAL,7.25
2026-06-09 16:00:00,VIP Entrance,918,4.59,31.2,49.0,1,0,136,38,39,CRITICAL,5.75
2026-06-09 16:30:00,Food Court,1973,2.47,30.1,52.0,1,0,556,83,118,MODERATE,2.69
2026-06-09 16:30:00,Main Sanctum,3796,15.18,30.1,52.0,1,0,2403,176,189,CRITICAL,15.5
2026-06-09 16:30:00,North Entry Gate,4592,11.48,30.1,52.0,1,0,2195,500,192,CRITICAL,10.29
2026-06-09 16:30:00,Parking Area,5375,2.15,30.1,52.0,1,0,148,246,285,MODERATE,2.36
2026-06-09 16:30:00,South Exit,2537,7.25,30.1,52.0,1,0,223,74,386,CRITICAL,8.75
2026-06-09 16:30:00,VIP Entrance,1149,5.75,30.1,52.0,1,0,145,66,56,CRITICAL,6.25
2026-06-09 17:00:00,Food Court,2155,2.69,29.0,55.3,1,0,499,99,118,MODERATE,3.3
2026-06-09 17:00:00,Main Sanctum,3875,15.5,29.0,55.3,1,0,2168,202,183,CRITICAL,17.83
2026-06-09 17:00:00,North Entry Gate,4116,10.29,29.0,55.3,1,0,1431,534,185,CRITICAL,11.89
2026-06-09 17:00:00,Parking Area,5904,2.36,29.0,55.3,1,0,146,305,265,MODERATE,2.4
2026-06-09 17:00:00,South Exit,3064,8.75,29.0,55.3,1,0,279,74,435,CRITICAL,9.04
2026-06-09 17:00:00,VIP Entrance,1251,6.25,29.0,55.3,1,0,183,75,59,CRITICAL,6.54
2026-06-09 17:30:00,Food Court,2638,3.3,28.2,51.9,1,0,714,143,119,HIGH,2.82
2026-06-09 17:30:00,Main Sanctum,4458,17.83,28.2,51.9,1,0,2738,249,238,CRITICAL,17.57
2026-06-09 17:30:00,North Entry Gate,4757,11.89,28.2,51.9,1,0,1934,530,242,CRITICAL,10.66
2026-06-09 17:30:00,Parking Area,6002,2.4,28.2,51.9,1,0,145,352,348,MODERATE,2.47
2026-06-09 17:30:00,South Exit,3163,9.04,28.2,51.9,1,0,308,92,476,CRITICAL,10.59
2026-06-09 17:30:00,VIP Entrance,1307,6.54,28.2,51.9,1,0,167,55,64,CRITICAL,8.09
2026-06-09 18:00:00,Food Court,2258,2.82,28.4,54.1,1,0,513,91,100,MODERATE,3.36
2026-06-09 18:00:00,Main Sanctum,4392,17.57,28.4,54.1,1,0,2076,235,261,CRITICAL,16.85
2026-06-09 18:00:00,North Entry Gate,4264,10.66,28.4,54.1,1,0,1765,479,181,CRITICAL,14.62
2026-06-09 18:00:00,Parking Area,6185,2.47,28.4,54.1,1,0,170,287,353,MODERATE,2.33
2026-06-09 18:00:00,South Exit,3707,10.59,28.4,54.1,1,0,299,107,524,CRITICAL,10.39
2026-06-09 18:00:00,VIP Entrance,1617,8.09,28.4,54.1,1,0,265,73,67,CRITICAL,6.84
2026-06-09 18:30:00,Food Court,2686,3.36,27.5,56.3,1,0,642,132,127,HIGH,9.45
2026-06-09 18:30:00,Main Sanctum,4213,16.85,27.5,56.3,1,0,2603,221,173,CRITICAL,21.26
2026-06-09 18:30:00,North Entry Gate,5847,14.62,27.5,56.3,1,0,2653,772,358,CRITICAL,13.25
2026-06-09 18:30:00,Parking Area,5816,2.33,27.5,56.3,1,0,144,266,278,MODERATE,2.52
2026-06-09 18:30:00,South Exit,3636,10.39,27.5,56.3,1,0,385,87,529,CRITICAL,11.18
2026-06-09 18:30:00,VIP Entrance,1369,6.84,27.5,56.3,1,0,198,68,68,CRITICAL,6.29
2026-06-09 19:00:00,Food Court,7563,9.45,25.9,63.6,1,0,1798,439,318,CRITICAL,9.56
2026-06-09 19:00:00,Main Sanctum,5316,21.26,25.9,63.6,1,0,2674,293,241,CRITICAL,18.41
2026-06-09 19:00:00,North Entry Gate,5299,13.25,25.9,63.6,1,0,2464,622,274,CRITICAL,14.47
2026-06-09 19:00:00,Parking Area,6310,2.52,25.9,63.6,1,0,134,281,292,MODERATE,2.83
2026-06-09 19:00:00,South Exit,3913,11.18,25.9,63.6,1,0,375,114,493,CRITICAL,10.25
2026-06-09 19:00:00,VIP Entrance,1257,6.29,25.9,63.6,1,0,175,63,61,CRITICAL,7.46
2026-06-09 19:30:00,Food Court,7645,9.56,24.4,67.8,1,0,1867,403,361,CRITICAL,9.59
2026-06-09 19:30:00,Main Sanctum,4602,18.41,24.4,67.8,1,0,2975,207,203,CRITICAL,19.46
2026-06-09 19:30:00,North Entry Gate,5789,14.47,24.4,67.8,1,0,2210,713,240,CRITICAL,15.07
2026-06-09 19:30:00,Parking Area,7073,2.83,24.4,67.8,1,0,154,394,361,MODERATE,2.54
2026-06-09 19:30:00,South Exit,3586,10.25,24.4,67.8,1,0,308,90,465,CRITICAL,9.77
2026-06-09 19:30:00,VIP Entrance,1491,7.46,24.4,67.8,1,0,211,64,69,CRITICAL,6.15
2026-06-09 20:00:00,Food Court,7671,9.59,25.5,64.0,1,0,1855,346,344,CRITICAL,8.42
2026-06-09 20:00:00,Main Sanctum,4866,19.46,25.5,64.0,1,0,2913,270,286,CRITICAL,18.19
2026-06-09 20:00:00,North Entry Gate,6029,15.07,25.5,64.0,1,0,2731,762,283,CRITICAL,11.69
2026-06-09 20:00:00,Parking Area,6345,2.54,25.5,64.0,1,0,152,344,303,MODERATE,2.49
2026-06-09 20:00:00,South Exit,3419,9.77,25.5,64.0,1,0,296,105,458,CRITICAL,8.49
2026-06-09 20:00:00,VIP Entrance,1230,6.15,25.5,64.0,1,0,155,52,66,CRITICAL,5.89
2026-06-09 20:30:00,Food Court,6738,8.42,23.0,78.4,1,0,1543,322,389,CRITICAL,7.7
2026-06-09 20:30:00,Main Sanctum,4547,18.19,23.0,78.4,1,0,2650,253,266,CRITICAL,16.27
2026-06-09 20:30:00,North Entry Gate,4676,11.69,23.0,78.4,1,0,1804,538,238,CRITICAL,11.27
2026-06-09 20:30:00,Parking Area,6223,2.49,23.0,78.4,1,0,154,355,250,MODERATE,2.28
2026-06-09 20:30:00,South Exit,2973,8.49,23.0,78.4,1,0,299,87,396,CRITICAL,9.73
2026-06-09 20:30:00,VIP Entrance,1178,5.89,23.0,78.4,1,0,140,60,54,CRITICAL,5.22
2026-06-09 21:00:00,Food Court,6159,7.7,23.5,68.6,1,0,1677,315,329,CRITICAL,6.55
2026-06-09 21:00:00,Main Sanctum,4067,16.27,23.5,68.6,1,0,2303,173,178,CRITICAL,12.84
2026-06-09 21:00:00,North Entry Gate,4508,11.27,23.5,68.6,1,0,2061,533,243,CRITICAL,9.9
2026-06-09 21:00:00,Parking Area,5697,2.28,23.5,68.6,1,0,127,244,249,MODERATE,2.25
2026-06-09 21:00:00,South Exit,3406,9.73,23.5,68.6,1,0,285,92,519,CRITICAL,7.44
2026-06-09 21:00:00,VIP Entrance,1045,5.22,23.5,68.6,1,0,148,44,58,CRITICAL,5.02
2026-06-09 21:30:00,Food Court,5241,6.55,21.0,75.8,1,0,1346,244,262,CRITICAL,0.32
2026-06-09 21:30:00,Main Sanctum,3210,12.84,21.0,75.8,1,0,2040,155,167,CRITICAL,1.85
2026-06-09 21:30:00,North Entry Gate,3960,9.9,21.0,75.8,1,0,1651,497,225,CRITICAL,1.46
2026-06-09 21:30:00,Parking Area,5613,2.25,21.0,75.8,1,0,135,309,327,MODERATE,0.27
2026-06-09 21:30:00,South Exit,2605,7.44,21.0,75.8,1,0,237,70,349,CRITICAL,1.08
2026-06-09 21:30:00,VIP Entrance,1004,5.02,21.0,75.8,1,0,141,52,51,CRITICAL,0.74
2026-06-09 22:00:00,Food Court,254,0.32,21.6,71.7,1,0,59,11,14,LOW,0.41
2026-06-09 22:00:00,Main Sanctum,463,1.85,21.6,71.7,1,0,290,21,22,MODERATE,2.16
2026-06-09 22:00:00,North Entry Gate,584,1.46,21.6,71.7,1,0,297,66,23,LOW,1.43
2026-06-09 22:00:00,Parking Area,666,0.27,21.6,71.7,1,0,17,33,27,LOW,0.32
2026-06-09 22:00:00,South Exit,379,1.08,21.6,71.7,1,0,32,12,55,LOW,1.35
2026-06-09 22:00:00,VIP Entrance,148,0.74,21.6,71.7,1,0,22,8,6,LOW,0.79
2026-06-09 22:30:00,Food Court,328,0.41,22.2,68.8,1,0,80,15,16,LOW,0.39
2026-06-09 22:30:00,Main Sanctum,540,2.16,22.2,68.8,1,0,294,29,29,MODERATE,2.13
2026-06-09 22:30:00,North Entry Gate,573,1.43,22.2,68.8,1,0,222,67,23,LOW,1.83
2026-06-09 22:30:00,Parking Area,810,0.32,22.2,68.8,1,0,19,42,36,LOW,0.39
2026-06-09 22:30:00,South Exit,473,1.35,22.2,68.8,1,0,33,14,66,LOW,1.31
2026-06-09 22:30:00,VIP Entrance,158,0.79,22.2,68.8,1,0,21,9,8,LOW,0.84
2026-06-09 23:00:00,Food Court,315,0.39,18.0,82.3,1,0,78,14,18,LOW,0.38
2026-06-09 23:00:00,Main Sanctum,533,2.13,18.0,82.3,1,0,339,29,25,MODERATE,2.72
2026-06-09 23:00:00,North Entry Gate,732,1.83,18.0,82.3,1,0,305,92,30,MODERATE,1.74
2026-06-09 23:00:00,Parking Area,978,0.39,18.0,82.3,1,0,20,54,40,LOW,0.36
2026-06-09 23:00:00,South Exit,457,1.31,18.0,82.3,1,0,48,12,66,LOW,1.25
2026-06-09 23:00:00,VIP Entrance,169,0.84,18.0,82.3,1,0,25,7,9,LOW,0.91
2026-06-09 23:30:00,Food Court,304,0.38,19.3,79.9,1,0,85,16,12,LOW,0.17
2026-06-09 23:30:00,Main Sanctum,680,2.72,19.3,79.9,1,0,384,40,35,MODERATE,1.28
2026-06-09 23:30:00,North Entry Gate,694,1.74,19.3,79.9,1,0,327,81,32,MODERATE,0.91
2026-06-09 23:30:00,Parking Area,907,0.36,19.3,79.9,1,0,23,50,50,LOW,0.16
2026-06-09 23:30:00,South Exit,437,1.25,19.3,79.9,1,0,41,14,63,LOW,0.67
2026-06-09 23:30:00,VIP Entrance,181,0.91,19.3,79.9,1,0,27,9,8,LOW,0.46
2026-06-10 00:00:00,Food Court,139,0.17,20.7,81.8,0,0,28,7,6,LOW,0.19
2026-06-10 00:00:00,Main Sanctum,321,1.28,20.7,81.8,0,0,190,13,14,LOW,1.35
2026-06-10 00:00:00,North Entry Gate,365,0.91,20.7,81.8,0,0,143,45,19,LOW,0.9
2026-06-10 00:00:00,Parking Area,398,0.16,20.7,81.8,0,0,8,18,23,LOW,0.18
2026-06-10 00:00:00,South Exit,234,0.67,20.7,81.8,0,0,18,5,32,LOW,0.73
2026-06-10 00:00:00,VIP Entrance,91,0.46,20.7,81.8,0,0,11,5,4,LOW,0.51
2026-06-10 00:30:00,Food Court,149,0.19,21.5,75.6,0,0,30,7,7,LOW,0.19
2026-06-10 00:30:00,Main Sanctum,338,1.35,21.5,75.6,0,0,160,17,15,LOW,1.16
2026-06-10 00:30:00,North Entry Gate,359,0.9,21.5,75.6,0,0,114,44,21,LOW,0.84
2026-06-10 00:30:00,Parking Area,438,0.18,21.5,75.6,0,0,6,23,22,LOW,0.16
2026-06-10 00:30:00,South Exit,255,0.73,21.5,75.6,0,0,25,7,36,LOW,0.65
2026-06-10 00:30:00,VIP Entrance,101,0.51,21.5,75.6,0,0,9,6,4,LOW,0.42
2026-06-10 01:00:00,Food Court,152,0.19,20.5,79.1,0,0,29,7,8,LOW,0.16
2026-06-10 01:00:00,Main Sanctum,290,1.16,20.5,79.1,0,0,152,12,17,LOW,1.01
2026-06-10 01:00:00,North Entry Gate,335,0.84,20.5,79.1,0,0,114,40,16,LOW,0.89
2026-06-10 01:00:00,Parking Area,391,0.16,20.5,79.1,0,0,5,20,17,LOW,0.15
2026-06-10 01:00:00,South Exit,229,0.65,20.5,79.1,0,0,17,7,33,LOW,0.62
2026-06-10 01:00:00,VIP Entrance,85,0.42,20.5,79.1,0,0,10,4,5,LOW,0.41
2026-06-10 01:30:00,Food Court,128,0.16,20.7,77.6,0,0,31,7,5,LOW,0.16
2026-06-10 01:30:00,Main Sanctum,252,1.01,20.7,77.6,0,0,110,11,13,LOW,1.1
2026-06-10 01:30:00,North Entry Gate,356,0.89,20.7,77.6,0,0,100,46,17,LOW,0.69
2026-06-10 01:30:00,Parking Area,366,0.15,20.7,77.6,0,0,9,17,17,LOW,0.13
2026-06-10 01:30:00,South Exit,216,0.62,20.7,77.6,0,0,16,5,31,LOW,0.43
2026-06-10 01:30:00,VIP Entrance,82,0.41,20.7,77.6,0,0,8,4,3,LOW,0.27
2026-06-10 02:00:00,Food Court,130,0.16,23.0,72.1,0,0,22,6,6,LOW,0.12
2026-06-10 02:00:00,Main Sanctum,276,1.1,23.0,72.1,0,0,113,15,16,LOW,0.75
2026-06-10 02:00:00,North Entry Gate,275,0.69,23.0,72.1,0,0,109,32,11,LOW,0.56
2026-06-10 02:00:00,Parking Area,326,0.13,23.0,72.1,0,0,5,18,13,LOW,0.1
2026-06-10 02:00:00,South Exit,151,0.43,23.0,72.1,0,0,9,5,21,LOW,0.38
2026-06-10 02:00:00,VIP Entrance,53,0.27,23.0,72.1,0,0,5,2,3,LOW,0.29
2026-06-10 02:30:00,Food Court,100,0.12,23.2,74.6,0,0,18,4,5,LOW,0.09
2026-06-10 02:30:00,Main Sanctum,187,0.75,23.2,74.6,0,0,84,9,8,LOW,0.64
2026-06-10 02:30:00,North Entry Gate,226,0.56,23.2,74.6,0,0,73,25,9,LOW,0.54
2026-06-10 02:30:00,Parking Area,242,0.1,23.2,74.6,0,0,5,11,13,LOW,0.09
2026-06-10 02:30:00,South Exit,133,0.38,23.2,74.6,0,0,10,4,19,LOW,0.35
2026-06-10 02:30:00,VIP Entrance,59,0.29,23.2,74.6,0,0,10,3,3,LOW,0.23
2026-06-10 03:00:00,Food Court,74,0.09,21.3,70.1,0,0,18,4,4,LOW,0.08
2026-06-10 03:00:00,Main Sanctum,159,0.64,21.3,70.1,0,0,79,6,7,LOW,0.46
2026-06-10 03:00:00,North Entry Gate,216,0.54,21.3,70.1,0,0,80,24,11,LOW,0.32
2026-06-10 03:00:00,Parking Area,234,0.09,21.3,70.1,0,0,7,12,13,LOW,0.07
2026-06-10 03:00:00,South Exit,122,0.35,21.3,70.1,0,0,9,4,16,LOW,0.27
2026-06-10 03:00:00,VIP Entrance,47,0.23,21.3,70.1,0,0,5,2,2,LOW,0.14
2026-06-10 03:30:00,Food Court,61,0.08,23.3,73.8,0,0,11,3,3,LOW,0.05
2026-06-10 03:30:00,Main Sanctum,114,0.46,23.3,73.8,0,0,57,5,6,LOW,0.27
2026-06-10 03:30:00,North Entry Gate,128,0.32,23.3,73.8,0,0,43,15,7,LOW,0.2
2026-06-10 03:30:00,Parking Area,167,0.07,23.3,73.8,0,0,1,8,9,LOW,0.05
2026-06-10 03:30:00,South Exit,94,0.27,23.3,73.8,0,0,9,3,12,LOW,0.17
2026-06-10 03:30:00,VIP Entrance,29,0.14,23.3,73.8,0,0,4,2,2,LOW,0.1
2026-06-10 04:00:00,Food Court,37,0.05,24.4,59.3,0,0,10,2,2,LOW,0.03
2026-06-10 04:00:00,Main Sanctum,68,0.27,24.4,59.3,0,0,34,3,4,LOW,0.17
2026-06-10 04:00:00,North Entry Gate,81,0.2,24.4,59.3,0,0,26,9,3,LOW,0.14
2026-06-10 04:00:00,Parking Area,115,0.05,24.4,59.3,0,0,4,6,6,LOW,0.03
2026-06-10 04:00:00,South Exit,61,0.17,24.4,59.3,0,0,7,2,8,LOW,0.09
2026-06-10 04:00:00,VIP Entrance,21,0.1,24.4,59.3,0,0,0,2,2,LOW,0.07
2026-06-10 04:30:00,Food Court,22,0.03,27.0,59.1,0,0,2,2,2,LOW,0.89
2026-06-10 04:30:00,Main Sanctum,43,0.17,27.0,59.1,0,0,23,2,2,LOW,5.76
2026-06-10 04:30:00,North Entry Gate,54,0.14,27.0,59.1,0,0,18,7,3,LOW,3.76
2026-06-10 04:30:00,Parking Area,65,0.03,27.0,59.1,0,0,3,3,4,LOW,0.73
2026-06-10 04:30:00,South Exit,32,0.09,27.0,59.1,0,0,4,1,5,LOW,2.99
2026-06-10 04:30:00,VIP Entrance,15,0.07,27.0,59.1,0,0,2,2,2,LOW,1.96
2026-06-10 05:00:00,Food Court,714,0.89,27.0,65.6,0,0,127,39,36,LOW,1.01
2026-06-10 05:00:00,Main Sanctum,1440,5.76,27.0,65.6,0,0,679,81,78,CRITICAL,6.7
2026-06-10 05:00:00,North Entry Gate,1505,3.76,27.0,65.6,0,0,582,179,58,HIGH,3.96
2026-06-10 05:00:00,Parking Area,1825,0.73,27.0,65.6,0,0,34,108,74,LOW,0.94
2026-06-10 05:00:00,South Exit,1045,2.99,27.0,65.6,0,0,100,32,147,MODERATE,3.06
2026-06-10 05:00:00,VIP Entrance,392,1.96,27.0,65.6,0,0,47,21,22,MODERATE,2.5
2026-06-10 05:30:00,Food Court,807,1.01,26.8,61.6,0,0,173,45,41,LOW,1.13
2026-06-10 05:30:00,Main Sanctum,1676,6.7,26.8,61.6,0,0,865,93,68,CRITICAL,6.95
2026-06-10 05:30:00,North Entry Gate,1586,3.96,26.8,61.6,0,0,530,174,62,HIGH,4.87
2026-06-10 05:30:00,Parking Area,2355,0.94,26.8,61.6,0,0,47,132,124,LOW,1.06
2026-06-10 05:30:00,South Exit,1071,3.06,26.8,61.6,0,0,84,29,148,HIGH,3.53
2026-06-10 05:30:00,VIP Entrance,499,2.5,26.8,61.6,0,0,61,20,27,MODERATE,2.59
2026-06-10 06:00:00,Food Court,905,1.13,28.3,56.2,0,0,192,44,37,LOW,1.21
2026-06-10 06:00:00,Main Sanctum,1738,6.95,28.3,56.2,0,0,834,100,74,CRITICAL,6.62
2026-06-10 06:00:00,North Entry Gate,1949,4.87,28.3,56.2,0,0,704,212,81,CRITICAL,5.46
2026-06-10 06:00:00,Parking Area,2640,1.06,28.3,56.2,0,0,57,129,153,LOW,0.99
2026-06-10 06:00:00,South Exit,1236,3.53,28.3,56.2,0,0,108,36,176,HIGH,4.19
2026-06-10 06:00:00,VIP Entrance,518,2.59,28.3,56.2,0,0,62,23,31,MODERATE,2.49
2026-06-10 06:30:00,Food Court,966,1.21,26.8,65.6,0,0,216,49,57,LOW,1.32
2026-06-10 06:30:00,Main Sanctum,1656,6.62,26.8,65.6,0,0,964,94,89,CRITICAL,7.63
2026-06-10 06:30:00,North Entry Gate,2186,5.46,26.8,65.6,0,0,834,272,113,CRITICAL,5.79
2026-06-10 06:30:00,Parking Area,2472,0.99,26.8,65.6,0,0,53,128,121,LOW,1.16
2026-06-10 06:30:00,South Exit,1467,4.19,26.8,65.6,0,0,125,31,189,HIGH,4.14
2026-06-10 06:30:00,VIP Entrance,498,2.49,26.8,65.6,0,0,55,27,28,MODERATE,2.96
2026-06-10 07:00:00,Food Court,1055,1.32,31.2,44.3,0,0,214,62,48,LOW,1.19
2026-06-10 07:00:00,Main Sanctum,1908,7.63,31.2,44.3,0,0,914,89,80,CRITICAL,8.1
2026-06-10 07:00:00,North Entry Gate,2316,5.79,31.2,44.3,0,0,801,302,97,CRITICAL,5.88
2026-06-10 07:00:00,Parking Area,2911,1.16,31.2,44.3,0,0,70,128,136,LOW,1.08
2026-06-10 07:00:00,South Exit,1450,4.14,31.2,44.3,0,0,133,36,203,HIGH,4.25
2026-06-10 07:00:00,VIP Entrance,592,2.96,31.2,44.3,0,0,76,33,30,MODERATE,3.1
2026-06-10 07:30:00,Food Court,952,1.19,31.8,45.9,0,0,230,39,48,LOW,1.3
2026-06-10 07:30:00,Main Sanctum,2026,8.1,31.8,45.9,0,0,982,105,89,CRITICAL,7.78
2026-06-10 07:30:00,North Entry Gate,2353,5.88,31.8,45.9,0,0,827,268,113,CRITICAL,7.04
2026-06-10 07:30:00,Parking Area,2694,1.08,31.8,45.9,0,0,63,147,114,LOW,1.0
2026-06-10 07:30:00,South Exit,1488,4.25,31.8,45.9,0,0,100,32,193,HIGH,4.33
2026-06-10 07:30:00,VIP Entrance,620,3.1,31.8,45.9,0,0,90,26,28,HIGH,2.92
2026-06-10 08:00:00,Food Court,1044,1.3,33.5,41.2,0,0,219,59,51,LOW,1.31
2026-06-10 08:00:00,Main Sanctum,1945,7.78,33.5,41.2,0,0,764,85,97,CRITICAL,9.06
2026-06-10 08:00:00,North Entry Gate,2816,7.04,33.5,41.2,0,0,974,317,102,CRITICAL,6.11
2026-06-10 08:00:00,Parking Area,2512,1.0,33.5,41.2,0,0,46,120,141,LOW,1.23
2026-06-10 08:00:00,South Exit,1515,4.33,33.5,41.2,0,0,97,43,206,HIGH,4.37
2026-06-10 08:00:00,VIP Entrance,583,2.92,33.5,41.2,0,0,68,29,31,MODERATE,2.88
2026-06-10 08:30:00,Food Court,1049,1.31,32.7,40.3,0,0,213,53,53,LOW,1.46
2026-06-10 08:30:00,Main Sanctum,2266,9.06,32.7,40.3,0,0,1275,93,136,CRITICAL,8.01
2026-06-10 08:30:00,North Entry Gate,2444,6.11,32.7,40.3,0,0,837,295,114,CRITICAL,6.41
2026-06-10 08:30:00,Parking Area,3084,1.23,32.7,40.3,0,0,64,162,180,LOW,1.07
2026-06-10 08:30:00,South Exit,1529,4.37,32.7,40.3,0,0,120,55,229,HIGH,4.33
2026-06-10 08:30:00,VIP Entrance,576,2.88,32.7,40.3,0,0,71,32,25,MODERATE,3.17
2026-06-10 09:00:00,Food Court,1169,1.46,33.8,37.3,0,0,206,69,62,LOW,1.36
2026-06-10 09:00:00,Main Sanctum,2003,8.01,33.8,37.3,0,0,967,120,117,CRITICAL,7.51
2026-06-10 09:00:00,North Entry Gate,2565,6.41,33.8,37.3,0,0,879,312,119,CRITICAL,5.75
2026-06-10 09:00:00,Parking Area,2677,1.07,33.8,37.3,0,0,50,120,140,LOW,1.07
2026-06-10 09:00:00,South Exit,1514,4.33,33.8,37.3,0,0,125,35,201,HIGH,4.28
2026-06-10 09:00:00,VIP Entrance,634,3.17,33.8,37.3,0,0,82,30,26,HIGH,3.14
2026-06-10 09:30:00,Food Court,1089,1.36,33.8,37.0,0,0,159,56,54,LOW,1.27
2026-06-10 09:30:00,Main Sanctum,1877,7.51,33.8,37.0,0,0,973,77,89,CRITICAL,7.78
2026-06-10 09:30:00,North Entry Gate,2301,5.75,33.8,37.0,0,0,792,287,133,CRITICAL,6.09
2026-06-10 09:30:00,Parking Area,2681,1.07,33.8,37.0,0,0,60,127,132,LOW,1.14
2026-06-10 09:30:00,South Exit,1498,4.28,33.8,37.0,0,0,126,45,195,HIGH,3.79
2026-06-10 09:30:00,VIP Entrance,628,3.14,33.8,37.0,0,0,83,31,27,HIGH,2.4
2026-06-10 10:00:00,Food Court,1018,1.27,33.6,39.5,0,0,178,59,60,LOW,1.07
2026-06-10 10:00:00,Main Sanctum,1945,7.78,33.6,39.5,0,0,853,91,114,CRITICAL,6.02
2026-06-10 10:00:00,North Entry Gate,2437,6.09,33.6,39.5,0,0,908,301,125,CRITICAL,4.8
2026-06-10 10:00:00,Parking Area,2842,1.14,33.6,39.5,0,0,45,152,157,LOW,1.08
2026-06-10 10:00:00,South Exit,1325,3.79,33.6,39.5,0,0,115,42,184,HIGH,3.61
2026-06-10 10:00:00,VIP Entrance,481,2.4,33.6,39.5,0,0,69,25,20,MODERATE,2.56
2026-06-10 10:30:00,Food Court,854,1.07,34.7,37.5,0,0,167,37,37,LOW,1.11
2026-06-10 10:30:00,Main Sanctum,1505,6.02,34.7,37.5,0,0,836,66,71,CRITICAL,6.77
2026-06-10 10:30:00,North Entry Gate,1922,4.8,34.7,37.5,0,0,519,247,109,CRITICAL,5.23
2026-06-10 10:30:00,Parking Area,2695,1.08,34.7,37.5,0,0,56,145,126,LOW,1.02
2026-06-10 10:30:00,South Exit,1262,3.61,34.7,37.5,0,0,110,33,174,HIGH,3.33
2026-06-10 10:30:00,VIP Entrance,513,2.56,34.7,37.5,0,0,60,23,22,MODERATE,2.54
2026-06-10 11:00:00,Food Court,892,1.11,33.5,39.9,0,0,130,39,53,LOW,0.84
2026-06-10 11:00:00,Main Sanctum,1692,6.77,33.5,39.9,0,0,859,97,91,CRITICAL,5.68
2026-06-10 11:00:00,North Entry Gate,2092,5.23,33.5,39.9,0,0,715,233,106,CRITICAL,4.21
2026-06-10 11:00:00,Parking Area,2555,1.02,33.5,39.9,0,0,49,103,117,LOW,0.78
2026-06-10 11:00:00,South Exit,1166,3.33,33.5,39.9,0,0,99,29,151,HIGH,3.28
2026-06-10 11:00:00,VIP Entrance,509,2.54,33.5,39.9,0,0,77,20,25,MODERATE,2.11
2026-06-10 11:30:00,Food Court,674,0.84,37.0,31.1,0,0,144,34,30,LOW,2.01
2026-06-10 11:30:00,Main Sanctum,1420,5.68,37.0,31.1,0,0,756,73,76,CRITICAL,4.72
2026-06-10 11:30:00,North Entry Gate,1682,4.21,37.0,31.1,0,0,621,196,63,HIGH,3.21
2026-06-10 11:30:00,Parking Area,1953,0.78,37.0,31.1,0,0,43,86,104,LOW,0.6
2026-06-10 11:30:00,South Exit,1148,3.28,37.0,31.1,0,0,82,26,155,HIGH,2.42
2026-06-10 11:30:00,VIP Entrance,422,2.11,37.0,31.1,0,0,55,19,23,MODERATE,1.46
2026-06-10 12:00:00,Food Court,1610,2.01,33.4,33.9,0,0,265,77,70,MODERATE,2.12
2026-06-10 12:00:00,Main Sanctum,1180,4.72,33.4,33.9,0,0,583,57,54,CRITICAL,4.81
2026-06-10 12:00:00,North Entry Gate,1285,3.21,33.4,33.9,0,0,437,168,73,HIGH,3.05
2026-06-10 12:00:00,Parking Area,1502,0.6,33.4,33.9,0,0,29,75,73,LOW,0.64
2026-06-10 12:00:00,South Exit,847,2.42,33.4,33.9,0,0,66,20,124,MODERATE,2.48
2026-06-10 12:00:00,VIP Entrance,292,1.46,33.4,33.9,0,0,36,17,13,LOW,1.43
2026-06-10 12:30:00,Food Court,1696,2.12,38.4,30.0,0,0,302,96,95,MODERATE,2.23
2026-06-10 12:30:00,Main Sanctum,1203,4.81,38.4,30.0,0,0,619,51,58,CRITICAL,4.18
2026-06-10 12:30:00,North Entry Gate,1219,3.05,38.4,30.0,0,0,436,157,52,HIGH,3.93
2026-06-10 12:30:00,Parking Area,1591,0.64,38.4,30.0,0,0,33,65,85,LOW,0.68
2026-06-10 12:30:00,South Exit,867,2.48,38.4,30.0,0,0,68,24,117,MODERATE,2.87
2026-06-10 12:30:00,VIP Entrance,286,1.43,38.4,30.0,0,0,37,13,12,LOW,1.9
2026-06-10 13:00:00,Food Court,1782,2.23,33.6,36.1,0,0,403,106,84,MODERATE,2.46
2026-06-10 13:00:00,Main Sanctum,1045,4.18,33.6,36.1,0,0,605,47,50,HIGH,4.31
2026-06-10 13:00:00,North Entry Gate,1573,3.93,33.6,36.1,0,0,639,184,69,HIGH,4.24
2026-06-10 13:00:00,Parking Area,1708,0.68,33.6,36.1,0,0,35,71,101,LOW,0.78
2026-06-10 13:00:00,South Exit,1003,2.87,33.6,36.1,0,0,85,30,141,MODERATE,2.41
2026-06-10 13:00:00,VIP Entrance,380,1.9,33.6,36.1,0,0,38,17,21,MODERATE,1.72
2026-06-10 13:30:00,Food Court,1967,2.46,37.2,30.0,0,0,438,95,98,MODERATE,2.76
2026-06-10 13:30:00,Main Sanctum,1077,4.31,37.2,30.0,0,0,551,50,60,HIGH,4.72
2026-06-10 13:30:00,North Entry Gate,1696,4.24,37.2,30.0,0,0,684,188,89,HIGH,3.75
2026-06-10 13:30:00,Parking Area,1953,0.78,37.2,30.0,0,0,34,114,88,LOW,0.63
2026-06-10 13:30:00,South Exit,844,2.41,37.2,30.0,0,0,68,21,109,MODERATE,2.75
2026-06-10 13:30:00,VIP Entrance,344,1.72,37.2,30.0,0,0,44,15,15,MODERATE,1.98
2026-06-10 14:00:00,Food Court,2209,2.76,33.8,39.5,0,0,404,132,125,MODERATE,2.38
2026-06-10 14:00:00,Main Sanctum,1181,4.72,33.8,39.5,0,0,595,61,57,CRITICAL,4.96
2026-06-10 14:00:00,North Entry Gate,1501,3.75,33.8,39.5,0,0,560,180,66,HIGH,3.58
2026-06-10 14:00:00,Parking Area,1578,0.63,33.8,39.5,0,0,31,80,93,LOW,0.64
2026-06-10 14:00:00,South Exit,961,2.75,33.8,39.5,0,0,80,30,136,MODERATE,2.29
2026-06-10 14:00:00,VIP Entrance,396,1.98,33.8,39.5,0,0,52,23,23,MODERATE,1.84
2026-06-10 14:30:00,Food Court,1908,2.38,35.0,34.7,0,0,394,111,85,MODERATE,0.83
2026-06-10 14:30:00,Main Sanctum,1239,4.96,35.0,34.7,0,0,610,72,63,CRITICAL,4.86
2026-06-10 14:30:00,North Entry Gate,1432,3.58,35.0,34.7,0,0,518,168,57,HIGH,3.16
2026-06-10 14:30:00,Parking Area,1600,0.64,35.0,34.7,0,0,31,81,71,LOW,0.71
2026-06-10 14:30:00,South Exit,803,2.29,35.0,34.7,0,0,67,24,111,MODERATE,2.61
2026-06-10 14:30:00,VIP Entrance,368,1.84,35.0,34.7,0,0,39,20,19,MODERATE,1.98
2026-06-10 15:00:00,Food Court,665,0.83,32.8,43.1,0,0,132,31,39,LOW,0.79
2026-06-10 15:00:00,Main Sanctum,1214,4.86,32.8,43.1,0,0,594,56,67,CRITICAL,4.64
2026-06-10 15:00:00,North Entry Gate,1264,3.16,32.8,43.1,0,0,456,147,63,HIGH,3.26
2026-06-10 15:00:00,Parking Area,1786,0.71,32.8,43.1,0,0,37,79,89,LOW,0.59
2026-06-10 15:00:00,South Exit,912,2.61,32.8,43.1,0,0,62,31,136,MODERATE,2.34
2026-06-10 15:00:00,VIP Entrance,396,1.98,32.8,43.1,0,0,45,18,19,MODERATE,1.9
2026-06-10 15:30:00,Food Court,628,0.79,34.9,38.3,0,0,139,30,36,LOW,0.98
2026-06-10 15:30:00,Main Sanctum,1160,4.64,34.9,38.3,0,0,589,62,61,CRITICAL,5.39
2026-06-10 15:30:00,North Entry Gate,1304,3.26,34.9,38.3,0,0,541,170,74,HIGH,4.08
2026-06-10 15:30:00,Parking Area,1480,0.59,34.9,38.3,0,0,28,77,61,LOW,0.73
2026-06-10 15:30:00,South Exit,820,2.34,34.9,38.3,0,0,56,28,119,MODERATE,2.98
2026-06-10 15:30:00,VIP Entrance,380,1.9,34.9,38.3,0,0,46,17,18,MODERATE,2.21
2026-06-10 16:00:00,Food Court,787,0.98,32.1,43.5,0,0,150,38,32,LOW,1.07
2026-06-10 16:00:00,Main Sanctum,1348,5.39,32.1,43.5,0,0,622,60,79,CRITICAL,6.09
2026-06-10 16:00:00,North Entry Gate,1633,4.08,32.1,43.5,0,0,597,192,71,HIGH,4.49
2026-06-10 16:00:00,Parking Area,1823,0.73,32.1,43.5,0,0,37,77,105,LOW,1.08
2026-06-10 16:00:00,South Exit,1043,2.98,32.1,43.5,0,0,93,25,154,MODERATE,3.96
2026-06-10 16:00:00,VIP Entrance,441,2.21,32.1,43.5,0,0,61,21,20,MODERATE,2.08
2026-06-10 16:30:00,Food Court,854,1.07,32.3,39.9,0,0,161,37,45,LOW,1.24
2026-06-10 16:30:00,Main Sanctum,1523,6.09,32.3,39.9,0,0,694,78,63,CRITICAL,6.8
2026-06-10 16:30:00,North Entry Gate,1795,4.49,32.3,39.9,0,0,627,231,84,HIGH,5.35
2026-06-10 16:30:00,Parking Area,2692,1.08,32.3,39.9,0,0,44,157,129,LOW,1.05
2026-06-10 16:30:00,South Exit,1385,3.96,32.3,39.9,0,0,110,34,182,HIGH,4.79
2026-06-10 16:30:00,VIP Entrance,415,2.08,32.3,39.9,0,0,52,21,18,MODERATE,2.85
2026-06-10 17:00:00,Food Court,990,1.24,30.2,44.7,0,0,166,51,58,LOW,1.21
2026-06-10 17:00:00,Main Sanctum,1699,6.8,30.2,44.7,0,0,916,91,79,CRITICAL,9.32
2026-06-10 17:00:00,North Entry Gate,2139,5.35,30.2,44.7,0,0,768,278,103,CRITICAL,6.14
2026-06-10 17:00:00,Parking Area,2631,1.05,30.2,44.7,0,0,53,118,117,LOW,1.14
2026-06-10 17:00:00,South Exit,1676,4.79,30.2,44.7,0,0,136,49,239,CRITICAL,4.47
2026-06-10 17:00:00,VIP Entrance,569,2.85,30.2,44.7,0,0,67,30,33,MODERATE,2.98
2026-06-10 17:30:00,Food Court,965,1.21,29.5,51.6,0,0,208,49,46,LOW,1.75
2026-06-10 17:30:00,Main Sanctum,2330,9.32,29.5,51.6,0,0,1189,113,113,CRITICAL,8.57
2026-06-10 17:30:00,North Entry Gate,2455,6.14,29.5,51.6,0,0,937,286,103,CRITICAL,6.48
2026-06-10 17:30:00,Parking Area,2861,1.14,29.5,51.6,0,0,62,122,161,LOW,1.21
2026-06-10 17:30:00,South Exit,1563,4.47,29.5,51.6,0,0,118,44,226,HIGH,4.9
2026-06-10 17:30:00,VIP Entrance,597,2.98,29.5,51.6,0,0,76,26,30,MODERATE,3.31
2026-06-10 18:00:00,Food Court,1400,1.75,28.7,54.6,0,0,300,80,61,MODERATE,1.45
2026-06-10 18:00:00,Main Sanctum,2142,8.57,28.7,54.6,0,0,1119,117,101,CRITICAL,7.93
2026-06-10 18:00:00,North Entry Gate,2592,6.48,28.7,54.6,0,0,984,332,120,CRITICAL,7.94
2026-06-10 18:00:00,Parking Area,3033,1.21,28.7,54.6,0,0,55,149,154,LOW,1.39
2026-06-10 18:00:00,South Exit,1714,4.9,28.7,54.6,0,0,149,49,257,CRITICAL,4.92
2026-06-10 18:00:00,VIP Entrance,663,3.31,28.7,54.6,0,0,77,34,34,HIGH,3.38
2026-06-10 18:30:00,Food Court,1160,1.45,26.3,58.2,0,0,230,47,63,LOW,4.84
2026-06-10 18:30:00,Main Sanctum,1983,7.93,26.3,58.2,0,0,959,114,87,CRITICAL,7.45
2026-06-10 18:30:00,North Entry Gate,3176,7.94,26.3,58.2,0,0,976,358,146,CRITICAL,6.0
2026-06-10 18:30:00,Parking Area,3475,1.39,26.3,58.2,0,0,61,206,192,LOW,1.42
2026-06-10 18:30:00,South Exit,1723,4.92,26.3,58.2,0,0,149,52,253,CRITICAL,5.09
2026-06-10 18:30:00,VIP Entrance,675,3.38,26.3,58.2,0,0,90,39,36,HIGH,3.19
2026-06-10 19:00:00,Food Court,3871,4.84,24.4,69.0,0,0,689,156,169,CRITICAL,3.92
2026-06-10 19:00:00,Main Sanctum,1863,7.45,24.4,69.0,0,0,973,85,99,CRITICAL,9.45
2026-06-10 19:00:00,North Entry Gate,2400,6.0,24.4,69.0,0,0,801,312,105,CRITICAL,6.38
2026-06-10 19:00:00,Parking Area,3542,1.42,24.4,69.0,0,0,79,206,158,LOW,1.37
2026-06-10 19:00:00,South Exit,1782,5.09,24.4,69.0,0,0,141,52,245,CRITICAL,4.85
2026-06-10 19:00:00,VIP Entrance,637,3.19,24.4,69.0,0,0,78,31,34,HIGH,2.98
2026-06-10 19:30:00,Food Court,3137,3.92,23.4,68.4,0,0,535,157,130,HIGH,4.37
2026-06-10 19:30:00,Main Sanctum,2363,9.45,23.4,68.4,0,0,1164,102,95,CRITICAL,8.55
2026-06-10 19:30:00,North Entry Gate,2551,6.38,23.4,68.4,0,0,1031,314,128,CRITICAL,6.81
2026-06-10 19:30:00,Parking Area,3423,1.37,23.4,68.4,0,0,74,185,170,LOW,1.24
2026-06-10 19:30:00,South Exit,1698,4.85,23.4,68.4,0,0,125,42,242,CRITICAL,5.53
2026-06-10 19:30:00,VIP Entrance,595,2.98,23.4,68.4,0,0,81,26,27,MODERATE,3.12
2026-06-10 20:00:00,Food Court,3498,4.37,24.1,62.7,0,0,670,156,177,HIGH,4.3
2026-06-10 20:00:00,Main Sanctum,2138,8.55,24.1,62.7,0,0,916,91,105,CRITICAL,7.77
2026-06-10 20:00:00,North Entry Gate,2723,6.81,24.1,62.7,0,0,973,325,152,CRITICAL,5.88
2026-06-10 20:00:00,Parking Area,3099,1.24,24.1,62.7,0,0,75,132,182,LOW,0.99
2026-06-10 20:00:00,South Exit,1936,5.53,24.1,62.7,0,0,175,44,264,CRITICAL,4.15
2026-06-10 20:00:00,VIP Entrance,624,3.12,24.1,62.7,0,0,67,32,31,HIGH,2.92
2026-06-10 20:30:00,Food Court,3439,4.3,22.5,76.3,0,0,748,172,199,HIGH,3.23
2026-06-10 20:30:00,Main Sanctum,1942,7.77,22.5,76.3,0,0,1045,111,82,CRITICAL,6.59
2026-06-10 20:30:00,North Entry Gate,2354,5.88,22.5,76.3,0,0,760,281,102,CRITICAL,4.68
2026-06-10 20:30:00,Parking Area,2478,0.99,22.5,76.3,0,0,46,110,131,LOW,1.2
2026-06-10 20:30:00,South Exit,1453,4.15,22.5,76.3,0,0,110,34,200,HIGH,3.89
2026-06-10 20:30:00,VIP Entrance,585,2.92,22.5,76.3,0,0,72,31,31,MODERATE,2.94
2026-06-10 21:00:00,Food Court,2580,3.23,19.8,84.0,0,0,416,153,138,HIGH,3.12
2026-06-10 21:00:00,Main Sanctum,1648,6.59,19.8,84.0,0,0,884,67,68,CRITICAL,5.62
2026-06-10 21:00:00,North Entry Gate,1873,4.68,19.8,84.0,0,0,598,244,109,CRITICAL,5.46
2026-06-10 21:00:00,Parking Area,2997,1.2,19.8,84.0,0,0,56,149,146,LOW,1.03
2026-06-10 21:00:00,South Exit,1362,3.89,19.8,84.0,0,0,107,41,194,HIGH,3.83
2026-06-10 21:00:00,VIP Entrance,589,2.94,19.8,84.0,0,0,64,27,25,MODERATE,2.5
2026-06-10 21:30:00,Food Court,2495,3.12,22.3,67.1,0,0,459,126,114,HIGH,0.14
2026-06-10 21:30:00,Main Sanctum,1404,5.62,22.3,67.1,0,0,618,84,70,CRITICAL,0.92
2026-06-10 21:30:00,North Entry Gate,2182,5.46,22.3,67.1,0,0,751,255,117,CRITICAL,0.69
2026-06-10 21:30:00,Parking Area,2584,1.03,22.3,67.1,0,0,48,132,132,LOW,0.12
2026-06-10 21:30:00,South Exit,1341,3.83,22.3,67.1,0,0,113,34,204,HIGH,0.48
2026-06-10 21:30:00,VIP Entrance,500,2.5,22.3,67.1,0,0,57,27,20,MODERATE,0.33
2026-06-10 22:00:00,Food Court,112,0.14,19.6,79.5,0,0,23,7,5,LOW,0.16
2026-06-10 22:00:00,Main Sanctum,230,0.92,19.6,79.5,0,0,117,12,11,LOW,0.93
2026-06-10 22:00:00,North Entry Gate,276,0.69,19.6,79.5,0,0,83,32,14,LOW,0.71
2026-06-10 22:00:00,Parking Area,299,0.12,19.6,79.5,0,0,5,13,16,LOW,0.17
2026-06-10 22:00:00,South Exit,169,0.48,19.6,79.5,0,0,14,3,21,LOW,0.48
2026-06-10 22:00:00,VIP Entrance,66,0.33,19.6,79.5,0,0,9,4,3,LOW,0.35
2026-06-10 22:30:00,Food Court,131,0.16,19.2,80.6,0,0,26,7,8,LOW,0.18
2026-06-10 22:30:00,Main Sanctum,232,0.93,19.2,80.6,0,0,136,14,11,LOW,1.17
2026-06-10 22:30:00,North Entry Gate,285,0.71,19.2,80.6,0,0,94,33,15,LOW,0.9
2026-06-10 22:30:00,Parking Area,427,0.17,19.2,80.6,0,0,8,25,23,LOW,0.16
2026-06-10 22:30:00,South Exit,168,0.48,19.2,80.6,0,0,16,5,24,LOW,0.75
2026-06-10 22:30:00,VIP Entrance,71,0.35,19.2,80.6,0,0,8,3,4,LOW,0.41
2026-06-10 23:00:00,Food Court,146,0.18,20.2,84.3,0,0,33,7,9,LOW,0.21
2026-06-10 23:00:00,Main Sanctum,293,1.17,20.2,84.3,0,0,144,15,12,LOW,1.04
2026-06-10 23:00:00,North Entry Gate,361,0.9,20.2,84.3,0,0,106,47,20,LOW,0.85
2026-06-10 23:00:00,Parking Area,390,0.16,20.2,84.3,0,0,7,16,21,LOW,0.18
2026-06-10 23:00:00,South Exit,263,0.75,20.2,84.3,0,0,21,9,39,LOW,0.69
2026-06-10 23:00:00,VIP Entrance,83,0.41,20.2,84.3,0,0,10,5,4,LOW,0.48
2026-06-10 23:30:00,Food Court,169,0.21,19.0,82.7,0,0,30,7,10,LOW,0.18
2026-06-10 23:30:00,Main Sanctum,259,1.04,19.0,82.7,0,0,148,12,13,LOW,1.08
2026-06-10 23:30:00,North Entry Gate,342,0.85,19.0,82.7,0,0,108,38,14,LOW,0.91
2026-06-10 23:30:00,Parking Area,441,0.18,19.0,82.7,0,0,9,23,21,LOW,0.18
2026-06-10 23:30:00,South Exit,240,0.69,19.0,82.7,0,0,18,7,33,LOW,0.59
2026-06-10 23:30:00,VIP Entrance,96,0.48,19.0,82.7,0,0,11,4,5,LOW,0.38
2026-06-11 00:00:00,Food Court,147,0.18,20.1,75.2,0,0,34,7,8,LOW,0.19
2026-06-11 00:00:00,Main Sanctum,270,1.08,20.1,75.2,0,0,118,14,12,LOW,1.28
2026-06-11 00:00:00,North Entry Gate,365,0.91,20.1,75.2,0,0,112,42,16,LOW,0.81
2026-06-11 00:00:00,Parking Area,447,0.18,20.1,75.2,0,0,8,22,22,LOW,0.18
2026-06-11 00:00:00,South Exit,206,0.59,20.1,75.2,0,0,17,6,28,LOW,0.6
2026-06-11 00:00:00,VIP Entrance,75,0.38,20.1,75.2,0,0,10,3,4,LOW,0.46
2026-06-11 00:30:00,Food Court,149,0.19,22.4,75.4,0,0,36,6,8,LOW,0.2
2026-06-11 00:30:00,Main Sanctum,321,1.28,22.4,75.4,0,0,149,13,16,LOW,1.3
2026-06-11 00:30:00,North Entry Gate,322,0.81,22.4,75.4,0,0,118,42,17,LOW,0.88
2026-06-11 00:30:00,Parking Area,440,0.18,22.4,75.4,0,0,9,26,18,LOW,0.16
2026-06-11 00:30:00,South Exit,210,0.6,22.4,75.4,0,0,14,5,28,LOW,0.61
2026-06-11 00:30:00,VIP Entrance,91,0.46,22.4,75.4,0,0,9,5,5,LOW,0.45
2026-06-11 01:00:00,Food Court,161,0.2,19.8,76.9,0,0,31,9,8,LOW,0.17
2026-06-11 01:00:00,Main Sanctum,325,1.3,19.8,76.9,0,0,158,17,19,LOW,1.14
2026-06-11 01:00:00,North Entry Gate,351,0.88,19.8,76.9,0,0,107,42,17,LOW,0.8
2026-06-11 01:00:00,Parking Area,403,0.16,19.8,76.9,0,0,9,20,22,LOW,0.17
2026-06-11 01:00:00,South Exit,214,0.61,19.8,76.9,0,0,19,5,31,LOW,0.59
2026-06-11 01:00:00,VIP Entrance,89,0.45,19.8,76.9,0,0,10,4,5,LOW,0.38
2026-06-11 01:30:00,Food Court,138,0.17,19.3,81.3,0,0,25,8,7,LOW,0.14
2026-06-11 01:30:00,Main Sanctum,286,1.14,19.3,81.3,0,0,123,14,13,LOW,0.87
2026-06-11 01:30:00,North Entry Gate,318,0.8,19.3,81.3,0,0,114,40,17,LOW,0.56
2026-06-11 01:30:00,Parking Area,425,0.17,19.3,81.3,0,0,8,21,19,LOW,0.14
2026-06-11 01:30:00,South Exit,208,0.59,19.3,81.3,0,0,14,5,28,LOW,0.51
2026-06-11 01:30:00,VIP Entrance,75,0.38,19.3,81.3,0,0,6,4,3,LOW,0.34
2026-06-11 02:00:00,Food Court,111,0.14,21.3,73.8,0,0,23,5,6,LOW,0.12
2026-06-11 02:00:00,Main Sanctum,218,0.87,21.3,73.8,0,0,109,9,10,LOW,0.75
2026-06-11 02:00:00,North Entry Gate,223,0.56,21.3,73.8,0,0,82,25,8,LOW,0.49
2026-06-11 02:00:00,Parking Area,352,0.14,21.3,73.8,0,0,10,17,15,LOW,0.11
2026-06-11 02:00:00,South Exit,178,0.51,21.3,73.8,0,0,13,4,23,LOW,0.46
2026-06-11 02:00:00,VIP Entrance,67,0.34,21.3,73.8,0,0,10,3,4,LOW,0.29
2026-06-11 02:30:00,Food Court,100,0.12,20.7,76.2,0,0,21,4,4,LOW,0.1
2026-06-11 02:30:00,Main Sanctum,188,0.75,20.7,76.2,0,0,103,10,10,LOW,0.56
2026-06-11 02:30:00,North Entry Gate,197,0.49,20.7,76.2,0,0,60,24,11,LOW,0.5
2026-06-11 02:30:00,Parking Area,283,0.11,20.7,76.2,0,0,6,15,12,LOW,0.09
2026-06-11 02:30:00,South Exit,162,0.46,20.7,76.2,0,0,14,4,21,LOW,0.35
2026-06-11 02:30:00,VIP Entrance,58,0.29,20.7,76.2,0,0,8,3,3,LOW,0.21
2026-06-11 03:00:00,Food Court,84,0.1,22.4,75.6,0,0,13,5,4,LOW,0.07
2026-06-11 03:00:00,Main Sanctum,141,0.56,22.4,75.6,0,0,71,7,7,LOW,0.48
2026-06-11 03:00:00,North Entry Gate,199,0.5,22.4,75.6,0,0,59,26,12,LOW,0.3
2026-06-11 03:00:00,Parking Area,223,0.09,22.4,75.6,0,0,9,9,11,LOW,0.07
2026-06-11 03:00:00,South Exit,121,0.35,22.4,75.6,0,0,9,3,16,LOW,0.27
2026-06-11 03:00:00,VIP Entrance,42,0.21,22.4,75.6,0,0,8,2,2,LOW,0.17
2026-06-11 03:30:00,Food Court,59,0.07,23.5,74.1,0,0,10,3,2,LOW,0.05
2026-06-11 03:30:00,Main Sanctum,120,0.48,23.5,74.1,0,0,59,5,5,LOW,0.28
2026-06-11 03:30:00,North Entry Gate,119,0.3,23.5,74.1,0,0,41,14,6,LOW,0.23
2026-06-11 03:30:00,Parking Area,171,0.07,23.5,74.1,0,0,0,10,10,LOW,0.05
2026-06-11 03:30:00,South Exit,96,0.27,23.5,74.1,0,0,8,3,13,LOW,0.15
2026-06-11 03:30:00,VIP Entrance,34,0.17,23.5,74.1,0,0,8,2,2,LOW,0.12
2026-06-11 04:00:00,Food Court,43,0.05,24.0,64.2,0,0,12,2,2,LOW,0.03
2026-06-11 04:00:00,Main Sanctum,71,0.28,24.0,64.2,0,0,38,3,3,LOW,0.18
2026-06-11 04:00:00,North Entry Gate,94,0.23,24.0,64.2,0,0,36,10,5,LOW,0.12
2026-06-11 04:00:00,Parking Area,120,0.05,24.0,64.2,0,0,3,7,5,LOW,0.03
2026-06-11 04:00:00,South Exit,53,0.15,24.0,64.2,0,0,4,1,7,LOW,0.11
2026-06-11 04:00:00,VIP Entrance,23,0.12,24.0,64.2,0,0,2,2,2,LOW,0.07
2026-06-11 04:30:00,Food Court,22,0.03,25.0,66.9,0,0,5,2,2,LOW,0.88
2026-06-11 04:30:00,Main Sanctum,44,0.18,25.0,66.9,0,0,23,2,2,LOW,4.93
2026-06-11 04:30:00,North Entry Gate,50,0.12,25.0,66.9,0,0,16,6,3,LOW,4.51
2026-06-11 04:30:00,Parking Area,66,0.03,25.0,66.9,0,0,0,3,4,LOW,0.78
2026-06-11 04:30:00,South Exit,38,0.11,25.0,66.9,0,0,1,1,6,LOW,2.93
2026-06-11 04:30:00,VIP Entrance,14,0.07,25.0,66.9,0,0,3,2,2,LOW,1.79
2026-06-11 05:00:00,Food Court,703,0.88,26.2,59.2,0,0,140,29,33,LOW,1.07
2026-06-11 05:00:00,Main Sanctum,1233,4.93,26.2,59.2,0,0,615,62,56,CRITICAL,6.68
2026-06-11 05:00:00,North Entry Gate,1805,4.51,26.2,59.2,0,0,588,237,80,CRITICAL,4.19
2026-06-11 05:00:00,Parking Area,1950,0.78,26.2,59.2,0,0,40,96,81,LOW,0.88
2026-06-11 05:00:00,South Exit,1024,2.93,26.2,59.2,0,0,88,34,147,MODERATE,3.41
2026-06-11 05:00:00,VIP Entrance,358,1.79,26.2,59.2,0,0,42,16,18,MODERATE,2.4
2026-06-11 05:30:00,Food Court,855,1.07,28.9,51.2,0,0,128,39,50,LOW,1.28
2026-06-11 05:30:00,Main Sanctum,1670,6.68,28.9,51.2,0,0,862,71,88,CRITICAL,5.7
2026-06-11 05:30:00,North Entry Gate,1677,4.19,28.9,51.2,0,0,708,213,72,HIGH,5.25
2026-06-11 05:30:00,Parking Area,2189,0.88,28.9,51.2,0,0,45,107,108,LOW,1.0
2026-06-11 05:30:00,South Exit,1194,3.41,28.9,51.2,0,0,95,37,174,HIGH,3.35
2026-06-11 05:30:00,VIP Entrance,480,2.4,28.9,51.2,0,0,57,24,26,MODERATE,2.28
2026-06-11 06:00:00,Food Court,1028,1.28,27.7,58.4,0,0,231,54,54,LOW,1.03
2026-06-11 06:00:00,Main Sanctum,1424,5.7,27.7,58.4,0,0,708,81,64,CRITICAL,6.78
2026-06-11 06:00:00,North Entry Gate,2101,5.25,27.7,58.4,0,0,625,252,95,CRITICAL,5.03
2026-06-11 06:00:00,Parking Area,2498,1.0,27.7,58.4,0,0,45,110,121,LOW,1.07
2026-06-11 06:00:00,South Exit,1174,3.35,27.7,58.4,0,0,98,37,161,HIGH,3.83
2026-06-11 06:00:00,VIP Entrance,456,2.28,27.7,58.4,0,0,46,19,25,MODERATE,2.38
2026-06-11 06:30:00,Food Court,826,1.03,29.2,49.3,0,0,138,44,42,LOW,1.26
2026-06-11 06:30:00,Main Sanctum,1696,6.78,29.2,49.3,0,0,658,78,88,CRITICAL,8.78
2026-06-11 06:30:00,North Entry Gate,2013,5.03,29.2,49.3,0,0,738,227,74,CRITICAL,5.72
2026-06-11 06:30:00,Parking Area,2677,1.07,29.2,49.3,0,0,48,132,157,LOW,0.99
2026-06-11 06:30:00,South Exit,1342,3.83,29.2,49.3,0,0,126,41,202,HIGH,4.54
2026-06-11 06:30:00,VIP Entrance,476,2.38,29.2,49.3,0,0,52,27,19,MODERATE,2.67
2026-06-11 07:00:00,Food Court,1008,1.26,31.1,48.1,0,0,181,41,50,LOW,1.26
2026-06-11 07:00:00,Main Sanctum,2195,8.78,31.1,48.1,0,0,1002,95,101,CRITICAL,7.99
2026-06-11 07:00:00,North Entry Gate,2287,5.72,31.1,48.1,0,0,695,256,122,CRITICAL,6.12
2026-06-11 07:00:00,Parking Area,2481,0.99,31.1,48.1,0,0,54,128,129,LOW,1.07
2026-06-11 07:00:00,South Exit,1588,4.54,31.1,48.1,0,0,155,43,235,CRITICAL,4.05
2026-06-11 07:00:00,VIP Entrance,534,2.67,31.1,48.1,0,0,65,31,26,MODERATE,2.87
2026-06-11 07:30:00,Food Court,1006,1.26,31.6,47.4,0,0,215,55,52,LOW,1.53
2026-06-11 07:30:00,Main Sanctum,1997,7.99,31.6,47.4,0,0,1130,100,81,CRITICAL,7.84
2026-06-11 07:30:00,North Entry Gate,2449,6.12,31.6,47.4,0,0,852,278,91,CRITICAL,5.71
2026-06-11 07:30:00,Parking Area,2667,1.07,31.6,47.4,0,0,57,154,135,LOW,1.16
2026-06-11 07:30:00,South Exit,1417,4.05,31.6,47.4,0,0,119,46,215,HIGH,4.9
2026-06-11 07:30:00,VIP Entrance,574,2.87,31.6,47.4,0,0,65,25,27,MODERATE,2.83
2026-06-11 08:00:00,Food Court,1226,1.53,31.6,43.9,0,0,214,65,73,MODERATE,1.39
2026-06-11 08:00:00,Main Sanctum,1959,7.84,31.6,43.9,0,0,1022,85,100,CRITICAL,7.92
2026-06-11 08:00:00,North Entry Gate,2283,5.71,31.6,43.9,0,0,612,279,115,CRITICAL,6.39
2026-06-11 08:00:00,Parking Area,2911,1.16,31.6,43.9,0,0,65,129,121,LOW,1.25
2026-06-11 08:00:00,South Exit,1716,4.9,31.6,43.9,0,0,153,42,246,CRITICAL,4.27
2026-06-11 08:00:00,VIP Entrance,566,2.83,31.6,43.9,0,0,82,33,31,MODERATE,3.07
2026-06-11 08:30:00,Food Court,1110,1.39,34.0,42.0,0,0,188,65,56,LOW,1.46
2026-06-11 08:30:00,Main Sanctum,1980,7.92,34.0,42.0,0,0,1083,105,109,CRITICAL,8.27
2026-06-11 08:30:00,North Entry Gate,2556,6.39,34.0,42.0,0,0,866,317,137,CRITICAL,5.5
2026-06-11 08:30:00,Parking Area,3114,1.25,34.0,42.0,0,0,64,146,131,LOW,1.23
2026-06-11 08:30:00,South Exit,1493,4.27,34.0,42.0,0,0,118,36,220,HIGH,4.6
2026-06-11 08:30:00,VIP Entrance,614,3.07,34.0,42.0,0,0,67,34,29,HIGH,3.15
2026-06-11 09:00:00,Food Court,1169,1.46,32.6,38.4,0,0,244,51,63,LOW,1.26
2026-06-11 09:00:00,Main Sanctum,2068,8.27,32.6,38.4,0,0,998,105,95,CRITICAL,8.19
2026-06-11 09:00:00,North Entry Gate,2200,5.5,32.6,38.4,0,0,861,279,105,CRITICAL,6.12
2026-06-11 09:00:00,Parking Area,3067,1.23,32.6,38.4,0,0,66,138,162,LOW,1.2
2026-06-11 09:00:00,South Exit,1609,4.6,32.6,38.4,0,0,134,45,213,CRITICAL,4.91
2026-06-11 09:00:00,VIP Entrance,631,3.15,32.6,38.4,0,0,63,34,30,HIGH,3.08
2026-06-11 09:30:00,Food Court,1007,1.26,34.1,41.7,0,0,193,58,50,LOW,1.29
2026-06-11 09:30:00,Main Sanctum,2048,8.19,34.1,41.7,0,0,1002,93,90,CRITICAL,7.27
2026-06-11 09:30:00,North Entry Gate,2448,6.12,34.1,41.7,0,0,882,307,133,CRITICAL,5.44
2026-06-11 09:30:00,Parking Area,3010,1.2,34.1,41.7,0,0,63,156,166,LOW,1.06
2026-06-11 09:30:00,South Exit,1719,4.91,34.1,41.7,0,0,120,44,258,CRITICAL,5.07
2026-06-11 09:30:00,VIP Entrance,617,3.08,34.1,41.7,0,0,66,36,32,HIGH,2.63
2026-06-11 10:00:00,Food Court,1035,1.29,34.0,32.2,0,0,203,50,50,LOW,1.07
2026-06-11 10:00:00,Main Sanctum,1818,7.27,34.0,32.2,0,0,774,95,85,CRITICAL,6.49
2026-06-11 10:00:00,North Entry Gate,2175,5.44,34.0,32.2,0,0,597,274,91,CRITICAL,5.16
2026-06-11 10:00:00,Parking Area,2640,1.06,34.0,32.2,0,0,45,113,112,LOW,0.96
2026-06-11 10:00:00,South Exit,1776,5.07,34.0,32.2,0,0,161,48,248,CRITICAL,4.24
2026-06-11 10:00:00,VIP Entrance,527,2.63,34.0,32.2,0,0,63,22,31,MODERATE,3.03
2026-06-11 10:30:00,Food Court,860,1.07,36.1,39.8,0,0,168,37,40,LOW,1.04
2026-06-11 10:30:00,Main Sanctum,1623,6.49,36.1,39.8,0,0,668,87,76,CRITICAL,5.91
2026-06-11 10:30:00,North Entry Gate,2064,5.16,36.1,39.8,0,0,799,231,105,CRITICAL,4.62
2026-06-11 10:30:00,Parking Area,2394,0.96,36.1,39.8,0,0,43,112,119,LOW,0.86
2026-06-11 10:30:00,South Exit,1485,4.24,36.1,39.8,0,0,122,42,220,HIGH,3.61
2026-06-11 10:30:00,VIP Entrance,606,3.03,36.1,39.8,0,0,83,30,33,HIGH,2.23
2026-06-11 11:00:00,Food Court,833,1.04,37.2,30.0,0,0,166,39,43,LOW,0.95
2026-06-11 11:00:00,Main Sanctum,1477,5.91,37.2,30.0,0,0,715,88,70,CRITICAL,5.8
2026-06-11 11:00:00,North Entry Gate,1849,4.62,37.2,30.0,0,0,751,205,83,CRITICAL,4.81
2026-06-11 11:00:00,Parking Area,2145,0.86,37.2,30.0,0,0,46,96,127,LOW,0.8
2026-06-11 11:00:00,South Exit,1264,3.61,37.2,30.0,0,0,125,27,164,HIGH,3.62
2026-06-11 11:00:00,VIP Entrance,445,2.23,37.2,30.0,0,0,53,23,23,MODERATE,2.14
2026-06-11 11:30:00,Food Court,760,0.95,36.2,30.0,0,0,147,31,45,LOW,1.95
2026-06-11 11:30:00,Main Sanctum,1449,5.8,36.2,30.0,0,0,590,62,62,CRITICAL,4.48
2026-06-11 11:30:00,North Entry Gate,1925,4.81,36.2,30.0,0,0,526,222,81,CRITICAL,2.86
2026-06-11 11:30:00,Parking Area,1992,0.8,36.2,30.0,0,0,45,84,91,LOW,0.6
2026-06-11 11:30:00,South Exit,1267,3.62,36.2,30.0,0,0,81,41,185,HIGH,2.03
2026-06-11 11:30:00,VIP Entrance,428,2.14,36.2,30.0,0,0,50,20,19,MODERATE,1.35
2026-06-11 12:00:00,Food Court,1559,1.95,36.1,31.0,0,0,306,82,89,MODERATE,2.33
2026-06-11 12:00:00,Main Sanctum,1121,4.48,36.1,31.0,0,0,542,51,52,HIGH,5.1
2026-06-11 12:00:00,North Entry Gate,1145,2.86,36.1,31.0,0,0,468,129,46,MODERATE,2.77
2026-06-11 12:00:00,Parking Area,1489,0.6,36.1,31.0,0,0,28,87,68,LOW,0.66
2026-06-11 12:00:00,South Exit,709,2.03,36.1,31.0,0,0,60,19,101,MODERATE,2.51
2026-06-11 12:00:00,VIP Entrance,270,1.35,36.1,31.0,0,0,30,16,15,LOW,1.56
2026-06-11 12:30:00,Food Court,1864,2.33,34.9,32.2,0,0,357,97,100,MODERATE,2.5
2026-06-11 12:30:00,Main Sanctum,1275,5.1,34.9,32.2,0,0,793,53,64,CRITICAL,4.49
2026-06-11 12:30:00,North Entry Gate,1108,2.77,34.9,32.2,0,0,412,126,55,MODERATE,3.54
2026-06-11 12:30:00,Parking Area,1646,0.66,34.9,32.2,0,0,39,73,72,LOW,0.64
2026-06-11 12:30:00,South Exit,880,2.51,34.9,32.2,0,0,65,29,125,MODERATE,2.88
2026-06-11 12:30:00,VIP Entrance,313,1.56,34.9,32.2,0,0,31,15,14,MODERATE,1.7
2026-06-11 13:00:00,Food Court,2003,2.5,34.9,36.5,0,0,393,111,113,MODERATE,2.39
2026-06-11 13:00:00,Main Sanctum,1122,4.49,34.9,36.5,0,0,511,58,45,HIGH,4.33
2026-06-11 13:00:00,North Entry Gate,1414,3.54,34.9,36.5,0,0,549,154,69,HIGH,3.61
2026-06-11 13:00:00,Parking Area,1595,0.64,34.9,36.5,0,0,29,94,66,LOW,0.77
2026-06-11 13:00:00,South Exit,1008,2.88,34.9,36.5,0,0,91,25,145,MODERATE,2.58
2026-06-11 13:00:00,VIP Entrance,340,1.7,34.9,36.5,0,0,42,16,14,MODERATE,1.77
2026-06-11 13:30:00,Food Court,1909,2.39,34.0,42.1,0,0,401,98,100,MODERATE,2.04
2026-06-11 13:30:00,Main Sanctum,1083,4.33,34.0,42.1,0,0,588,59,65,HIGH,4.38
2026-06-11 13:30:00,North Entry Gate,1445,3.61,34.0,42.1,0,0,448,162,71,HIGH,3.86
2026-06-11 13:30:00,Parking Area,1933,0.77,34.0,42.1,0,0,37,92,110,LOW,0.75
2026-06-11 13:30:00,South Exit,903,2.58,34.0,42.1,0,0,80,22,137,MODERATE,2.58
2026-06-11 13:30:00,VIP Entrance,354,1.77,34.0,42.1,0,0,43,18,16,MODERATE,1.69
2026-06-11 14:00:00,Food Court,1636,2.04,32.3,40.1,0,0,343,88,80,MODERATE,2.38
2026-06-11 14:00:00,Main Sanctum,1096,4.38,32.3,40.1,0,0,647,64,52,HIGH,4.44
2026-06-11 14:00:00,North Entry Gate,1543,3.86,32.3,40.1,0,0,555,180,74,HIGH,3.27
2026-06-11 14:00:00,Parking Area,1875,0.75,32.3,40.1,0,0,38,106,108,LOW,0.69
2026-06-11 14:00:00,South Exit,903,2.58,32.3,40.1,0,0,69,27,126,MODERATE,2.91
2026-06-11 14:00:00,VIP Entrance,338,1.69,32.3,40.1,0,0,39,17,18,MODERATE,1.75
2026-06-11 14:30:00,Food Court,1907,2.38,33.9,40.0,0,0,387,88,113,MODERATE,0.75
2026-06-11 14:30:00,Main Sanctum,1109,4.44,33.9,40.0,0,0,658,63,62,HIGH,4.08
2026-06-11 14:30:00,North Entry Gate,1310,3.27,33.9,40.0,0,0,467,159,55,HIGH,3.91
2026-06-11 14:30:00,Parking Area,1714,0.69,33.9,40.0,0,0,41,85,82,LOW,0.71
2026-06-11 14:30:00,South Exit,1020,2.91,33.9,40.0,0,0,90,24,145,MODERATE,2.68
2026-06-11 14:30:00,VIP Entrance,351,1.75,33.9,40.0,0,0,43,19,18,MODERATE,1.78
2026-06-11 15:00:00,Food Court,603,0.75,33.3,35.5,0,0,120,26,34,LOW,0.74
2026-06-11 15:00:00,Main Sanctum,1021,4.08,33.3,35.5,0,0,559,61,50,HIGH,4.27
2026-06-11 15:00:00,North Entry Gate,1565,3.91,33.3,35.5,0,0,564,177,61,HIGH,3.28
2026-06-11 15:00:00,Parking Area,1779,0.71,33.3,35.5,0,0,35,86,84,LOW,0.67
2026-06-11 15:00:00,South Exit,938,2.68,33.3,35.5,0,0,70,22,126,MODERATE,2.19
2026-06-11 15:00:00,VIP Entrance,357,1.78,33.3,35.5,0,0,43,15,16,MODERATE,1.69
2026-06-11 15:30:00,Food Court,590,0.74,35.5,36.6,0,0,135,27,27,LOW,1.02
2026-06-11 15:30:00,Main Sanctum,1068,4.27,35.5,36.6,0,0,499,59,55,HIGH,5.74
2026-06-11 15:30:00,North Entry Gate,1313,3.28,35.5,36.6,0,0,479,147,56,HIGH,3.96
2026-06-11 15:30:00,Parking Area,1675,0.67,35.5,36.6,0,0,37,75,81,LOW,0.85
2026-06-11 15:30:00,South Exit,768,2.19,35.5,36.6,0,0,69,16,100,MODERATE,3.13
2026-06-11 15:30:00,VIP Entrance,338,1.69,35.5,36.6,0,0,38,17,18,MODERATE,2.12
2026-06-11 16:00:00,Food Court,816,1.02,33.9,39.5,0,0,134,47,37,LOW,1.06
2026-06-11 16:00:00,Main Sanctum,1434,5.74,33.9,39.5,0,0,734,77,65,CRITICAL,5.61
2026-06-11 16:00:00,North Entry Gate,1583,3.96,33.9,39.5,0,0,523,189,62,HIGH,4.49
2026-06-11 16:00:00,Parking Area,2132,0.85,33.9,39.5,0,0,44,108,92,LOW,0.97
2026-06-11 16:00:00,South Exit,1094,3.13,33.9,39.5,0,0,79,31,163,HIGH,3.7
2026-06-11 16:00:00,VIP Entrance,425,2.12,33.9,39.5,0,0,46,19,22,MODERATE,2.38
2026-06-11 16:30:00,Food Court,849,1.06,31.7,48.1,0,0,148,40,50,LOW,1.07
2026-06-11 16:30:00,Main Sanctum,1402,5.61,31.7,48.1,0,0,721,81,59,CRITICAL,6.72
2026-06-11 16:30:00,North Entry Gate,1795,4.49,31.7,48.1,0,0,580,211,88,HIGH,5.44
2026-06-11 16:30:00,Parking Area,2428,0.97,31.7,48.1,0,0,50,127,125,LOW,1.1
2026-06-11 16:30:00,South Exit,1296,3.7,31.7,48.1,0,0,99,34,168,HIGH,4.48
2026-06-11 16:30:00,VIP Entrance,475,2.38,31.7,48.1,0,0,48,28,26,MODERATE,2.44
2026-06-11 17:00:00,Food Court,858,1.07,32.6,41.8,0,0,143,47,41,LOW,1.44
2026-06-11 17:00:00,Main Sanctum,1681,6.72,32.6,41.8,0,0,797,91,89,CRITICAL,6.73
2026-06-11 17:00:00,North Entry Gate,2177,5.44,32.6,41.8,0,0,794,253,114,CRITICAL,6.58
2026-06-11 17:00:00,Parking Area,2758,1.1,32.6,41.8,0,0,54,128,143,LOW,1.17
2026-06-11 17:00:00,South Exit,1569,4.48,32.6,41.8,0,0,134,46,241,HIGH,4.53
2026-06-11 17:00:00,VIP Entrance,489,2.44,32.6,41.8,0,0,52,27,23,MODERATE,3.01
2026-06-11 17:30:00,Food Court,1148,1.44,30.7,46.6,0,0,231,59,60,LOW,1.32
2026-06-11 17:30:00,Main Sanctum,1683,6.73,30.7,46.6,0,0,738,86,69,CRITICAL,7.88
2026-06-11 17:30:00,North Entry Gate,2630,6.58,30.7,46.6,0,0,1014,326,136,CRITICAL,6.87
2026-06-11 17:30:00,Parking Area,2915,1.17,30.7,46.6,0,0,60,160,121,LOW,1.34
2026-06-11 17:30:00,South Exit,1585,4.53,30.7,46.6,0,0,128,44,215,CRITICAL,4.5
2026-06-11 17:30:00,VIP Entrance,602,3.01,30.7,46.6,0,0,76,32,31,HIGH,3.07
2026-06-11 18:00:00,Food Court,1053,1.32,25.6,65.6,0,0,243,42,46,LOW,1.61
2026-06-11 18:00:00,Main Sanctum,1971,7.88,25.6,65.6,0,0,1026,111,108,CRITICAL,8.73
2026-06-11 18:00:00,North Entry Gate,2747,6.87,25.6,65.6,0,0,1011,361,161,CRITICAL,7.24
2026-06-11 18:00:00,Parking Area,3340,1.34,25.6,65.6,0,0,59,179,155,LOW,1.24
2026-06-11 18:00:00,South Exit,1576,4.5,25.6,65.6,0,0,135,40,238,CRITICAL,4.96
2026-06-11 18:00:00,VIP Entrance,614,3.07,25.6,65.6,0,0,77,26,33,HIGH,3.39
2026-06-11 18:30:00,Food Court,1292,1.61,28.2,51.5,0,0,244,63,74,MODERATE,4.49
2026-06-11 18:30:00,Main Sanctum,2183,8.73,28.2,51.5,0,0,875,116,101,CRITICAL,8.04
2026-06-11 18:30:00,North Entry Gate,2897,7.24,28.2,51.5,0,0,986,373,170,CRITICAL,5.75
2026-06-11 18:30:00,Parking Area,3111,1.24,28.2,51.5,0,0,66,142,186,LOW,1.24
2026-06-11 18:30:00,South Exit,1737,4.96,28.2,51.5,0,0,131,52,219,CRITICAL,4.36
2026-06-11 18:30:00,VIP Entrance,678,3.39,28.2,51.5,0,0,67,40,29,HIGH,3.44
2026-06-11 19:00:00,Food Court,3588,4.49,26.8,54.4,0,0,868,207,175,HIGH,4.3
2026-06-11 19:00:00,Main Sanctum,2010,8.04,26.8,54.4,0,0,963,81,105,CRITICAL,9.59
2026-06-11 19:00:00,North Entry Gate,2301,5.75,26.8,54.4,0,0,871,298,132,CRITICAL,6.56
2026-06-11 19:00:00,Parking Area,3112,1.24,26.8,54.4,0,0,66,125,150,LOW,1.19
2026-06-11 19:00:00,South Exit,1525,4.36,26.8,54.4,0,0,112,46,234,HIGH,4.86
2026-06-11 19:00:00,VIP Entrance,689,3.44,26.8,54.4,0,0,81,33,31,HIGH,3.15
2026-06-11 19:30:00,Food Court,3439,4.3,24.6,66.2,0,0,683,190,201,HIGH,3.81
2026-06-11 19:30:00,Main Sanctum,2398,9.59,24.6,66.2,0,0,1111,141,114,CRITICAL,7.88
2026-06-11 19:30:00,North Entry Gate,2623,6.56,24.6,66.2,0,0,908,335,109,CRITICAL,6.32
2026-06-11 19:30:00,Parking Area,2976,1.19,24.6,66.2,0,0,50,175,131,LOW,1.3
2026-06-11 19:30:00,South Exit,1700,4.86,24.6,66.2,0,0,149,36,223,CRITICAL,4.31
2026-06-11 19:30:00,VIP Entrance,631,3.15,24.6,66.2,0,0,64,27,31,HIGH,2.8
2026-06-11 20:00:00,Food Court,3047,3.81,22.3,71.9,0,0,546,175,154,HIGH,4.0
2026-06-11 20:00:00,Main Sanctum,1971,7.88,22.3,71.9,0,0,861,104,102,CRITICAL,9.24
2026-06-11 20:00:00,North Entry Gate,2526,6.32,22.3,71.9,0,0,786,317,130,CRITICAL,5.51
2026-06-11 20:00:00,Parking Area,3261,1.3,22.3,71.9,0,0,64,157,156,LOW,1.11
2026-06-11 20:00:00,South Exit,1507,4.31,22.3,71.9,0,0,119,46,195,HIGH,5.03
2026-06-11 20:00:00,VIP Entrance,560,2.8,22.3,71.9,0,0,62,29,24,MODERATE,3.08
2026-06-11 20:30:00,Food Court,3200,4.0,23.8,70.3,0,0,593,182,154,HIGH,4.07
2026-06-11 20:30:00,Main Sanctum,2310,9.24,23.8,70.3,0,0,1165,137,128,CRITICAL,6.8
2026-06-11 20:30:00,North Entry Gate,2204,5.51,23.8,70.3,0,0,693,270,103,CRITICAL,5.71
2026-06-11 20:30:00,Parking Area,2771,1.11,23.8,70.3,0,0,55,160,124,LOW,0.97
2026-06-11 20:30:00,South Exit,1759,5.03,23.8,70.3,0,0,133,54,268,CRITICAL,3.99
2026-06-11 20:30:00,VIP Entrance,616,3.08,23.8,70.3,0,0,77,30,32,HIGH,2.42
2026-06-11 21:00:00,Food Court,3259,4.07,19.8,83.9,0,0,551,163,177,HIGH,3.6
2026-06-11 21:00:00,Main Sanctum,1699,6.8,19.8,83.9,0,0,762,70,85,CRITICAL,6.82
2026-06-11 21:00:00,North Entry Gate,2283,5.71,19.8,83.9,0,0,803,286,134,CRITICAL,4.99
2026-06-11 21:00:00,Parking Area,2435,0.97,19.8,83.9,0,0,48,114,137,LOW,1.04
2026-06-11 21:00:00,South Exit,1397,3.99,19.8,83.9,0,0,121,30,181,HIGH,3.45
2026-06-11 21:00:00,VIP Entrance,483,2.42,19.8,83.9,0,0,63,21,21,MODERATE,2.69
2026-06-11 21:30:00,Food Court,2879,3.6,21.6,76.8,0,0,526,132,115,HIGH,0.15
2026-06-11 21:30:00,Main Sanctum,1706,6.82,21.6,76.8,0,0,1070,96,94,CRITICAL,0.91
2026-06-11 21:30:00,North Entry Gate,1995,4.99,21.6,76.8,0,0,795,234,87,CRITICAL,0.7
2026-06-11 21:30:00,Parking Area,2590,1.04,21.6,76.8,0,0,53,129,152,LOW,0.13
2026-06-11 21:30:00,South Exit,1207,3.45,21.6,76.8,0,0,95,31,178,HIGH,0.42
2026-06-11 21:30:00,VIP Entrance,537,2.69,21.6,76.8,0,0,60,23,27,MODERATE,0.3
2026-06-11 22:00:00,Food Court,123,0.15,20.3,82.1,0,0,26,5,6,LOW,0.18
2026-06-11 22:00:00,Main Sanctum,227,0.91,20.3,82.1,0,0,118,12,10,LOW,0.94
2026-06-11 22:00:00,North Entry Gate,281,0.7,20.3,82.1,0,0,100,32,13,LOW,0.68
2026-06-11 22:00:00,Parking Area,318,0.13,20.3,82.1,0,0,6,18,16,LOW,0.16
2026-06-11 22:00:00,South Exit,147,0.42,20.3,82.1,0,0,12,4,20,LOW,0.55
2026-06-11 22:00:00,VIP Entrance,60,0.3,20.3,82.1,0,0,8,3,3,LOW,0.38
2026-06-11 22:30:00,Food Court,141,0.18,19.1,83.7,0,0,26,8,8,LOW,0.17
2026-06-11 22:30:00,Main Sanctum,235,0.94,19.1,83.7,0,0,116,10,11,LOW,1.16
2026-06-11 22:30:00,North Entry Gate,273,0.68,19.1,83.7,0,0,102,33,12,LOW,0.73
2026-06-11 22:30:00,Parking Area,405,0.16,19.1,83.7,0,0,8,24,23,LOW,0.17
2026-06-11 22:30:00,South Exit,194,0.55,19.1,83.7,0,0,12,6,30,LOW,0.65
2026-06-11 22:30:00,VIP Entrance,75,0.38,19.1,83.7,0,0,9,4,4,LOW,0.43
2026-06-11 23:00:00,Food Court,134,0.17,21.7,76.4,0,0,27,8,6,LOW,0.2
2026-06-11 23:00:00,Main Sanctum,290,1.16,21.7,76.4,0,0,112,17,15,LOW,1.11
2026-06-11 23:00:00,North Entry Gate,294,0.73,21.7,76.4,0,0,87,35,13,LOW,0.85
2026-06-11 23:00:00,Parking Area,437,0.17,21.7,76.4,0,0,9,24,18,LOW,0.19
2026-06-11 23:00:00,South Exit,229,0.65,21.7,76.4,0,0,14,5,30,LOW,0.7
2026-06-11 23:00:00,VIP Entrance,87,0.43,21.7,76.4,0,0,9,5,4,LOW,0.43
2026-06-11 23:30:00,Food Court,163,0.2,20.0,79.7,0,0,40,9,8,LOW,0.18
2026-06-11 23:30:00,Main Sanctum,277,1.11,20.0,79.7,0,0,146,14,13,LOW,1.14
2026-06-11 23:30:00,North Entry Gate,341,0.85,20.0,79.7,0,0,113,38,14,LOW,0.87
2026-06-11 23:30:00,Parking Area,483,0.19,20.0,79.7,0,0,9,25,25,LOW,0.16
2026-06-11 23:30:00,South Exit,246,0.7,20.0,79.7,0,0,17,6,32,LOW,0.55
2026-06-11 23:30:00,VIP Entrance,87,0.43,20.0,79.7,0,0,10,4,4,LOW,0.43
2026-06-12 00:00:00,Food Court,147,0.18,20.2,80.8,0,0,32,8,7,LOW,0.24
2026-06-12 00:00:00,Main Sanctum,286,1.14,20.2,80.8,0,0,135,14,17,LOW,1.12
2026-06-12 00:00:00,North Entry Gate,347,0.87,20.2,80.8,0,0,104,39,16,LOW,0.95
2026-06-12 00:00:00,Parking Area,407,0.16,20.2,80.8,0,0,7,21,22,LOW,0.18
2026-06-12 00:00:00,South Exit,193,0.55,20.2,80.8,0,0,14,5,27,LOW,0.75
2026-06-12 00:00:00,VIP Entrance,87,0.43,20.2,80.8,0,0,9,5,4,LOW,0.42
2026-06-12 00:30:00,Food Court,189,0.24,21.2,76.9,0,0,36,10,11,LOW,0.21
2026-06-12 00:30:00,Main Sanctum,280,1.12,21.2,76.9,0,0,122,11,17,LOW,1.02
2026-06-12 00:30:00,North Entry Gate,380,0.95,21.2,76.9,0,0,138,44,17,LOW,0.85
2026-06-12 00:30:00,Parking Area,458,0.18,21.2,76.9,0,0,11,27,20,LOW,0.19
2026-06-12 00:30:00,South Exit,262,0.75,21.2,76.9,0,0,20,8,34,LOW,0.61
2026-06-12 00:30:00,VIP Entrance,84,0.42,21.2,76.9,0,0,9,4,5,LOW,0.47
2026-06-12 01:00:00,Food Court,167,0.21,20.3,80.1,0,0,32,8,9,LOW,0.16
2026-06-12 01:00:00,Main Sanctum,255,1.02,20.3,80.1,0,0,133,14,13,LOW,1.06
2026-06-12 01:00:00,North Entry Gate,339,0.85,20.3,80.1,0,0,127,41,17,LOW,0.77
2026-06-12 01:00:00,Parking Area,467,0.19,20.3,80.1,0,0,11,24,24,LOW,0.16
2026-06-12 01:00:00,South Exit,215,0.61,20.3,80.1,0,0,17,7,32,LOW,0.57
2026-06-12 01:00:00,VIP Entrance,94,0.47,20.3,80.1,0,0,13,5,5,LOW,0.37
2026-06-12 01:30:00,Food Court,127,0.16,21.2,75.9,0,0,26,6,6,LOW,0.15
2026-06-12 01:30:00,Main Sanctum,264,1.06,21.2,75.9,0,0,127,13,16,LOW,0.8
2026-06-12 01:30:00,North Entry Gate,307,0.77,21.2,75.9,0,0,122,40,18,LOW,0.62
2026-06-12 01:30:00,Parking Area,400,0.16,21.2,75.9,0,0,9,19,21,LOW,0.14
2026-06-12 01:30:00,South Exit,198,0.57,21.2,75.9,0,0,16,5,27,LOW,0.57
2026-06-12 01:30:00,VIP Entrance,74,0.37,21.2,75.9,0,0,8,3,4,LOW,0.36
2026-06-12 02:00:00,Food Court,121,0.15,22.1,76.1,0,0,26,5,6,LOW,0.12
2026-06-12 02:00:00,Main Sanctum,199,0.8,22.1,76.1,0,0,100,10,11,LOW,0.84
2026-06-12 02:00:00,North Entry Gate,248,0.62,22.1,76.1,0,0,78,28,11,LOW,0.6
2026-06-12 02:00:00,Parking Area,360,0.14,22.1,76.1,0,0,8,19,17,LOW,0.11
2026-06-12 02:00:00,South Exit,198,0.57,22.1,76.1,0,0,12,5,28,LOW,0.45
2026-06-12 02:00:00,VIP Entrance,72,0.36,22.1,76.1,0,0,10,3,3,LOW,0.28
2026-06-12 02:30:00,Food Court,99,0.12,22.3,71.0,0,0,23,6,4,LOW,0.11
2026-06-12 02:30:00,Main Sanctum,210,0.84,22.3,71.0,0,0,104,11,10,LOW,0.6
2026-06-12 02:30:00,North Entry Gate,239,0.6,22.3,71.0,0,0,85,27,12,LOW,0.46
2026-06-12 02:30:00,Parking Area,269,0.11,22.3,71.0,0,0,4,15,12,LOW,0.08
2026-06-12 02:30:00,South Exit,158,0.45,22.3,71.0,0,0,13,4,21,LOW,0.34
2026-06-12 02:30:00,VIP Entrance,56,0.28,22.3,71.0,0,0,9,2,3,LOW,0.23
2026-06-12 03:00:00,Food Court,85,0.11,22.7,71.8,0,0,19,4,4,LOW,0.07
2026-06-12 03:00:00,Main Sanctum,149,0.6,22.7,71.8,0,0,87,6,7,LOW,0.5
2026-06-12 03:00:00,North Entry Gate,183,0.46,22.7,71.8,0,0,66,21,8,LOW,0.33
2026-06-12 03:00:00,Parking Area,189,0.08,22.7,71.8,0,0,2,10,9,LOW,0.07
2026-06-12 03:00:00,South Exit,118,0.34,22.7,71.8,0,0,13,4,17,LOW,0.27
2026-06-12 03:00:00,VIP Entrance,47,0.23,22.7,71.8,0,0,4,2,3,LOW,0.16
2026-06-12 03:30:00,Food Court,56,0.07,25.3,68.0,0,0,11,3,3,LOW,0.05
2026-06-12 03:30:00,Main Sanctum,124,0.5,25.3,68.0,0,0,56,5,6,LOW,0.33
2026-06-12 03:30:00,North Entry Gate,131,0.33,25.3,68.0,0,0,42,17,7,LOW,0.21
2026-06-12 03:30:00,Parking Area,167,0.07,25.3,68.0,0,0,6,9,7,LOW,0.05
2026-06-12 03:30:00,South Exit,94,0.27,25.3,68.0,0,0,4,2,12,LOW,0.18
2026-06-12 03:30:00,VIP Entrance,32,0.16,25.3,68.0,0,0,3,2,2,LOW,0.12
2026-06-12 04:00:00,Food Court,43,0.05,25.5,60.7,0,0,15,2,2,LOW,0.03
2026-06-12 04:00:00,Main Sanctum,83,0.33,25.5,60.7,0,0,42,4,4,LOW,0.18
2026-06-12 04:00:00,North Entry Gate,85,0.21,25.5,60.7,0,0,30,11,4,LOW,0.12
2026-06-12 04:00:00,Parking Area,114,0.05,25.5,60.7,0,0,6,6,5,LOW,0.03
2026-06-12 04:00:00,South Exit,63,0.18,25.5,60.7,0,0,5,2,9,LOW,0.1
2026-06-12 04:00:00,VIP Entrance,23,0.12,25.5,60.7,0,0,2,2,2,LOW,0.07
2026-06-12 04:30:00,Food Court,23,0.03,24.8,59.1,0,0,3,2,2,LOW,0.82
2026-06-12 04:30:00,Main Sanctum,46,0.18,24.8,59.1,0,0,22,3,3,LOW,5.35
2026-06-12 04:30:00,North Entry Gate,49,0.12,24.8,59.1,0,0,17,5,2,LOW,4.17
2026-06-12 04:30:00,Parking Area,72,0.03,24.8,59.1,0,0,0,3,4,LOW,0.78
2026-06-12 04:30:00,South Exit,36,0.1,24.8,59.1,0,0,0,1,5,LOW,3.19
2026-06-12 04:30:00,VIP Entrance,14,0.07,24.8,59.1,0,0,2,2,2,LOW,1.99
2026-06-12 05:00:00,Food Court,660,0.82,24.8,66.7,0,0,133,30,34,LOW,1.08
2026-06-12 05:00:00,Main Sanctum,1337,5.35,24.8,66.7,0,0,625,63,56,CRITICAL,6.53
2026-06-12 05:00:00,North Entry Gate,1670,4.17,24.8,66.7,0,0,615,197,91,HIGH,4.25
2026-06-12 05:00:00,Parking Area,1954,0.78,24.8,66.7,0,0,43,106,80,LOW,0.9
2026-06-12 05:00:00,South Exit,1117,3.19,24.8,66.7,0,0,87,33,171,HIGH,3.56
2026-06-12 05:00:00,VIP Entrance,398,1.99,24.8,66.7,0,0,54,23,22,MODERATE,2.13
2026-06-12 05:30:00,Food Court,867,1.08,27.7,56.1,0,0,205,45,45,LOW,1.1
2026-06-12 05:30:00,Main Sanctum,1633,6.53,27.7,56.1,0,0,852,74,75,CRITICAL,6.56
2026-06-12 05:30:00,North Entry Gate,1698,4.25,27.7,56.1,0,0,530,211,99,HIGH,4.73
2026-06-12 05:30:00,Parking Area,2261,0.9,27.7,56.1,0,0,47,119,106,LOW,0.98
2026-06-12 05:30:00,South Exit,1245,3.56,27.7,56.1,0,0,103,36,191,HIGH,3.67
2026-06-12 05:30:00,VIP Entrance,427,2.13,27.7,56.1,0,0,53,20,22,MODERATE,2.79
2026-06-12 06:00:00,Food Court,883,1.1,28.3,58.1,0,0,180,44,51,LOW,1.23
2026-06-12 06:00:00,Main Sanctum,1640,6.56,28.3,58.1,0,0,924,67,95,CRITICAL,6.86
2026-06-12 06:00:00,North Entry Gate,1891,4.73,28.3,58.1,0,0,549,244,81,CRITICAL,5.01
2026-06-12 06:00:00,Parking Area,2460,0.98,28.3,58.1,0,0,51,108,129,LOW,1.04
2026-06-12 06:00:00,South Exit,1285,3.67,28.3,58.1,0,0,97,27,164,HIGH,3.89
2026-06-12 06:00:00,VIP Entrance,557,2.79,28.3,58.1,0,0,67,33,25,MODERATE,2.62
2026-06-12 06:30:00,Food Court,982,1.23,31.1,46.3,0,0,223,55,51,LOW,1.29
2026-06-12 06:30:00,Main Sanctum,1715,6.86,31.1,46.3,0,0,1002,81,81,CRITICAL,8.78
2026-06-12 06:30:00,North Entry Gate,2004,5.01,31.1,46.3,0,0,631,224,82,CRITICAL,5.63
2026-06-12 06:30:00,Parking Area,2594,1.04,31.1,46.3,0,0,54,153,111,LOW,1.21
2026-06-12 06:30:00,South Exit,1363,3.89,31.1,46.3,0,0,94,34,196,HIGH,4.47
2026-06-12 06:30:00,VIP Entrance,525,2.62,31.1,46.3,0,0,65,29,30,MODERATE,3.5
2026-06-12 07:00:00,Food Court,1030,1.29,31.3,44.3,0,0,208,42,43,LOW,1.35
2026-06-12 07:00:00,Main Sanctum,2194,8.78,31.3,44.3,0,0,1056,91,110,CRITICAL,7.44
2026-06-12 07:00:00,North Entry Gate,2253,5.63,31.3,44.3,0,0,932,258,118,CRITICAL,4.79
2026-06-12 07:00:00,Parking Area,3018,1.21,31.3,44.3,0,0,54,134,158,LOW,1.03
2026-06-12 07:00:00,South Exit,1563,4.47,31.3,44.3,0,0,146,39,217,HIGH,4.21
2026-06-12 07:00:00,VIP Entrance,701,3.5,31.3,44.3,0,0,90,29,40,HIGH,2.96
2026-06-12 07:30:00,Food Court,1078,1.35,32.0,43.8,0,0,237,64,50,LOW,1.47
2026-06-12 07:30:00,Main Sanctum,1860,7.44,32.0,43.8,0,0,892,82,98,CRITICAL,8.51
2026-06-12 07:30:00,North Entry Gate,1914,4.79,32.0,43.8,0,0,665,221,101,CRITICAL,5.99
2026-06-12 07:30:00,Parking Area,2577,1.03,32.0,43.8,0,0,55,148,108,LOW,1.31
2026-06-12 07:30:00,South Exit,1475,4.21,32.0,43.8,0,0,130,34,193,HIGH,4.53
2026-06-12 07:30:00,VIP Entrance,593,2.96,32.0,43.8,0,0,61,30,31,MODERATE,3.03
2026-06-12 08:00:00,Food Court,1175,1.47,32.0,47.3,0,0,252,51,55,LOW,1.25
2026-06-12 08:00:00,Main Sanctum,2127,8.51,32.0,47.3,0,0,1002,103,89,CRITICAL,8.3
2026-06-12 08:00:00,North Entry Gate,2394,5.99,32.0,47.3,0,0,819,289,130,CRITICAL,6.09
2026-06-12 08:00:00,Parking Area,3287,1.31,32.0,47.3,0,0,61,189,157,LOW,1.09
2026-06-12 08:00:00,South Exit,1587,4.53,32.0,47.3,0,0,132,49,228,CRITICAL,5.22
2026-06-12 08:00:00,VIP Entrance,606,3.03,32.0,47.3,0,0,66,34,32,HIGH,3.22
2026-06-12 08:30:00,Food Court,1001,1.25,31.8,46.3,0,0,211,42,45,LOW,1.35
2026-06-12 08:30:00,Main Sanctum,2076,8.3,31.8,46.3,0,0,1095,84,93,CRITICAL,7.61
2026-06-12 08:30:00,North Entry Gate,2436,6.09,31.8,46.3,0,0,741,312,115,CRITICAL,5.71
2026-06-12 08:30:00,Parking Area,2718,1.09,31.8,46.3,0,0,52,150,120,LOW,1.23
2026-06-12 08:30:00,South Exit,1826,5.22,31.8,46.3,0,0,151,58,275,CRITICAL,4.54
2026-06-12 08:30:00,VIP Entrance,644,3.22,31.8,46.3,0,0,67,28,38,HIGH,3.31
2026-06-12 09:00:00,Food Court,1084,1.35,33.4,32.5,0,0,245,50,53,LOW,1.2
2026-06-12 09:00:00,Main Sanctum,1902,7.61,33.4,32.5,0,0,957,99,93,CRITICAL,7.67
2026-06-12 09:00:00,North Entry Gate,2286,5.71,33.4,32.5,0,0,1034,271,111,CRITICAL,5.8
2026-06-12 09:00:00,Parking Area,3064,1.23,33.4,32.5,0,0,64,167,144,LOW,1.07
2026-06-12 09:00:00,South Exit,1590,4.54,33.4,32.5,0,0,125,43,243,CRITICAL,4.37
2026-06-12 09:00:00,VIP Entrance,663,3.31,33.4,32.5,0,0,85,35,35,HIGH,2.84
2026-06-12 09:30:00,Food Court,960,1.2,34.9,35.9,0,0,176,50,47,LOW,1.36
2026-06-12 09:30:00,Main Sanctum,1917,7.67,34.9,35.9,0,0,1011,88,97,CRITICAL,7.1
2026-06-12 09:30:00,North Entry Gate,2320,5.8,34.9,35.9,0,0,782,296,97,CRITICAL,5.9
2026-06-12 09:30:00,Parking Area,2673,1.07,34.9,35.9,0,0,55,109,114,LOW,1.17
2026-06-12 09:30:00,South Exit,1530,4.37,34.9,35.9,0,0,140,44,220,HIGH,3.95
2026-06-12 09:30:00,VIP Entrance,568,2.84,34.9,35.9,0,0,63,23,28,MODERATE,2.5
2026-06-12 10:00:00,Food Court,1088,1.36,32.9,42.0,0,0,222,52,45,LOW,1.12
2026-06-12 10:00:00,Main Sanctum,1775,7.1,32.9,42.0,0,0,820,71,75,CRITICAL,7.35
2026-06-12 10:00:00,North Entry Gate,2361,5.9,32.9,42.0,0,0,658,296,107,CRITICAL,5.17
2026-06-12 10:00:00,Parking Area,2922,1.17,32.9,42.0,0,0,64,136,136,LOW,0.94
2026-06-12 10:00:00,South Exit,1383,3.95,32.9,42.0,0,0,119,37,213,HIGH,3.41
2026-06-12 10:00:00,VIP Entrance,499,2.5,32.9,42.0,0,0,57,29,27,MODERATE,2.54
2026-06-12 10:30:00,Food Court,898,1.12,36.9,30.0,0,0,178,53,47,LOW,1.07
2026-06-12 10:30:00,Main Sanctum,1838,7.35,36.9,30.0,0,0,910,79,84,CRITICAL,5.65
2026-06-12 10:30:00,North Entry Gate,2069,5.17,36.9,30.0,0,0,710,226,102,CRITICAL,4.91
2026-06-12 10:30:00,Parking Area,2340,0.94,36.9,30.0,0,0,44,98,128,LOW,1.01
2026-06-12 10:30:00,South Exit,1193,3.41,36.9,30.0,0,0,102,35,163,HIGH,4.09
2026-06-12 10:30:00,VIP Entrance,509,2.54,36.9,30.0,0,0,59,26,24,MODERATE,2.35
2026-06-12 11:00:00,Food Court,853,1.07,38.2,30.0,0,0,178,37,39,LOW,0.97
2026-06-12 11:00:00,Main Sanctum,1413,5.65,38.2,30.0,0,0,591,75,79,CRITICAL,5.58
2026-06-12 11:00:00,North Entry Gate,1963,4.91,38.2,30.0,0,0,791,232,110,CRITICAL,4.0
2026-06-12 11:00:00,Parking Area,2522,1.01,38.2,30.0,0,0,45,112,101,LOW,0.8
2026-06-12 11:00:00,South Exit,1433,4.09,38.2,30.0,0,0,125,39,196,HIGH,3.29
2026-06-12 11:00:00,VIP Entrance,469,2.35,38.2,30.0,0,0,45,19,19,MODERATE,2.06
2026-06-12 11:30:00,Food Court,776,0.97,33.6,42.8,0,0,172,35,35,LOW,1.92
2026-06-12 11:30:00,Main Sanctum,1396,5.58,33.6,42.8,0,0,667,71,73,CRITICAL,3.93
2026-06-12 11:30:00,North Entry Gate,1602,4.0,33.6,42.8,0,0,502,178,68,HIGH,2.81
2026-06-12 11:30:00,Parking Area,2003,0.8,33.6,42.8,0,0,40,95,86,LOW,0.62
2026-06-12 11:30:00,South Exit,1153,3.29,33.6,42.8,0,0,96,38,165,HIGH,2.19
2026-06-12 11:30:00,VIP Entrance,412,2.06,33.6,42.8,0,0,46,23,18,MODERATE,1.4
2026-06-12 12:00:00,Food Court,1535,1.92,34.3,40.8,0,0,293,68,74,MODERATE,2.27
2026-06-12 12:00:00,Main Sanctum,983,3.93,34.3,40.8,0,0,532,55,56,HIGH,4.34
2026-06-12 12:00:00,North Entry Gate,1125,2.81,34.3,40.8,0,0,398,147,61,MODERATE,3.15
2026-06-12 12:00:00,Parking Area,1542,0.62,34.3,40.8,0,0,29,79,78,LOW,0.65
2026-06-12 12:00:00,South Exit,765,2.19,34.3,40.8,0,0,63,17,97,MODERATE,2.57
2026-06-12 12:00:00,VIP Entrance,279,1.4,34.3,40.8,0,0,36,15,14,LOW,1.76
2026-06-12 12:30:00,Food Court,1818,2.27,36.2,30.0,0,0,406,75,85,MODERATE,2.06
2026-06-12 12:30:00,Main Sanctum,1084,4.34,36.2,30.0,0,0,428,59,48,HIGH,4.92
2026-06-12 12:30:00,North Entry Gate,1262,3.15,36.2,30.0,0,0,460,150,50,HIGH,3.37
2026-06-12 12:30:00,Parking Area,1614,0.65,36.2,30.0,0,0,36,86,86,LOW,0.68
2026-06-12 12:30:00,South Exit,901,2.57,36.2,30.0,0,0,63,24,123,MODERATE,2.42
2026-06-12 12:30:00,VIP Entrance,352,1.76,36.2,30.0,0,0,43,18,17,MODERATE,1.49
2026-06-12 13:00:00,Food Court,1646,2.06,35.0,32.6,0,0,349,81,72,MODERATE,2.68
2026-06-12 13:00:00,Main Sanctum,1231,4.92,35.0,32.6,0,0,667,60,52,CRITICAL,4.99
2026-06-12 13:00:00,North Entry Gate,1346,3.37,35.0,32.6,0,0,440,151,72,HIGH,3.46
2026-06-12 13:00:00,Parking Area,1689,0.68,35.0,32.6,0,0,24,101,78,LOW,0.72
2026-06-12 13:00:00,South Exit,847,2.42,35.0,32.6,0,0,62,23,118,MODERATE,2.56
2026-06-12 13:00:00,VIP Entrance,297,1.49,35.0,32.6,0,0,37,12,17,LOW,1.67
2026-06-12 13:30:00,Food Court,2144,2.68,35.7,32.5,0,0,526,111,92,MODERATE,2.73
2026-06-12 13:30:00,Main Sanctum,1248,4.99,35.7,32.5,0,0,721,57,51,CRITICAL,4.71
2026-06-12 13:30:00,North Entry Gate,1385,3.46,35.7,32.5,0,0,440,165,64,HIGH,3.69
2026-06-12 13:30:00,Parking Area,1812,0.72,35.7,32.5,0,0,37,96,87,LOW,0.77
2026-06-12 13:30:00,South Exit,896,2.56,35.7,32.5,0,0,80,26,135,MODERATE,2.63
2026-06-12 13:30:00,VIP Entrance,333,1.67,35.7,32.5,0,0,42,13,17,MODERATE,1.55
2026-06-12 14:00:00,Food Court,2180,2.73,34.8,38.4,0,0,476,97,117,MODERATE,2.23
2026-06-12 14:00:00,Main Sanctum,1178,4.71,34.8,38.4,0,0,712,55,59,CRITICAL,4.07
2026-06-12 14:00:00,North Entry Gate,1474,3.69,34.8,38.4,0,0,495,190,90,HIGH,4.19
2026-06-12 14:00:00,Parking Area,1928,0.77,34.8,38.4,0,0,35,84,87,LOW,0.71
2026-06-12 14:00:00,South Exit,919,2.63,34.8,38.4,0,0,65,24,134,MODERATE,2.81
2026-06-12 14:00:00,VIP Entrance,311,1.55,34.8,38.4,0,0,42,15,16,MODERATE,1.58
2026-06-12 14:30:00,Food Court,1781,2.23,33.1,40.8,0,0,386,84,101,MODERATE,0.7
2026-06-12 14:30:00,Main Sanctum,1017,4.07,33.1,40.8,0,0,393,50,59,HIGH,4.17
2026-06-12 14:30:00,North Entry Gate,1677,4.19,33.1,40.8,0,0,581,188,76,HIGH,3.18
2026-06-12 14:30:00,Parking Area,1764,0.71,33.1,40.8,0,0,41,82,75,LOW,0.66
2026-06-12 14:30:00,South Exit,983,2.81,33.1,40.8,0,0,88,24,144,MODERATE,2.49
2026-06-12 14:30:00,VIP Entrance,316,1.58,33.1,40.8,0,0,43,13,13,MODERATE,1.77
2026-06-12 15:00:00,Food Court,560,0.7,35.2,32.3,0,0,112,27,24,LOW,0.75
2026-06-12 15:00:00,Main Sanctum,1043,4.17,35.2,32.3,0,0,536,58,46,HIGH,4.91
2026-06-12 15:00:00,North Entry Gate,1273,3.18,35.2,32.3,0,0,428,146,48,HIGH,3.33
2026-06-12 15:00:00,Parking Area,1644,0.66,35.2,32.3,0,0,33,82,71,LOW,0.66
2026-06-12 15:00:00,South Exit,872,2.49,35.2,32.3,0,0,74,24,127,MODERATE,2.67
2026-06-12 15:00:00,VIP Entrance,355,1.77,35.2,32.3,0,0,37,21,17,MODERATE,1.67
2026-06-12 15:30:00,Food Court,599,0.75,33.4,41.9,0,0,127,28,30,LOW,0.91
2026-06-12 15:30:00,Main Sanctum,1227,4.91,33.4,41.9,0,0,529,62,58,CRITICAL,5.94
2026-06-12 15:30:00,North Entry Gate,1334,3.33,33.4,41.9,0,0,556,160,53,HIGH,3.62
2026-06-12 15:30:00,Parking Area,1655,0.66,33.4,41.9,0,0,33,78,88,LOW,0.69
2026-06-12 15:30:00,South Exit,933,2.67,33.4,41.9,0,0,59,23,121,MODERATE,3.19
2026-06-12 15:30:00,VIP Entrance,334,1.67,33.4,41.9,0,0,37,14,18,MODERATE,2.1
2026-06-12 16:00:00,Food Court,726,0.91,31.3,45.5,0,0,173,35,30,LOW,1.06
2026-06-12 16:00:00,Main Sanctum,1486,5.94,31.3,45.5,0,0,697,82,82,CRITICAL,6.92
2026-06-12 16:00:00,North Entry Gate,1446,3.62,31.3,45.5,0,0,525,186,89,HIGH,5.1
2026-06-12 16:00:00,Parking Area,1716,0.69,31.3,45.5,0,0,26,80,95,LOW,0.94
2026-06-12 16:00:00,South Exit,1118,3.19,31.3,45.5,0,0,95,37,162,HIGH,3.42
2026-06-12 16:00:00,VIP Entrance,420,2.1,31.3,45.5,0,0,49,20,23,MODERATE,2.64
2026-06-12 16:30:00,Food Court,846,1.06,32.9,40.9,0,0,163,39,44,LOW,1.17
2026-06-12 16:30:00,Main Sanctum,1731,6.92,32.9,40.9,0,0,747,87,82,CRITICAL,7.96
2026-06-12 16:30:00,North Entry Gate,2039,5.1,32.9,40.9,0,0,719,230,110,CRITICAL,4.5
2026-06-12 16:30:00,Parking Area,2351,0.94,32.9,40.9,0,0,44,136,119,LOW,1.2
2026-06-12 16:30:00,South Exit,1198,3.42,32.9,40.9,0,0,110,34,183,HIGH,4.51
2026-06-12 16:30:00,VIP Entrance,528,2.64,32.9,40.9,0,0,58,28,30,MODERATE,2.3
2026-06-12 17:00:00,Food Court,934,1.17,29.5,51.4,0,0,196,48,48,LOW,1.33
2026-06-12 17:00:00,Main Sanctum,1989,7.96,29.5,51.4,0,0,964,83,95,CRITICAL,6.96
2026-06-12 17:00:00,North Entry Gate,1800,4.5,29.5,51.4,0,0,631,237,89,CRITICAL,6.01
2026-06-12 17:00:00,Parking Area,2988,1.2,29.5,51.4,0,0,60,172,170,LOW,1.3
2026-06-12 17:00:00,South Exit,1578,4.51,29.5,51.4,0,0,120,47,225,CRITICAL,4.39
2026-06-12 17:00:00,VIP Entrance,460,2.3,29.5,51.4,0,0,70,19,19,MODERATE,3.28
2026-06-12 17:30:00,Food Court,1065,1.33,27.6,58.9,0,0,214,58,48,LOW,1.31
2026-06-12 17:30:00,Main Sanctum,1739,6.96,27.6,58.9,0,0,1018,85,72,CRITICAL,7.7
2026-06-12 17:30:00,North Entry Gate,2406,6.01,27.6,58.9,0,0,908,275,100,CRITICAL,6.39
2026-06-12 17:30:00,Parking Area,3243,1.3,27.6,58.9,0,0,58,181,142,LOW,1.14
2026-06-12 17:30:00,South Exit,1535,4.39,27.6,58.9,0,0,110,37,223,HIGH,5.69
2026-06-12 17:30:00,VIP Entrance,656,3.28,27.6,58.9,0,0,89,32,33,HIGH,3.57
2026-06-12 18:00:00,Food Court,1049,1.31,28.2,54.5,0,0,165,42,58,LOW,1.54
2026-06-12 18:00:00,Main Sanctum,1926,7.7,28.2,54.5,0,0,989,99,80,CRITICAL,9.13
2026-06-12 18:00:00,North Entry Gate,2558,6.39,28.2,54.5,0,0,904,294,106,CRITICAL,6.55
2026-06-12 18:00:00,Parking Area,2848,1.14,28.2,54.5,0,0,49,152,144,LOW,1.33
2026-06-12 18:00:00,South Exit,1993,5.69,28.2,54.5,0,0,156,45,255,CRITICAL,4.59
2026-06-12 18:00:00,VIP Entrance,714,3.57,28.2,54.5,0,0,107,39,41,HIGH,3.52
2026-06-12 18:30:00,Food Court,1229,1.54,27.4,59.9,0,0,234,70,67,MODERATE,5.12
2026-06-12 18:30:00,Main Sanctum,2283,9.13,27.4,59.9,0,0,1174,132,94,CRITICAL,9.59
2026-06-12 18:30:00,North Entry Gate,2621,6.55,27.4,59.9,0,0,980,293,135,CRITICAL,6.92
2026-06-12 18:30:00,Parking Area,3331,1.33,27.4,59.9,0,0,63,198,171,LOW,1.41
2026-06-12 18:30:00,South Exit,1606,4.59,27.4,59.9,0,0,132,40,206,CRITICAL,5.24
2026-06-12 18:30:00,VIP Entrance,703,3.52,27.4,59.9,0,0,87,30,41,HIGH,3.2
2026-06-12 19:00:00,Food Court,4093,5.12,26.6,60.0,0,0,910,194,224,CRITICAL,4.44
2026-06-12 19:00:00,Main Sanctum,2397,9.59,26.6,60.0,0,0,1140,135,137,CRITICAL,8.73
2026-06-12 19:00:00,North Entry Gate,2768,6.92,26.6,60.0,0,0,928,332,138,CRITICAL,6.13
2026-06-12 19:00:00,Parking Area,3516,1.41,26.6,60.0,0,0,64,173,210,LOW,1.17
2026-06-12 19:00:00,South Exit,1834,5.24,26.6,60.0,0,0,134,53,239,CRITICAL,5.32
2026-06-12 19:00:00,VIP Entrance,640,3.2,26.6,60.0,0,0,77,33,36,HIGH,3.17
2026-06-12 19:30:00,Food Court,3555,4.44,25.8,59.4,0,0,563,151,174,HIGH,4.5
2026-06-12 19:30:00,Main Sanctum,2182,8.73,25.8,59.4,0,0,1088,128,96,CRITICAL,9.03
2026-06-12 19:30:00,North Entry Gate,2451,6.13,25.8,59.4,0,0,797,301,136,CRITICAL,5.89
2026-06-12 19:30:00,Parking Area,2934,1.17,25.8,59.4,0,0,57,144,153,LOW,1.23
2026-06-12 19:30:00,South Exit,1863,5.32,25.8,59.4,0,0,133,62,284,CRITICAL,4.87
2026-06-12 19:30:00,VIP Entrance,633,3.17,25.8,59.4,0,0,79,33,27,HIGH,3.35
2026-06-12 20:00:00,Food Court,3597,4.5,24.6,66.1,0,0,799,183,202,CRITICAL,4.02
2026-06-12 20:00:00,Main Sanctum,2257,9.03,24.6,66.1,0,0,1020,97,101,CRITICAL,6.82
2026-06-12 20:00:00,North Entry Gate,2355,5.89,24.6,66.1,0,0,714,262,86,CRITICAL,5.75
2026-06-12 20:00:00,Parking Area,3073,1.23,24.6,66.1,0,0,63,176,156,LOW,1.2
2026-06-12 20:00:00,South Exit,1703,4.87,24.6,66.1,0,0,137,42,218,CRITICAL,4.53
2026-06-12 20:00:00,VIP Entrance,671,3.35,24.6,66.1,0,0,83,32,35,HIGH,2.66
2026-06-12 20:30:00,Food Court,3219,4.02,23.7,65.9,0,0,669,159,139,HIGH,3.74
2026-06-12 20:30:00,Main Sanctum,1704,6.82,23.7,65.9,0,0,837,80,98,CRITICAL,6.89
2026-06-12 20:30:00,North Entry Gate,2299,5.75,23.7,65.9,0,0,838,275,130,CRITICAL,4.99
2026-06-12 20:30:00,Parking Area,2994,1.2,23.7,65.9,0,0,61,154,180,LOW,1.12
2026-06-12 20:30:00,South Exit,1584,4.53,23.7,65.9,0,0,151,35,208,CRITICAL,4.08
2026-06-12 20:30:00,VIP Entrance,532,2.66,23.7,65.9,0,0,64,26,31,MODERATE,2.74
2026-06-12 21:00:00,Food Court,2993,3.74,21.7,75.0,0,0,574,146,128,HIGH,3.5
2026-06-12 21:00:00,Main Sanctum,1722,6.89,21.7,75.0,0,0,814,103,77,CRITICAL,6.14
2026-06-12 21:00:00,North Entry Gate,1996,4.99,21.7,75.0,0,0,668,243,101,CRITICAL,4.68
2026-06-12 21:00:00,Parking Area,2789,1.12,21.7,75.0,0,0,57,126,117,LOW,1.02
2026-06-12 21:00:00,South Exit,1427,4.08,21.7,75.0,0,0,128,36,197,HIGH,3.84
2026-06-12 21:00:00,VIP Entrance,548,2.74,21.7,75.0,0,0,52,31,29,MODERATE,2.2
2026-06-12 21:30:00,Food Court,2800,3.5,20.8,80.1,0,0,613,127,142,HIGH,0.14
2026-06-12 21:30:00,Main Sanctum,1535,6.14,20.8,80.1,0,0,879,72,77,CRITICAL,0.95
2026-06-12 21:30:00,North Entry Gate,1873,4.68,20.8,80.1,0,0,633,221,73,CRITICAL,0.75
2026-06-12 21:30:00,Parking Area,2541,1.02,20.8,80.1,0,0,56,111,104,LOW,0.13
2026-06-12 21:30:00,South Exit,1344,3.84,20.8,80.1,0,0,126,42,200,HIGH,0.51
2026-06-12 21:30:00,VIP Entrance,440,2.2,20.8,80.1,0,0,47,22,21,MODERATE,0.35
2026-06-12 22:00:00,Food Court,108,0.14,22.0,70.8,0,0,23,6,6,LOW,0.18
2026-06-12 22:00:00,Main Sanctum,238,0.95,22.0,70.8,0,0,125,14,12,LOW,1.07
2026-06-12 22:00:00,North Entry Gate,301,0.75,22.0,70.8,0,0,90,33,15,LOW,0.69
2026-06-12 22:00:00,Parking Area,332,0.13,22.0,70.8,0,0,7,14,16,LOW,0.15
2026-06-12 22:00:00,South Exit,179,0.51,22.0,70.8,0,0,17,5,27,LOW,0.58
2026-06-12 22:00:00,VIP Entrance,70,0.35,22.0,70.8,0,0,5,3,4,LOW,0.39
2026-06-12 22:30:00,Food Court,142,0.18,20.9,78.4,0,0,24,6,7,LOW,0.18
2026-06-12 22:30:00,Main Sanctum,267,1.07,20.9,78.4,0,0,144,15,12,LOW,1.11
2026-06-12 22:30:00,North Entry Gate,278,0.69,20.9,78.4,0,0,110,37,15,LOW,0.83
2026-06-12 22:30:00,Parking Area,372,0.15,20.9,78.4,0,0,7,19,22,LOW,0.2
2026-06-12 22:30:00,South Exit,204,0.58,20.9,78.4,0,0,13,5,31,LOW,0.74
2026-06-12 22:30:00,VIP Entrance,77,0.39,20.9,78.4,0,0,7,4,4,LOW,0.38
2026-06-12 23:00:00,Food Court,145,0.18,21.3,73.6,0,0,30,8,9,LOW,0.2
2026-06-12 23:00:00,Main Sanctum,278,1.11,21.3,73.6,0,0,144,13,11,LOW,1.2
2026-06-12 23:00:00,North Entry Gate,332,0.83,21.3,73.6,0,0,114,41,18,LOW,0.79
2026-06-12 23:00:00,Parking Area,491,0.2,21.3,73.6,0,0,10,25,22,LOW,0.17
2026-06-12 23:00:00,South Exit,260,0.74,21.3,73.6,0,0,19,7,39,LOW,0.76
2026-06-12 23:00:00,VIP Entrance,75,0.38,21.3,73.6,0,0,6,4,4,LOW,0.47
2026-06-12 23:30:00,Food Court,162,0.2,18.0,86.6,0,0,27,7,8,LOW,0.28
2026-06-12 23:30:00,Main Sanctum,300,1.2,18.0,86.6,0,0,129,14,15,LOW,1.98
2026-06-12 23:30:00,North Entry Gate,315,0.79,18.0,86.6,0,0,107,38,13,LOW,1.38
2026-06-12 23:30:00,Parking Area,436,0.17,18.0,86.6,0,0,6,24,25,LOW,0.28
2026-06-12 23:30:00,South Exit,266,0.76,18.0,86.6,0,0,24,8,40,LOW,0.96
2026-06-12 23:30:00,VIP Entrance,95,0.47,18.0,86.6,0,0,12,6,4,LOW,0.62
2026-06-13 00:00:00,Food Court,226,0.28,19.4,84.4,0,1,41,13,13,LOW,0.28
2026-06-13 00:00:00,Main Sanctum,494,1.98,19.4,84.4,0,1,225,24,24,MODERATE,1.93
2026-06-13 00:00:00,North Entry Gate,550,1.38,19.4,84.4,0,1,199,67,28,LOW,1.35
2026-06-13 00:00:00,Parking Area,691,0.28,19.4,84.4,0,1,15,40,29,LOW,0.24
2026-06-13 00:00:00,South Exit,337,0.96,19.4,84.4,0,1,27,10,44,LOW,1.09
2026-06-13 00:00:00,VIP Entrance,124,0.62,19.4,84.4,0,1,14,6,6,LOW,0.69
2026-06-13 00:30:00,Food Court,228,0.28,22.4,66.4,0,1,47,10,9,LOW,0.26
2026-06-13 00:30:00,Main Sanctum,483,1.93,22.4,66.4,0,1,210,28,25,MODERATE,1.56
2026-06-13 00:30:00,North Entry Gate,542,1.35,22.4,66.4,0,1,191,66,31,LOW,1.15
2026-06-13 00:30:00,Parking Area,588,0.24,22.4,66.4,0,1,8,34,35,LOW,0.25
2026-06-13 00:30:00,South Exit,383,1.09,22.4,66.4,0,1,33,10,58,LOW,0.89
2026-06-13 00:30:00,VIP Entrance,138,0.69,22.4,66.4,0,1,14,7,7,LOW,0.62
2026-06-13 01:00:00,Food Court,211,0.26,20.9,74.0,0,1,43,11,9,LOW,0.24
2026-06-13 01:00:00,Main Sanctum,389,1.56,20.9,74.0,0,1,198,19,17,MODERATE,1.36
2026-06-13 01:00:00,North Entry Gate,458,1.15,20.9,74.0,0,1,174,53,20,LOW,1.22
2026-06-13 01:00:00,Parking Area,617,0.25,20.9,74.0,0,1,12,34,33,LOW,0.21
2026-06-13 01:00:00,South Exit,313,0.89,20.9,74.0,0,1,28,7,44,LOW,0.79
2026-06-13 01:00:00,VIP Entrance,124,0.62,20.9,74.0,0,1,14,7,7,LOW,0.52
2026-06-13 01:30:00,Food Court,195,0.24,21.0,75.9,0,1,36,8,8,LOW,0.24
2026-06-13 01:30:00,Main Sanctum,341,1.36,21.0,75.9,0,1,190,20,14,LOW,1.33
2026-06-13 01:30:00,North Entry Gate,489,1.22,21.0,75.9,0,1,178,60,25,LOW,1.07
2026-06-13 01:30:00,Parking Area,521,0.21,21.0,75.9,0,1,10,24,31,LOW,0.19
2026-06-13 01:30:00,South Exit,276,0.79,21.0,75.9,0,1,21,7,35,LOW,0.73
2026-06-13 01:30:00,VIP Entrance,103,0.52,21.0,75.9,0,1,15,5,4,LOW,0.46
2026-06-13 02:00:00,Food Court,191,0.24,21.9,75.2,0,1,42,10,11,LOW,0.18
2026-06-13 02:00:00,Main Sanctum,332,1.33,21.9,75.2,0,1,156,14,17,LOW,1.11
2026-06-13 02:00:00,North Entry Gate,427,1.07,21.9,75.2,0,1,162,48,16,LOW,0.81
2026-06-13 02:00:00,Parking Area,481,0.19,21.9,75.2,0,1,8,25,23,LOW,0.16
2026-06-13 02:00:00,South Exit,255,0.73,21.9,75.2,0,1,20,6,32,LOW,0.62
2026-06-13 02:00:00,VIP Entrance,92,0.46,21.9,75.2,0,1,10,5,5,LOW,0.42
2026-06-13 02:30:00,Food Court,144,0.18,24.3,66.6,0,1,31,6,6,LOW,0.15
2026-06-13 02:30:00,Main Sanctum,277,1.11,24.3,66.6,0,1,138,13,12,LOW,0.98
2026-06-13 02:30:00,North Entry Gate,324,0.81,24.3,66.6,0,1,113,39,18,LOW,0.71
2026-06-13 02:30:00,Parking Area,397,0.16,24.3,66.6,0,1,8,18,18,LOW,0.12
2026-06-13 02:30:00,South Exit,217,0.62,24.3,66.6,0,1,12,6,31,LOW,0.5
2026-06-13 02:30:00,VIP Entrance,85,0.42,24.3,66.6,0,1,11,5,4,LOW,0.31
2026-06-13 03:00:00,Food Court,121,0.15,24.7,65.8,0,1,24,7,7,LOW,0.1
2026-06-13 03:00:00,Main Sanctum,246,0.98,24.7,65.8,0,1,103,10,12,LOW,0.61
2026-06-13 03:00:00,North Entry Gate,283,0.71,24.7,65.8,0,1,114,35,13,LOW,0.49
2026-06-13 03:00:00,Parking Area,312,0.12,24.7,65.8,0,1,9,18,19,LOW,0.09
2026-06-13 03:00:00,South Exit,174,0.5,24.7,65.8,0,1,16,4,25,LOW,0.4
2026-06-13 03:00:00,VIP Entrance,62,0.31,24.7,65.8,0,1,13,3,4,LOW,0.2
2026-06-13 03:30:00,Food Court,84,0.1,21.2,82.5,0,1,16,5,5,LOW,0.08
2026-06-13 03:30:00,Main Sanctum,152,0.61,21.2,82.5,0,1,71,7,9,LOW,0.48
2026-06-13 03:30:00,North Entry Gate,198,0.49,21.2,82.5,0,1,59,25,9,LOW,0.35
2026-06-13 03:30:00,Parking Area,228,0.09,21.2,82.5,0,1,8,12,13,LOW,0.06
2026-06-13 03:30:00,South Exit,139,0.4,21.2,82.5,0,1,13,4,21,LOW,0.25
2026-06-13 03:30:00,VIP Entrance,39,0.2,21.2,82.5,0,1,4,2,2,LOW,0.18
2026-06-13 04:00:00,Food Court,63,0.08,22.5,68.9,0,1,13,4,3,LOW,0.04
2026-06-13 04:00:00,Main Sanctum,120,0.48,22.5,68.9,0,1,57,7,6,LOW,0.29
2026-06-13 04:00:00,North Entry Gate,139,0.35,22.5,68.9,0,1,48,16,7,LOW,0.21
2026-06-13 04:00:00,Parking Area,162,0.06,22.5,68.9,0,1,0,7,9,LOW,0.04
2026-06-13 04:00:00,South Exit,87,0.25,22.5,68.9,0,1,8,2,12,LOW,0.15
2026-06-13 04:00:00,VIP Entrance,37,0.18,22.5,68.9,0,1,5,2,2,LOW,0.09
2026-06-13 04:30:00,Food Court,33,0.04,23.0,74.4,0,1,4,2,2,LOW,1.26
2026-06-13 04:30:00,Main Sanctum,73,0.29,23.0,74.4,0,1,40,3,4,LOW,8.07
2026-06-13 04:30:00,North Entry Gate,85,0.21,23.0,74.4,0,1,29,10,5,LOW,5.99
2026-06-13 04:30:00,Parking Area,98,0.04,23.0,74.4,0,1,5,5,5,LOW,1.14
2026-06-13 04:30:00,South Exit,53,0.15,23.0,74.4,0,1,0,1,7,LOW,4.08
2026-06-13 04:30:00,VIP Entrance,18,0.09,23.0,74.4,0,1,2,2,2,LOW,2.8
2026-06-13 05:00:00,Food Court,1010,1.26,25.0,64.0,0,1,209,52,43,LOW,1.68
2026-06-13 05:00:00,Main Sanctum,2017,8.07,25.0,64.0,0,1,997,93,89,CRITICAL,8.52
2026-06-13 05:00:00,North Entry Gate,2394,5.99,25.0,64.0,0,1,1024,299,111,CRITICAL,6.98
2026-06-13 05:00:00,Parking Area,2847,1.14,25.0,64.0,0,1,56,150,169,LOW,1.14
2026-06-13 05:00:00,South Exit,1428,4.08,25.0,64.0,0,1,134,46,210,HIGH,4.92
2026-06-13 05:00:00,VIP Entrance,560,2.8,25.0,64.0,0,1,62,30,29,MODERATE,3.14
2026-06-13 05:30:00,Food Court,1343,1.68,27.0,60.6,0,1,255,65,57,MODERATE,1.54
2026-06-13 05:30:00,Main Sanctum,2131,8.52,27.0,60.6,0,1,1063,111,107,CRITICAL,8.39
2026-06-13 05:30:00,North Entry Gate,2792,6.98,27.0,60.6,0,1,950,355,155,CRITICAL,7.25
2026-06-13 05:30:00,Parking Area,2850,1.14,27.0,60.6,0,1,56,156,169,LOW,1.29
2026-06-13 05:30:00,South Exit,1723,4.92,27.0,60.6,0,1,120,41,238,CRITICAL,5.05
2026-06-13 05:30:00,VIP Entrance,628,3.14,27.0,60.6,0,1,68,33,30,HIGH,3.21
2026-06-13 06:00:00,Food Court,1235,1.54,28.3,61.5,0,1,227,55,66,MODERATE,1.63
2026-06-13 06:00:00,Main Sanctum,2097,8.39,28.3,61.5,0,1,988,106,112,CRITICAL,9.0
2026-06-13 06:00:00,North Entry Gate,2902,7.25,28.3,61.5,0,1,967,339,119,CRITICAL,7.43
2026-06-13 06:00:00,Parking Area,3229,1.29,28.3,61.5,0,1,62,167,154,LOW,1.48
2026-06-13 06:00:00,South Exit,1768,5.05,28.3,61.5,0,1,151,37,231,CRITICAL,6.02
2026-06-13 06:00:00,VIP Entrance,643,3.21,28.3,61.5,0,1,74,30,29,HIGH,2.98
2026-06-13 06:30:00,Food Court,1301,1.63,27.2,60.5,0,1,281,70,74,MODERATE,1.65
2026-06-13 06:30:00,Main Sanctum,2251,9.0,27.2,60.5,0,1,1098,125,132,CRITICAL,11.02
2026-06-13 06:30:00,North Entry Gate,2974,7.43,27.2,60.5,0,1,1030,322,148,CRITICAL,8.03
2026-06-13 06:30:00,Parking Area,3702,1.48,27.2,60.5,0,1,64,219,202,LOW,1.52
2026-06-13 06:30:00,South Exit,2108,6.02,27.2,60.5,0,1,181,47,285,CRITICAL,6.08
2026-06-13 06:30:00,VIP Entrance,595,2.98,27.2,60.5,0,1,66,32,30,MODERATE,4.03
2026-06-13 07:00:00,Food Court,1322,1.65,27.8,57.7,0,1,286,72,78,MODERATE,1.9
2026-06-13 07:00:00,Main Sanctum,2754,11.02,27.8,57.7,0,1,1168,117,162,CRITICAL,10.23
2026-06-13 07:00:00,North Entry Gate,3211,8.03,27.8,57.7,0,1,1135,360,142,CRITICAL,8.27
2026-06-13 07:00:00,Parking Area,3790,1.52,27.8,57.7,0,1,81,156,193,MODERATE,1.51
2026-06-13 07:00:00,South Exit,2128,6.08,27.8,57.7,0,1,172,56,278,CRITICAL,6.83
2026-06-13 07:00:00,VIP Entrance,806,4.03,27.8,57.7,0,1,86,33,36,HIGH,3.56
2026-06-13 07:30:00,Food Court,1516,1.9,30.1,54.5,0,1,334,83,70,MODERATE,2.06
2026-06-13 07:30:00,Main Sanctum,2557,10.23,30.1,54.5,0,1,1299,120,128,CRITICAL,12.46
2026-06-13 07:30:00,North Entry Gate,3309,8.27,30.1,54.5,0,1,1065,423,174,CRITICAL,8.24
2026-06-13 07:30:00,Parking Area,3778,1.51,30.1,54.5,0,1,70,158,192,MODERATE,1.7
2026-06-13 07:30:00,South Exit,2389,6.83,30.1,54.5,0,1,231,72,355,CRITICAL,6.22
2026-06-13 07:30:00,VIP Entrance,711,3.56,30.1,54.5,0,1,80,30,34,HIGH,4.42
2026-06-13 08:00:00,Food Court,1650,2.06,33.1,44.1,0,1,260,91,79,MODERATE,1.99
2026-06-13 08:00:00,Main Sanctum,3114,12.46,33.1,44.1,0,1,1460,146,141,CRITICAL,12.49
2026-06-13 08:00:00,North Entry Gate,3296,8.24,33.1,44.1,0,1,1315,407,180,CRITICAL,9.09
2026-06-13 08:00:00,Parking Area,4251,1.7,33.1,44.1,0,1,84,197,226,MODERATE,1.71
2026-06-13 08:00:00,South Exit,2178,6.22,33.1,44.1,0,1,164,74,319,CRITICAL,6.36
2026-06-13 08:00:00,VIP Entrance,883,4.42,33.1,44.1,0,1,101,48,50,HIGH,4.64
2026-06-13 08:30:00,Food Court,1591,1.99,34.2,35.0,0,1,343,65,67,MODERATE,1.83
2026-06-13 08:30:00,Main Sanctum,3123,12.49,34.2,35.0,0,1,1461,167,152,CRITICAL,11.89
2026-06-13 08:30:00,North Entry Gate,3634,9.09,34.2,35.0,0,1,1246,403,131,CRITICAL,9.91
2026-06-13 08:30:00,Parking Area,4268,1.71,34.2,35.0,0,1,67,228,213,MODERATE,1.83
2026-06-13 08:30:00,South Exit,2227,6.36,34.2,35.0,0,1,142,68,323,CRITICAL,6.41
2026-06-13 08:30:00,VIP Entrance,928,4.64,34.2,35.0,0,1,122,40,38,CRITICAL,4.33
2026-06-13 09:00:00,Food Court,1461,1.83,35.7,33.8,0,1,319,73,68,MODERATE,1.99
2026-06-13 09:00:00,Main Sanctum,2973,11.89,35.7,33.8,0,1,1458,132,163,CRITICAL,10.3
2026-06-13 09:00:00,North Entry Gate,3963,9.91,35.7,33.8,0,1,1537,441,175,CRITICAL,9.14
2026-06-13 09:00:00,Parking Area,4583,1.83,35.7,33.8,0,1,109,184,202,MODERATE,1.58
2026-06-13 09:00:00,South Exit,2244,6.41,35.7,33.8,0,1,180,53,315,CRITICAL,7.4
2026-06-13 09:00:00,VIP Entrance,867,4.33,35.7,33.8,0,1,113,47,36,HIGH,4.09
2026-06-13 09:30:00,Food Court,1592,1.99,34.3,31.9,0,1,295,86,83,MODERATE,1.89
2026-06-13 09:30:00,Main Sanctum,2576,10.3,34.3,31.9,0,1,1347,106,147,CRITICAL,10.28
2026-06-13 09:30:00,North Entry Gate,3657,9.14,34.3,31.9,0,1,1136,445,169,CRITICAL,7.47
2026-06-13 09:30:00,Parking Area,3938,1.58,34.3,31.9,0,1,80,221,192,MODERATE,1.54
2026-06-13 09:30:00,South Exit,2589,7.4,34.3,31.9,0,1,224,66,348,CRITICAL,5.99
2026-06-13 09:30:00,VIP Entrance,819,4.09,34.3,31.9,0,1,103,48,48,HIGH,3.38
2026-06-13 10:00:00,Food Court,1515,1.89,35.9,30.7,0,1,311,70,88,MODERATE,1.75
2026-06-13 10:00:00,Main Sanctum,2571,10.28,35.9,30.7,0,1,1342,131,129,CRITICAL,10.25
2026-06-13 10:00:00,North Entry Gate,2989,7.47,35.9,30.7,0,1,1031,375,140,CRITICAL,7.6
2026-06-13 10:00:00,Parking Area,3861,1.54,35.9,30.7,0,1,83,214,169,MODERATE,1.58
2026-06-13 10:00:00,South Exit,2097,5.99,35.9,30.7,0,1,155,53,269,CRITICAL,5.6
2026-06-13 10:00:00,VIP Entrance,675,3.38,35.9,30.7,0,1,81,39,27,HIGH,4.17
2026-06-13 10:30:00,Food Court,1402,1.75,36.6,31.1,0,1,265,82,73,MODERATE,1.78
2026-06-13 10:30:00,Main Sanctum,2562,10.25,36.6,31.1,0,1,1294,119,138,CRITICAL,10.13
2026-06-13 10:30:00,North Entry Gate,3040,7.6,36.6,31.1,0,1,1025,386,170,CRITICAL,7.74
2026-06-13 10:30:00,Parking Area,3939,1.58,36.6,31.1,0,1,77,234,180,MODERATE,1.3
2026-06-13 10:30:00,South Exit,1961,5.6,36.6,31.1,0,1,173,54,300,CRITICAL,5.01
2026-06-13 10:30:00,VIP Entrance,833,4.17,36.6,31.1,0,1,107,36,50,HIGH,3.64
2026-06-13 11:00:00,Food Court,1423,1.78,35.1,32.9,0,1,256,84,69,MODERATE,1.41
2026-06-13 11:00:00,Main Sanctum,2533,10.13,35.1,32.9,0,1,1343,103,142,CRITICAL,7.67
2026-06-13 11:00:00,North Entry Gate,3095,7.74,35.1,32.9,0,1,927,369,146,CRITICAL,6.11
2026-06-13 11:00:00,Parking Area,3260,1.3,35.1,32.9,0,1,61,165,135,LOW,1.15
2026-06-13 11:00:00,South Exit,1753,5.01,35.1,32.9,0,1,135,48,226,CRITICAL,5.37
2026-06-13 11:00:00,VIP Entrance,728,3.64,35.1,32.9,0,1,83,40,42,HIGH,3.3
2026-06-13 11:30:00,Food Court,1127,1.41,36.4,31.6,0,1,252,58,64,LOW,3.13
2026-06-13 11:30:00,Main Sanctum,1918,7.67,36.4,31.6,0,1,1031,96,107,CRITICAL,5.35
2026-06-13 11:30:00,North Entry Gate,2442,6.11,36.4,31.6,0,1,739,321,111,CRITICAL,4.58
2026-06-13 11:30:00,Parking Area,2876,1.15,36.4,31.6,0,1,56,138,158,LOW,0.85
2026-06-13 11:30:00,South Exit,1878,5.37,36.4,31.6,0,1,149,62,259,CRITICAL,3.79
2026-06-13 11:30:00,VIP Entrance,660,3.3,36.4,31.6,0,1,88,37,34,HIGH,2.19
2026-06-13 12:00:00,Food Court,2503,3.13,36.8,30.0,0,1,455,105,118,HIGH,3.17
2026-06-13 12:00:00,Main Sanctum,1338,5.35,36.8,30.0,0,1,593,78,60,CRITICAL,6.26
2026-06-13 12:00:00,North Entry Gate,1834,4.58,36.8,30.0,0,1,632,207,94,CRITICAL,4.82
2026-06-13 12:00:00,Parking Area,2113,0.85,36.8,30.0,0,1,43,90,93,LOW,0.96
2026-06-13 12:00:00,South Exit,1327,3.79,36.8,30.0,0,1,111,42,177,HIGH,3.23
2026-06-13 12:00:00,VIP Entrance,439,2.19,36.8,30.0,0,1,57,20,26,MODERATE,2.52
2026-06-13 12:30:00,Food Court,2532,3.17,34.8,37.2,0,1,415,131,133,HIGH,3.59
2026-06-13 12:30:00,Main Sanctum,1566,6.26,34.8,37.2,0,1,908,88,89,CRITICAL,5.81
2026-06-13 12:30:00,North Entry Gate,1926,4.82,34.8,37.2,0,1,659,242,106,CRITICAL,4.78
2026-06-13 12:30:00,Parking Area,2403,0.96,34.8,37.2,0,1,53,125,98,LOW,1.05
2026-06-13 12:30:00,South Exit,1129,3.23,34.8,37.2,0,1,75,34,170,HIGH,3.89
2026-06-13 12:30:00,VIP Entrance,503,2.52,34.8,37.2,0,1,68,29,23,MODERATE,1.86
2026-06-13 13:00:00,Food Court,2870,3.59,37.7,30.0,0,1,473,155,137,HIGH,3.35
2026-06-13 13:00:00,Main Sanctum,1452,5.81,37.7,30.0,0,1,635,60,72,CRITICAL,6.35
2026-06-13 13:00:00,North Entry Gate,1912,4.78,37.7,30.0,0,1,679,229,83,CRITICAL,5.79
2026-06-13 13:00:00,Parking Area,2615,1.05,37.7,30.0,0,1,49,119,112,LOW,0.83
2026-06-13 13:00:00,South Exit,1360,3.89,37.7,30.0,0,1,127,31,184,HIGH,3.34
2026-06-13 13:00:00,VIP Entrance,373,1.86,37.7,30.0,0,1,44,15,18,MODERATE,2.48
2026-06-13 13:30:00,Food Court,2681,3.35,35.3,31.3,0,1,557,127,113,HIGH,3.71
2026-06-13 13:30:00,Main Sanctum,1588,6.35,35.3,31.3,0,1,725,78,87,CRITICAL,7.05
2026-06-13 13:30:00,North Entry Gate,2314,5.79,35.3,31.3,0,1,965,292,125,CRITICAL,5.67
2026-06-13 13:30:00,Parking Area,2086,0.83,35.3,31.3,0,1,31,90,118,LOW,0.94
2026-06-13 13:30:00,South Exit,1168,3.34,35.3,31.3,0,1,97,28,170,HIGH,4.42
2026-06-13 13:30:00,VIP Entrance,497,2.48,35.3,31.3,0,1,65,24,23,MODERATE,3.02
2026-06-13 14:00:00,Food Court,2969,3.71,35.0,39.4,0,1,539,162,129,HIGH,3.38
2026-06-13 14:00:00,Main Sanctum,1762,7.05,35.0,39.4,0,1,1070,71,73,CRITICAL,5.98
2026-06-13 14:00:00,North Entry Gate,2270,5.67,35.0,39.4,0,1,728,286,115,CRITICAL,5.21
2026-06-13 14:00:00,Parking Area,2346,0.94,35.0,39.4,0,1,44,132,134,LOW,0.93
2026-06-13 14:00:00,South Exit,1548,4.42,35.0,39.4,0,1,116,38,235,HIGH,4.08
2026-06-13 14:00:00,VIP Entrance,605,3.02,35.0,39.4,0,1,65,25,29,HIGH,2.74
2026-06-13 14:30:00,Food Court,2705,3.38,33.2,38.9,0,1,624,154,148,HIGH,1.16
2026-06-13 14:30:00,Main Sanctum,1495,5.98,33.2,38.9,0,1,822,77,65,CRITICAL,6.96
2026-06-13 14:30:00,North Entry Gate,2085,5.21,33.2,38.9,0,1,642,267,108,CRITICAL,5.08
2026-06-13 14:30:00,Parking Area,2318,0.93,33.2,38.9,0,1,51,128,98,LOW,1.0
2026-06-13 14:30:00,South Exit,1428,4.08,33.2,38.9,0,1,119,40,215,HIGH,4.02
2026-06-13 14:30:00,VIP Entrance,548,2.74,33.2,38.9,0,1,64,25,33,MODERATE,2.56
2026-06-13 15:00:00,Food Court,931,1.16,32.7,43.9,0,1,180,39,53,LOW,1.08
2026-06-13 15:00:00,Main Sanctum,1740,6.96,32.7,43.9,0,1,831,96,81,CRITICAL,6.98
2026-06-13 15:00:00,North Entry Gate,2032,5.08,32.7,43.9,0,1,723,221,71,CRITICAL,4.53
2026-06-13 15:00:00,Parking Area,2506,1.0,32.7,43.9,0,1,56,117,139,LOW,0.95
2026-06-13 15:00:00,South Exit,1407,4.02,32.7,43.9,0,1,103,42,195,HIGH,3.45
2026-06-13 15:00:00,VIP Entrance,513,2.56,32.7,43.9,0,1,61,31,23,MODERATE,2.31
2026-06-13 15:30:00,Food Court,866,1.08,30.2,53.7,0,1,171,36,46,LOW,1.25
2026-06-13 15:30:00,Main Sanctum,1744,6.98,30.2,53.7,0,1,846,96,90,CRITICAL,9.36
2026-06-13 15:30:00,North Entry Gate,1813,4.53,30.2,53.7,0,1,573,210,93,CRITICAL,5.67
2026-06-13 15:30:00,Parking Area,2383,0.95,30.2,53.7,0,1,51,117,130,LOW,1.17
2026-06-13 15:30:00,South Exit,1206,3.45,30.2,53.7,0,1,101,35,157,HIGH,4.33
2026-06-13 15:30:00,VIP Entrance,462,2.31,30.2,53.7,0,1,64,25,27,MODERATE,2.9
2026-06-13 16:00:00,Food Court,997,1.25,32.1,44.2,0,1,181,59,44,LOW,1.46
2026-06-13 16:00:00,Main Sanctum,2339,9.36,32.1,44.2,0,1,1107,115,99,CRITICAL,8.98
2026-06-13 16:00:00,North Entry Gate,2270,5.67,32.1,44.2,0,1,881,276,129,CRITICAL,7.6
2026-06-13 16:00:00,Parking Area,2934,1.17,32.1,44.2,0,1,61,171,152,LOW,1.36
2026-06-13 16:00:00,South Exit,1514,4.33,32.1,44.2,0,1,124,46,227,HIGH,5.88
2026-06-13 16:00:00,VIP Entrance,581,2.9,32.1,44.2,0,1,62,32,32,MODERATE,3.25
2026-06-13 16:30:00,Food Court,1171,1.46,34.1,35.1,0,1,236,58,50,LOW,1.69
2026-06-13 16:30:00,Main Sanctum,2244,8.98,34.1,35.1,0,1,1016,91,95,CRITICAL,12.71
2026-06-13 16:30:00,North Entry Gate,3041,7.6,34.1,35.1,0,1,1049,335,151,CRITICAL,8.03
2026-06-13 16:30:00,Parking Area,3400,1.36,34.1,35.1,0,1,61,196,142,LOW,1.57
2026-06-13 16:30:00,South Exit,2059,5.88,34.1,35.1,0,1,161,54,304,CRITICAL,5.12
2026-06-13 16:30:00,VIP Entrance,651,3.25,34.1,35.1,0,1,71,34,27,HIGH,3.92
2026-06-13 17:00:00,Food Court,1352,1.69,28.8,53.1,0,1,325,64,61,MODERATE,2.06
2026-06-13 17:00:00,Main Sanctum,3178,12.71,28.8,53.1,0,1,1522,184,183,CRITICAL,10.99
2026-06-13 17:00:00,North Entry Gate,3212,8.03,28.8,53.1,0,1,1228,403,153,CRITICAL,7.92
2026-06-13 17:00:00,Parking Area,3917,1.57,28.8,53.1,0,1,82,192,170,MODERATE,1.83
2026-06-13 17:00:00,South Exit,1793,5.12,28.8,53.1,0,1,118,42,234,CRITICAL,6.25
2026-06-13 17:00:00,VIP Entrance,785,3.92,28.8,53.1,0,1,87,36,43,HIGH,3.94
2026-06-13 17:30:00,Food Court,1649,2.06,32.6,45.3,0,1,369,74,86,MODERATE,2.31
2026-06-13 17:30:00,Main Sanctum,2747,10.99,32.6,45.3,0,1,1289,152,114,CRITICAL,12.77
2026-06-13 17:30:00,North Entry Gate,3170,7.92,32.6,45.3,0,1,1245,393,142,CRITICAL,9.04
2026-06-13 17:30:00,Parking Area,4586,1.83,32.6,45.3,0,1,93,186,208,MODERATE,1.81
2026-06-13 17:30:00,South Exit,2188,6.25,32.6,45.3,0,1,155,61,276,CRITICAL,7.05
2026-06-13 17:30:00,VIP Entrance,789,3.94,32.6,45.3,0,1,103,47,40,HIGH,4.86
2026-06-13 18:00:00,Food Court,1847,2.31,29.7,51.5,0,1,409,99,82,MODERATE,2.38
2026-06-13 18:00:00,Main Sanctum,3193,12.77,29.7,51.5,0,1,1321,166,129,CRITICAL,12.0
2026-06-13 18:00:00,North Entry Gate,3616,9.04,29.7,51.5,0,1,1211,474,207,CRITICAL,8.98
2026-06-13 18:00:00,Parking Area,4529,1.81,29.7,51.5,0,1,105,209,196,MODERATE,2.12
2026-06-13 18:00:00,South Exit,2468,7.05,29.7,51.5,0,1,172,59,339,CRITICAL,8.7
2026-06-13 18:00:00,VIP Entrance,971,4.86,29.7,51.5,0,1,119,46,43,CRITICAL,4.95
2026-06-13 18:30:00,Food Court,1907,2.38,26.4,57.2,0,1,380,95,81,MODERATE,6.17
2026-06-13 18:30:00,Main Sanctum,2999,12.0,26.4,57.2,0,1,1266,124,172,CRITICAL,15.08
2026-06-13 18:30:00,North Entry Gate,3591,8.98,26.4,57.2,0,1,1323,410,138,CRITICAL,8.82
2026-06-13 18:30:00,Parking Area,5300,2.12,26.4,57.2,0,1,102,299,283,MODERATE,1.99
2026-06-13 18:30:00,South Exit,3044,8.7,26.4,57.2,0,1,253,89,415,CRITICAL,7.14
2026-06-13 18:30:00,VIP Entrance,990,4.95,26.4,57.2,0,1,112,44,48,CRITICAL,4.79
2026-06-13 19:00:00,Food Court,4932,6.17,26.0,63.8,0,1,1026,278,252,CRITICAL,5.81
2026-06-13 19:00:00,Main Sanctum,3771,15.08,26.0,63.8,0,1,2166,159,184,CRITICAL,12.49
2026-06-13 19:00:00,North Entry Gate,3528,8.82,26.0,63.8,0,1,1290,443,191,CRITICAL,9.69
2026-06-13 19:00:00,Parking Area,4969,1.99,26.0,63.8,0,1,115,218,258,MODERATE,1.69
2026-06-13 19:00:00,South Exit,2500,7.14,26.0,63.8,0,1,189,78,378,CRITICAL,7.99
2026-06-13 19:00:00,VIP Entrance,958,4.79,26.0,63.8,0,1,113,46,44,CRITICAL,4.6
2026-06-13 19:30:00,Food Court,4648,5.81,24.8,67.9,0,1,935,234,191,CRITICAL,5.59
2026-06-13 19:30:00,Main Sanctum,3122,12.49,24.8,67.9,0,1,1405,125,157,CRITICAL,11.96
2026-06-13 19:30:00,North Entry Gate,3874,9.69,24.8,67.9,0,1,1384,489,223,CRITICAL,8.55
2026-06-13 19:30:00,Parking Area,4214,1.69,24.8,67.9,0,1,83,218,209,MODERATE,1.64
2026-06-13 19:30:00,South Exit,2797,7.99,24.8,67.9,0,1,253,65,365,CRITICAL,6.49
2026-06-13 19:30:00,VIP Entrance,920,4.6,24.8,67.9,0,1,119,53,50,CRITICAL,4.53
2026-06-13 20:00:00,Food Court,4472,5.59,26.0,60.9,0,1,823,215,238,CRITICAL,5.56
2026-06-13 20:00:00,Main Sanctum,2990,11.96,26.0,60.9,0,1,1512,159,136,CRITICAL,11.09
2026-06-13 20:00:00,North Entry Gate,3422,8.55,26.0,60.9,0,1,1327,388,149,CRITICAL,9.08
2026-06-13 20:00:00,Parking Area,4109,1.64,26.0,60.9,0,1,90,207,193,MODERATE,1.77
2026-06-13 20:00:00,South Exit,2270,6.49,26.0,60.9,0,1,166,69,344,CRITICAL,5.94
2026-06-13 20:00:00,VIP Entrance,906,4.53,26.0,60.9,0,1,97,38,37,CRITICAL,4.4
2026-06-13 20:30:00,Food Court,4448,5.56,23.8,70.4,0,1,1105,200,192,CRITICAL,4.91
2026-06-13 20:30:00,Main Sanctum,2773,11.09,23.8,70.4,0,1,1535,142,154,CRITICAL,10.38
2026-06-13 20:30:00,North Entry Gate,3631,9.08,23.8,70.4,0,1,1323,462,196,CRITICAL,9.86
2026-06-13 20:30:00,Parking Area,4427,1.77,23.8,70.4,0,1,79,234,202,MODERATE,1.65
2026-06-13 20:30:00,South Exit,2078,5.94,23.8,70.4,0,1,146,61,266,CRITICAL,5.66
2026-06-13 20:30:00,VIP Entrance,880,4.4,23.8,70.4,0,1,108,37,39,HIGH,3.94
2026-06-13 21:00:00,Food Court,3931,4.91,23.8,69.3,0,1,859,213,234,CRITICAL,5.06
2026-06-13 21:00:00,Main Sanctum,2595,10.38,23.8,69.3,0,1,1383,143,137,CRITICAL,9.37
2026-06-13 21:00:00,North Entry Gate,3945,9.86,23.8,69.3,0,1,1610,451,192,CRITICAL,7.14
2026-06-13 21:00:00,Parking Area,4134,1.65,23.8,69.3,0,1,78,216,247,MODERATE,1.12
2026-06-13 21:00:00,South Exit,1981,5.66,23.8,69.3,0,1,158,55,291,CRITICAL,4.81
2026-06-13 21:00:00,VIP Entrance,788,3.94,23.8,69.3,0,1,90,43,36,HIGH,2.85
2026-06-13 21:30:00,Food Court,4047,5.06,22.1,73.1,0,1,913,175,242,CRITICAL,0.22
2026-06-13 21:30:00,Main Sanctum,2342,9.37,22.1,73.1,0,1,1193,118,106,CRITICAL,1.24
2026-06-13 21:30:00,North Entry Gate,2856,7.14,22.1,73.1,0,1,930,343,111,CRITICAL,1.04
2026-06-13 21:30:00,Parking Area,2808,1.12,22.1,73.1,0,1,54,166,137,LOW,0.19
2026-06-13 21:30:00,South Exit,1682,4.81,22.1,73.1,0,1,154,53,245,CRITICAL,0.77
2026-06-13 21:30:00,VIP Entrance,570,2.85,22.1,73.1,0,1,63,33,29,MODERATE,0.47
2026-06-13 22:00:00,Food Court,179,0.22,20.9,73.4,0,1,36,9,8,LOW,0.26
2026-06-13 22:00:00,Main Sanctum,310,1.24,20.9,73.4,0,1,140,14,14,LOW,1.55
2026-06-13 22:00:00,North Entry Gate,417,1.04,20.9,73.4,0,1,153,47,16,LOW,1.22
2026-06-13 22:00:00,Parking Area,475,0.19,20.9,73.4,0,1,12,28,24,LOW,0.19
2026-06-13 22:00:00,South Exit,268,0.77,20.9,73.4,0,1,22,7,36,LOW,0.89
2026-06-13 22:00:00,VIP Entrance,94,0.47,20.9,73.4,0,1,14,5,5,LOW,0.49
2026-06-13 22:30:00,Food Court,211,0.26,21.0,80.2,0,1,42,11,11,LOW,0.26
2026-06-13 22:30:00,Main Sanctum,388,1.55,21.0,80.2,0,1,204,21,22,MODERATE,1.62
2026-06-13 22:30:00,North Entry Gate,486,1.22,21.0,80.2,0,1,156,61,24,LOW,1.24
2026-06-13 22:30:00,Parking Area,474,0.19,21.0,80.2,0,1,9,26,28,LOW,0.28
2026-06-13 22:30:00,South Exit,310,0.89,21.0,80.2,0,1,26,8,40,LOW,1.04
2026-06-13 22:30:00,VIP Entrance,98,0.49,21.0,80.2,0,1,13,5,5,LOW,0.61
2026-06-13 23:00:00,Food Court,210,0.26,19.8,82.9,0,1,43,9,11,LOW,0.33
2026-06-13 23:00:00,Main Sanctum,406,1.62,19.8,82.9,0,1,211,24,21,MODERATE,1.8
2026-06-13 23:00:00,North Entry Gate,494,1.24,19.8,82.9,0,1,182,57,18,LOW,1.25
2026-06-13 23:00:00,Parking Area,708,0.28,19.8,82.9,0,1,15,40,31,LOW,0.25
2026-06-13 23:00:00,South Exit,365,1.04,19.8,82.9,0,1,31,11,49,LOW,0.95
2026-06-13 23:00:00,VIP Entrance,123,0.61,19.8,82.9,0,1,13,5,6,LOW,0.71
2026-06-13 23:30:00,Food Court,262,0.33,18.3,86.9,0,1,45,14,14,LOW,0.3
2026-06-13 23:30:00,Main Sanctum,450,1.8,18.3,86.9,0,1,247,20,25,MODERATE,2.07
2026-06-13 23:30:00,North Entry Gate,498,1.25,18.3,86.9,0,1,165,64,27,LOW,1.35
2026-06-13 23:30:00,Parking Area,620,0.25,18.3,86.9,0,1,8,36,30,LOW,0.25
2026-06-13 23:30:00,South Exit,333,0.95,18.3,86.9,0,1,31,9,48,LOW,1.02
2026-06-13 23:30:00,VIP Entrance,142,0.71,18.3,86.9,0,1,12,7,8,LOW,0.55
2026-06-14 00:00:00,Food Court,242,0.3,21.0,81.6,0,1,45,12,14,LOW,0.3
2026-06-14 00:00:00,Main Sanctum,518,2.07,21.0,81.6,0,1,224,29,21,MODERATE,1.77
2026-06-14 00:00:00,North Entry Gate,541,1.35,21.0,81.6,0,1,209,66,25,LOW,1.05
2026-06-14 00:00:00,Parking Area,617,0.25,21.0,81.6,0,1,12,31,34,LOW,0.28
2026-06-14 00:00:00,South Exit,358,1.02,21.0,81.6,0,1,30,9,53,LOW,1.09
2026-06-14 00:00:00,VIP Entrance,109,0.55,21.0,81.6,0,1,14,5,6,LOW,0.65
2026-06-14 00:30:00,Food Court,243,0.3,18.3,87.9,0,1,43,10,14,LOW,0.27
2026-06-14 00:30:00,Main Sanctum,443,1.77,18.3,87.9,0,1,235,20,21,MODERATE,1.68
2026-06-14 00:30:00,North Entry Gate,421,1.05,18.3,87.9,0,1,131,46,17,LOW,1.32
2026-06-14 00:30:00,Parking Area,698,0.28,18.3,87.9,0,1,13,38,39,LOW,0.28
2026-06-14 00:30:00,South Exit,382,1.09,18.3,87.9,0,1,32,13,56,LOW,0.91
2026-06-14 00:30:00,VIP Entrance,130,0.65,18.3,87.9,0,1,16,7,7,LOW,0.57
2026-06-14 01:00:00,Food Court,217,0.27,19.9,82.4,0,1,41,10,9,LOW,0.25
2026-06-14 01:00:00,Main Sanctum,420,1.68,19.9,82.4,0,1,195,20,24,MODERATE,1.24
2026-06-14 01:00:00,North Entry Gate,529,1.32,19.9,82.4,0,1,158,66,23,LOW,1.17
2026-06-14 01:00:00,Parking Area,701,0.28,19.9,82.4,0,1,15,35,38,LOW,0.21
2026-06-14 01:00:00,South Exit,320,0.91,19.9,82.4,0,1,25,10,46,LOW,0.87
2026-06-14 01:00:00,VIP Entrance,115,0.57,19.9,82.4,0,1,13,7,5,LOW,0.6
2026-06-14 01:30:00,Food Court,200,0.25,20.1,73.1,0,1,35,11,8,LOW,0.2
2026-06-14 01:30:00,Main Sanctum,309,1.24,20.1,73.1,0,1,133,14,14,LOW,1.42
2026-06-14 01:30:00,North Entry Gate,467,1.17,20.1,73.1,0,1,155,55,21,LOW,0.86
2026-06-14 01:30:00,Parking Area,528,0.21,20.1,73.1,0,1,12,31,25,LOW,0.19
2026-06-14 01:30:00,South Exit,304,0.87,20.1,73.1,0,1,21,8,41,LOW,0.85
2026-06-14 01:30:00,VIP Entrance,120,0.6,20.1,73.1,0,1,15,5,6,LOW,0.43
2026-06-14 02:00:00,Food Court,161,0.2,21.8,78.2,0,1,33,8,7,LOW,0.16
2026-06-14 02:00:00,Main Sanctum,354,1.42,21.8,78.2,0,1,169,21,21,LOW,1.02
2026-06-14 02:00:00,North Entry Gate,344,0.86,21.8,78.2,0,1,99,39,16,LOW,0.77
2026-06-14 02:00:00,Parking Area,474,0.19,21.8,78.2,0,1,10,27,21,LOW,0.17
2026-06-14 02:00:00,South Exit,296,0.85,21.8,78.2,0,1,23,10,45,LOW,0.58
2026-06-14 02:00:00,VIP Entrance,87,0.43,21.8,78.2,0,1,12,5,4,LOW,0.43
2026-06-14 02:30:00,Food Court,127,0.16,23.5,69.7,0,1,26,6,7,LOW,0.15
2026-06-14 02:30:00,Main Sanctum,254,1.02,23.5,69.7,0,1,137,13,14,LOW,0.76
2026-06-14 02:30:00,North Entry Gate,309,0.77,23.5,69.7,0,1,108,35,15,LOW,0.69
2026-06-14 02:30:00,Parking Area,428,0.17,23.5,69.7,0,1,9,21,19,LOW,0.11
2026-06-14 02:30:00,South Exit,202,0.58,23.5,69.7,0,1,16,6,28,LOW,0.47
2026-06-14 02:30:00,VIP Entrance,86,0.43,23.5,69.7,0,1,9,4,4,LOW,0.36
2026-06-14 03:00:00,Food Court,124,0.15,23.8,69.5,0,1,23,5,7,LOW,0.1
2026-06-14 03:00:00,Main Sanctum,190,0.76,23.8,69.5,0,1,89,8,11,LOW,0.67
2026-06-14 03:00:00,North Entry Gate,275,0.69,23.8,69.5,0,1,80,35,12,LOW,0.44
2026-06-14 03:00:00,Parking Area,284,0.11,23.8,69.5,0,1,5,14,14,LOW,0.1
2026-06-14 03:00:00,South Exit,166,0.47,23.8,69.5,0,1,15,4,22,LOW,0.37
2026-06-14 03:00:00,VIP Entrance,72,0.36,23.8,69.5,0,1,9,3,4,LOW,0.23
2026-06-14 03:30:00,Food Court,78,0.1,23.9,69.3,0,1,15,4,4,LOW,0.07
2026-06-14 03:30:00,Main Sanctum,168,0.67,23.9,69.3,0,1,88,9,7,LOW,0.45
2026-06-14 03:30:00,North Entry Gate,177,0.44,23.9,69.3,0,1,69,20,9,LOW,0.33
2026-06-14 03:30:00,Parking Area,255,0.1,23.9,69.3,0,1,3,11,13,LOW,0.06
2026-06-14 03:30:00,South Exit,131,0.37,23.9,69.3,0,1,9,4,18,LOW,0.24
2026-06-14 03:30:00,VIP Entrance,47,0.23,23.9,69.3,0,1,7,2,2,LOW,0.17
2026-06-14 04:00:00,Food Court,58,0.07,23.2,72.7,0,1,12,3,3,LOW,0.04
2026-06-14 04:00:00,Main Sanctum,112,0.45,23.2,72.7,0,1,53,6,6,LOW,0.21
2026-06-14 04:00:00,North Entry Gate,130,0.33,23.2,72.7,0,1,48,16,5,LOW,0.18
2026-06-14 04:00:00,Parking Area,150,0.06,23.2,72.7,0,1,4,7,7,LOW,0.04
2026-06-14 04:00:00,South Exit,83,0.24,23.2,72.7,0,1,8,2,12,LOW,0.14
2026-06-14 04:00:00,VIP Entrance,33,0.17,23.2,72.7,0,1,6,2,2,LOW,0.1
2026-06-14 04:30:00,Food Court,35,0.04,24.7,69.3,0,1,12,2,2,LOW,1.38
2026-06-14 04:30:00,Main Sanctum,52,0.21,24.7,69.3,0,1,26,3,3,LOW,8.38
2026-06-14 04:30:00,North Entry Gate,73,0.18,24.7,69.3,0,1,24,9,4,LOW,5.61
2026-06-14 04:30:00,Parking Area,96,0.04,24.7,69.3,0,1,2,4,5,LOW,1.09
2026-06-14 04:30:00,South Exit,50,0.14,24.7,69.3,0,1,3,1,7,LOW,4.07
2026-06-14 04:30:00,VIP Entrance,19,0.1,24.7,69.3,0,1,3,2,2,LOW,2.86
2026-06-14 05:00:00,Food Court,1107,1.38,25.5,65.4,0,1,234,54,57,LOW,1.33
2026-06-14 05:00:00,Main Sanctum,2095,8.38,25.5,65.4,0,1,1069,114,124,CRITICAL,7.61
2026-06-14 05:00:00,North Entry Gate,2245,5.61,25.5,65.4,0,1,813,244,95,CRITICAL,5.72
2026-06-14 05:00:00,Parking Area,2733,1.09,25.5,65.4,0,1,53,142,117,LOW,1.19
2026-06-14 05:00:00,South Exit,1423,4.07,25.5,65.4,0,1,125,44,205,HIGH,4.79
2026-06-14 05:00:00,VIP Entrance,572,2.86,25.5,65.4,0,1,74,25,27,MODERATE,2.86
2026-06-14 05:30:00,Food Court,1066,1.33,26.4,62.2,0,1,198,43,56,LOW,1.5
2026-06-14 05:30:00,Main Sanctum,1903,7.61,26.4,62.2,0,1,1092,89,112,CRITICAL,10.5
2026-06-14 05:30:00,North Entry Gate,2288,5.72,26.4,62.2,0,1,809,281,135,CRITICAL,6.43
2026-06-14 05:30:00,Parking Area,2981,1.19,26.4,62.2,0,1,57,138,145,LOW,1.29
2026-06-14 05:30:00,South Exit,1678,4.79,26.4,62.2,0,1,149,49,228,CRITICAL,5.09
2026-06-14 05:30:00,VIP Entrance,572,2.86,26.4,62.2,0,1,72,34,28,MODERATE,3.96
2026-06-14 06:00:00,Food Court,1203,1.5,27.5,58.2,0,1,237,51,54,MODERATE,1.79
2026-06-14 06:00:00,Main Sanctum,2624,10.5,27.5,58.2,0,1,1327,146,155,CRITICAL,9.97
2026-06-14 06:00:00,North Entry Gate,2571,6.43,27.5,58.2,0,1,957,281,118,CRITICAL,7.79
2026-06-14 06:00:00,Parking Area,3224,1.29,27.5,58.2,0,1,63,158,165,LOW,1.73
2026-06-14 06:00:00,South Exit,1782,5.09,27.5,58.2,0,1,147,39,228,CRITICAL,5.72
2026-06-14 06:00:00,VIP Entrance,792,3.96,27.5,58.2,0,1,90,34,43,HIGH,3.4
2026-06-14 06:30:00,Food Court,1431,1.79,28.5,44.4,0,1,261,66,77,MODERATE,1.78
2026-06-14 06:30:00,Main Sanctum,2493,9.97,28.5,44.4,0,1,1313,130,144,CRITICAL,9.88
2026-06-14 06:30:00,North Entry Gate,3118,7.79,28.5,44.4,0,1,1193,340,133,CRITICAL,8.31
2026-06-14 06:30:00,Parking Area,4319,1.73,28.5,44.4,0,1,86,257,247,MODERATE,1.7
2026-06-14 06:30:00,South Exit,2001,5.72,28.5,44.4,0,1,181,46,267,CRITICAL,6.33
2026-06-14 06:30:00,VIP Entrance,681,3.4,28.5,44.4,0,1,89,30,29,HIGH,4.04
2026-06-14 07:00:00,Food Court,1428,1.78,29.5,50.6,0,1,244,79,84,MODERATE,1.91
2026-06-14 07:00:00,Main Sanctum,2470,9.88,29.5,50.6,0,1,1378,115,135,CRITICAL,11.64
2026-06-14 07:00:00,North Entry Gate,3325,8.31,29.5,50.6,0,1,1130,386,135,CRITICAL,8.38
2026-06-14 07:00:00,Parking Area,4253,1.7,29.5,50.6,0,1,81,219,183,MODERATE,1.6
2026-06-14 07:00:00,South Exit,2217,6.33,29.5,50.6,0,1,173,64,314,CRITICAL,6.3
2026-06-14 07:00:00,VIP Entrance,809,4.04,29.5,50.6,0,1,118,36,43,HIGH,4.75
2026-06-14 07:30:00,Food Court,1525,1.91,32.2,40.6,0,1,248,79,75,MODERATE,1.64
2026-06-14 07:30:00,Main Sanctum,2910,11.64,32.2,40.6,0,1,1217,172,134,CRITICAL,11.14
2026-06-14 07:30:00,North Entry Gate,3354,8.38,32.2,40.6,0,1,1218,375,126,CRITICAL,7.04
2026-06-14 07:30:00,Parking Area,4007,1.6,32.2,40.6,0,1,76,197,224,MODERATE,1.9
2026-06-14 07:30:00,South Exit,2206,6.3,32.2,40.6,0,1,142,65,335,CRITICAL,6.41
2026-06-14 07:30:00,VIP Entrance,951,4.75,32.2,40.6,0,1,120,50,57,CRITICAL,3.85
2026-06-14 08:00:00,Food Court,1308,1.64,30.7,51.5,0,1,229,78,68,MODERATE,1.94
2026-06-14 08:00:00,Main Sanctum,2786,11.14,30.7,51.5,0,1,1502,128,117,CRITICAL,11.55
2026-06-14 08:00:00,North Entry Gate,2818,7.04,30.7,51.5,0,1,855,329,124,CRITICAL,9.48
2026-06-14 08:00:00,Parking Area,4753,1.9,30.7,51.5,0,1,91,231,257,MODERATE,1.82
2026-06-14 08:00:00,South Exit,2243,6.41,30.7,51.5,0,1,196,74,319,CRITICAL,6.84
2026-06-14 08:00:00,VIP Entrance,769,3.85,30.7,51.5,0,1,85,31,42,HIGH,4.45
2026-06-14 08:30:00,Food Court,1553,1.94,32.0,45.9,0,1,303,69,66,MODERATE,2.12
2026-06-14 08:30:00,Main Sanctum,2887,11.55,32.0,45.9,0,1,1664,167,150,CRITICAL,11.57
2026-06-14 08:30:00,North Entry Gate,3794,9.48,32.0,45.9,0,1,1268,443,168,CRITICAL,9.34
2026-06-14 08:30:00,Parking Area,4559,1.82,32.0,45.9,0,1,81,195,209,MODERATE,1.79
2026-06-14 08:30:00,South Exit,2395,6.84,32.0,45.9,0,1,162,56,302,CRITICAL,6.25
2026-06-14 08:30:00,VIP Entrance,889,4.45,32.0,45.9,0,1,104,48,44,HIGH,3.48
2026-06-14 09:00:00,Food Court,1697,2.12,31.8,43.2,0,1,352,88,89,MODERATE,1.77
2026-06-14 09:00:00,Main Sanctum,2893,11.57,31.8,43.2,0,1,1443,118,154,CRITICAL,10.8
2026-06-14 09:00:00,North Entry Gate,3736,9.34,31.8,43.2,0,1,1242,460,219,CRITICAL,8.11
2026-06-14 09:00:00,Parking Area,4478,1.79,31.8,43.2,0,1,108,214,195,MODERATE,1.61
2026-06-14 09:00:00,South Exit,2187,6.25,31.8,43.2,0,1,168,57,311,CRITICAL,6.93
2026-06-14 09:00:00,VIP Entrance,695,3.48,31.8,43.2,0,1,86,34,42,HIGH,3.98
2026-06-14 09:30:00,Food Court,1418,1.77,36.0,30.9,0,1,299,63,73,MODERATE,1.7
2026-06-14 09:30:00,Main Sanctum,2700,10.8,36.0,30.9,0,1,1630,145,126,CRITICAL,11.77
2026-06-14 09:30:00,North Entry Gate,3243,8.11,36.0,30.9,0,1,1312,386,154,CRITICAL,7.6
2026-06-14 09:30:00,Parking Area,4022,1.61,36.0,30.9,0,1,75,198,225,MODERATE,1.58
2026-06-14 09:30:00,South Exit,2426,6.93,36.0,30.9,0,1,189,78,328,CRITICAL,5.44
2026-06-14 09:30:00,VIP Entrance,797,3.98,36.0,30.9,0,1,79,40,41,HIGH,3.71
2026-06-14 10:00:00,Food Court,1361,1.7,34.0,36.8,0,1,223,64,73,MODERATE,1.78
2026-06-14 10:00:00,Main Sanctum,2943,11.77,34.0,36.8,0,1,1486,125,124,CRITICAL,9.47
2026-06-14 10:00:00,North Entry Gate,3040,7.6,34.0,36.8,0,1,1011,357,119,CRITICAL,6.53
2026-06-14 10:00:00,Parking Area,3957,1.58,34.0,36.8,0,1,100,183,187,MODERATE,1.54
2026-06-14 10:00:00,South Exit,1905,5.44,34.0,36.8,0,1,135,51,245,CRITICAL,5.55
2026-06-14 10:00:00,VIP Entrance,741,3.71,34.0,36.8,0,1,77,36,30,HIGH,4.0
2026-06-14 10:30:00,Food Court,1428,1.78,36.2,30.2,0,1,257,62,73,MODERATE,1.58
2026-06-14 10:30:00,Main Sanctum,2367,9.47,36.2,30.2,0,1,970,134,103,CRITICAL,10.3
2026-06-14 10:30:00,North Entry Gate,2613,6.53,36.2,30.2,0,1,910,286,133,CRITICAL,6.81
2026-06-14 10:30:00,Parking Area,3842,1.54,36.2,30.2,0,1,83,189,198,MODERATE,1.22
2026-06-14 10:30:00,South Exit,1943,5.55,36.2,30.2,0,1,165,60,277,CRITICAL,5.08
2026-06-14 10:30:00,VIP Entrance,801,4.0,36.2,30.2,0,1,99,39,44,HIGH,3.54
2026-06-14 11:00:00,Food Court,1266,1.58,36.3,30.0,0,1,285,51,76,MODERATE,1.34
2026-06-14 11:00:00,Main Sanctum,2576,10.3,36.3,30.0,0,1,1381,118,135,CRITICAL,9.36
2026-06-14 11:00:00,North Entry Gate,2723,6.81,36.3,30.0,0,1,925,328,136,CRITICAL,5.93
2026-06-14 11:00:00,Parking Area,3039,1.22,36.3,30.0,0,1,61,155,143,LOW,1.11
2026-06-14 11:00:00,South Exit,1777,5.08,36.3,30.0,0,1,133,50,227,CRITICAL,4.95
2026-06-14 11:00:00,VIP Entrance,709,3.54,36.3,30.0,0,1,81,35,32,HIGH,3.07
2026-06-14 11:30:00,Food Court,1070,1.34,37.5,30.0,0,1,180,56,60,LOW,3.12
2026-06-14 11:30:00,Main Sanctum,2339,9.36,37.5,30.0,0,1,1004,94,116,CRITICAL,6.39
2026-06-14 11:30:00,North Entry Gate,2373,5.93,37.5,30.0,0,1,861,305,110,CRITICAL,4.5
2026-06-14 11:30:00,Parking Area,2768,1.11,37.5,30.0,0,1,56,158,151,LOW,0.8
2026-06-14 11:30:00,South Exit,1731,4.95,37.5,30.0,0,1,148,50,237,CRITICAL,3.2
2026-06-14 11:30:00,VIP Entrance,614,3.07,37.5,30.0,0,1,58,34,27,HIGH,2.13
2026-06-14 12:00:00,Food Court,2492,3.12,35.7,33.0,0,1,548,105,104,HIGH,3.08
2026-06-14 12:00:00,Main Sanctum,1597,6.39,35.7,33.0,0,1,743,83,66,CRITICAL,6.18
2026-06-14 12:00:00,North Entry Gate,1801,4.5,35.7,33.0,0,1,543,213,100,CRITICAL,4.25
2026-06-14 12:00:00,Parking Area,2008,0.8,35.7,33.0,0,1,41,104,97,LOW,0.85
2026-06-14 12:00:00,South Exit,1121,3.2,35.7,33.0,0,1,82,33,159,HIGH,3.8
2026-06-14 12:00:00,VIP Entrance,426,2.13,35.7,33.0,0,1,57,21,24,MODERATE,2.35
2026-06-14 12:30:00,Food Court,2461,3.08,34.8,38.8,0,1,498,138,139,HIGH,2.58
2026-06-14 12:30:00,Main Sanctum,1545,6.18,34.8,38.8,0,1,916,91,84,CRITICAL,6.57
2026-06-14 12:30:00,North Entry Gate,1701,4.25,34.8,38.8,0,1,621,192,62,HIGH,4.5
2026-06-14 12:30:00,Parking Area,2132,0.85,34.8,38.8,0,1,39,124,87,LOW,0.96
2026-06-14 12:30:00,South Exit,1329,3.8,34.8,38.8,0,1,106,40,177,HIGH,3.62
2026-06-14 12:30:00,VIP Entrance,469,2.35,34.8,38.8,0,1,50,21,24,MODERATE,2.21
2026-06-14 13:00:00,Food Court,2067,2.58,33.9,36.7,0,1,429,90,90,MODERATE,3.19
2026-06-14 13:00:00,Main Sanctum,1642,6.57,33.9,36.7,0,1,858,77,72,CRITICAL,6.68
2026-06-14 13:00:00,North Entry Gate,1801,4.5,33.9,36.7,0,1,633,226,101,CRITICAL,5.81
2026-06-14 13:00:00,Parking Area,2411,0.96,33.9,36.7,0,1,47,110,101,LOW,0.94
2026-06-14 13:00:00,South Exit,1266,3.62,33.9,36.7,0,1,91,32,194,HIGH,3.72
2026-06-14 13:00:00,VIP Entrance,441,2.21,33.9,36.7,0,1,61,18,26,MODERATE,2.94
2026-06-14 13:30:00,Food Court,2550,3.19,32.0,44.9,0,1,548,141,109,HIGH,3.2
2026-06-14 13:30:00,Main Sanctum,1669,6.68,32.0,44.9,0,1,784,94,97,CRITICAL,6.67
2026-06-14 13:30:00,North Entry Gate,2325,5.81,32.0,44.9,0,1,678,301,116,CRITICAL,5.39
2026-06-14 13:30:00,Parking Area,2348,0.94,32.0,44.9,0,1,44,99,112,LOW,1.03
2026-06-14 13:30:00,South Exit,1301,3.72,32.0,44.9,0,1,107,38,183,HIGH,3.99
2026-06-14 13:30:00,VIP Entrance,589,2.94,32.0,44.9,0,1,67,25,31,MODERATE,2.46
2026-06-14 14:00:00,Food Court,2559,3.2,35.1,36.9,0,1,530,124,150,HIGH,3.67
2026-06-14 14:00:00,Main Sanctum,1668,6.67,35.1,36.9,0,1,854,68,76,CRITICAL,6.82
2026-06-14 14:00:00,North Entry Gate,2157,5.39,35.1,36.9,0,1,853,259,118,CRITICAL,5.57
2026-06-14 14:00:00,Parking Area,2564,1.03,35.1,36.9,0,1,55,118,147,LOW,1.03
2026-06-14 14:00:00,South Exit,1398,3.99,35.1,36.9,0,1,117,32,187,HIGH,3.76
2026-06-14 14:00:00,VIP Entrance,492,2.46,35.1,36.9,0,1,56,25,27,MODERATE,2.9
2026-06-14 14:30:00,Food Court,2936,3.67,35.3,31.1,0,1,616,130,124,HIGH,1.18
2026-06-14 14:30:00,Main Sanctum,1704,6.82,35.3,31.1,0,1,904,80,91,CRITICAL,6.72
2026-06-14 14:30:00,North Entry Gate,2229,5.57,35.3,31.1,0,1,717,277,121,CRITICAL,4.66
2026-06-14 14:30:00,Parking Area,2581,1.03,35.3,31.1,0,1,54,106,155,LOW,0.99
2026-06-14 14:30:00,South Exit,1317,3.76,35.3,31.1,0,1,111,32,197,HIGH,3.85
2026-06-14 14:30:00,VIP Entrance,580,2.9,35.3,31.1,0,1,70,31,31,MODERATE,2.28
2026-06-14 15:00:00,Food Court,945,1.18,34.2,37.3,0,1,167,47,44,LOW,1.12
2026-06-14 15:00:00,Main Sanctum,1680,6.72,34.2,37.3,0,1,852,77,74,CRITICAL,6.25
2026-06-14 15:00:00,North Entry Gate,1862,4.66,34.2,37.3,0,1,700,231,88,CRITICAL,4.87
2026-06-14 15:00:00,Parking Area,2482,0.99,34.2,37.3,0,1,45,101,107,LOW,1.0
2026-06-14 15:00:00,South Exit,1348,3.85,34.2,37.3,0,1,109,38,202,HIGH,3.71
2026-06-14 15:00:00,VIP Entrance,456,2.28,34.2,37.3,0,1,56,25,25,MODERATE,2.22
2026-06-14 15:30:00,Food Court,893,1.12,31.0,45.0,0,1,184,52,53,LOW,1.42
2026-06-14 15:30:00,Main Sanctum,1563,6.25,31.0,45.0,0,1,708,89,72,CRITICAL,8.49
2026-06-14 15:30:00,North Entry Gate,1948,4.87,31.0,45.0,0,1,591,234,77,CRITICAL,5.74
2026-06-14 15:30:00,Parking Area,2495,1.0,31.0,45.0,0,1,53,149,140,LOW,1.16
2026-06-14 15:30:00,South Exit,1299,3.71,31.0,45.0,0,1,101,37,175,HIGH,4.94
2026-06-14 15:30:00,VIP Entrance,444,2.22,31.0,45.0,0,1,56,24,18,MODERATE,2.7
2026-06-14 16:00:00,Food Court,1134,1.42,33.2,45.2,0,1,229,63,53,LOW,1.49
2026-06-14 16:00:00,Main Sanctum,2122,8.49,33.2,45.2,0,1,1241,89,109,CRITICAL,9.45
2026-06-14 16:00:00,North Entry Gate,2294,5.74,33.2,45.2,0,1,775,300,112,CRITICAL,7.54
2026-06-14 16:00:00,Parking Area,2894,1.16,33.2,45.2,0,1,54,155,132,LOW,1.48
2026-06-14 16:00:00,South Exit,1728,4.94,33.2,45.2,0,1,143,41,221,CRITICAL,5.58
2026-06-14 16:00:00,VIP Entrance,540,2.7,33.2,45.2,0,1,64,22,25,MODERATE,3.44
2026-06-14 16:30:00,Food Court,1189,1.49,30.2,54.1,0,1,229,65,71,LOW,1.9
2026-06-14 16:30:00,Main Sanctum,2363,9.45,30.2,54.1,0,1,1104,97,125,CRITICAL,11.39
2026-06-14 16:30:00,North Entry Gate,3016,7.54,30.2,54.1,0,1,845,394,186,CRITICAL,7.83
2026-06-14 16:30:00,Parking Area,3702,1.48,30.2,54.1,0,1,77,205,191,LOW,1.57
2026-06-14 16:30:00,South Exit,1953,5.58,30.2,54.1,0,1,175,57,273,CRITICAL,5.76
2026-06-14 16:30:00,VIP Entrance,689,3.44,30.2,54.1,0,1,75,28,38,HIGH,4.21
2026-06-14 17:00:00,Food Court,1518,1.9,29.0,50.0,0,1,311,91,87,MODERATE,2.33
2026-06-14 17:00:00,Main Sanctum,2848,11.39,29.0,50.0,0,1,1129,144,149,CRITICAL,10.84
2026-06-14 17:00:00,North Entry Gate,3132,7.83,29.0,50.0,0,1,1168,369,172,CRITICAL,8.31
2026-06-14 17:00:00,Parking Area,3930,1.57,29.0,50.0,0,1,86,234,235,MODERATE,1.66
2026-06-14 17:00:00,South Exit,2016,5.76,29.0,50.0,0,1,169,54,273,CRITICAL,7.27
2026-06-14 17:00:00,VIP Entrance,843,4.21,29.0,50.0,0,1,106,35,44,HIGH,4.44
2026-06-14 17:30:00,Food Court,1864,2.33,28.2,56.6,0,1,419,89,92,MODERATE,1.97
2026-06-14 17:30:00,Main Sanctum,2710,10.84,28.2,56.6,0,1,1166,161,155,CRITICAL,12.23
2026-06-14 17:30:00,North Entry Gate,3325,8.31,28.2,56.6,0,1,1134,430,182,CRITICAL,10.29
2026-06-14 17:30:00,Parking Area,4158,1.66,28.2,56.6,0,1,88,220,199,MODERATE,1.65
2026-06-14 17:30:00,South Exit,2543,7.27,28.2,56.6,0,1,184,86,371,CRITICAL,6.78
2026-06-14 17:30:00,VIP Entrance,888,4.44,28.2,56.6,0,1,93,49,43,HIGH,4.95
2026-06-14 18:00:00,Food Court,1579,1.97,28.1,58.9,0,1,317,78,70,MODERATE,2.18
2026-06-14 18:00:00,Main Sanctum,3058,12.23,28.1,58.9,0,1,1666,149,148,CRITICAL,14.25
2026-06-14 18:00:00,North Entry Gate,4115,10.29,28.1,58.9,0,1,1690,448,159,CRITICAL,11.18
2026-06-14 18:00:00,Parking Area,4132,1.65,28.1,58.9,0,1,83,233,226,MODERATE,1.61
2026-06-14 18:00:00,South Exit,2372,6.78,28.1,58.9,0,1,206,66,356,CRITICAL,8.57
2026-06-14 18:00:00,VIP Entrance,989,4.95,28.1,58.9,0,1,116,55,44,CRITICAL,5.36
2026-06-14 18:30:00,Food Court,1746,2.18,25.2,66.9,0,1,305,91,74,MODERATE,6.21
2026-06-14 18:30:00,Main Sanctum,3563,14.25,25.2,66.9,0,1,1824,159,205,CRITICAL,12.4
2026-06-14 18:30:00,North Entry Gate,4472,11.18,25.2,66.9,0,1,1905,580,245,CRITICAL,9.25
2026-06-14 18:30:00,Parking Area,4024,1.61,25.2,66.9,0,1,68,224,184,MODERATE,1.87
2026-06-14 18:30:00,South Exit,2998,8.57,25.2,66.9,0,1,257,71,385,CRITICAL,7.47
2026-06-14 18:30:00,VIP Entrance,1072,5.36,25.2,66.9,0,1,114,47,61,CRITICAL,4.39
2026-06-14 19:00:00,Food Court,4968,6.21,25.9,62.5,0,1,914,251,211,CRITICAL,6.74
2026-06-14 19:00:00,Main Sanctum,3100,12.4,25.9,62.5,0,1,1703,143,172,CRITICAL,14.03
2026-06-14 19:00:00,North Entry Gate,3700,9.25,25.9,62.5,0,1,1143,421,191,CRITICAL,8.44
2026-06-14 19:00:00,Parking Area,4663,1.87,25.9,62.5,0,1,90,249,225,MODERATE,1.95
2026-06-14 19:00:00,South Exit,2613,7.47,25.9,62.5,0,1,228,76,397,CRITICAL,7.32
2026-06-14 19:00:00,VIP Entrance,879,4.39,25.9,62.5,0,1,98,47,50,HIGH,4.84
2026-06-14 19:30:00,Food Court,5395,6.74,25.5,67.4,0,1,1206,234,263,CRITICAL,5.26
2026-06-14 19:30:00,Main Sanctum,3508,14.03,25.5,67.4,0,1,1472,189,182,CRITICAL,12.99
2026-06-14 19:30:00,North Entry Gate,3374,8.44,25.5,67.4,0,1,1266,434,174,CRITICAL,8.61
2026-06-14 19:30:00,Parking Area,4871,1.95,25.5,67.4,0,1,78,203,217,MODERATE,1.64
2026-06-14 19:30:00,South Exit,2563,7.32,25.5,67.4,0,1,219,80,386,CRITICAL,7.02
2026-06-14 19:30:00,VIP Entrance,968,4.84,25.5,67.4,0,1,107,50,48,CRITICAL,4.66
2026-06-14 20:00:00,Food Court,4212,5.26,25.3,61.4,0,1,794,191,170,CRITICAL,5.82
2026-06-14 20:00:00,Main Sanctum,3248,12.99,25.3,61.4,0,1,1760,139,136,CRITICAL,11.52
2026-06-14 20:00:00,North Entry Gate,3444,8.61,25.3,61.4,0,1,1017,439,194,CRITICAL,8.3
2026-06-14 20:00:00,Parking Area,4093,1.64,25.3,61.4,0,1,77,218,238,MODERATE,1.6
2026-06-14 20:00:00,South Exit,2456,7.02,25.3,61.4,0,1,200,74,356,CRITICAL,6.0
2026-06-14 20:00:00,VIP Entrance,932,4.66,25.3,61.4,0,1,112,52,54,CRITICAL,4.3
2026-06-14 20:30:00,Food Court,4653,5.82,23.3,69.2,0,1,682,251,230,CRITICAL,5.15
2026-06-14 20:30:00,Main Sanctum,2881,11.52,23.3,69.2,0,1,1471,134,144,CRITICAL,10.15
2026-06-14 20:30:00,North Entry Gate,3322,8.3,23.3,69.2,0,1,1435,438,171,CRITICAL,7.41
2026-06-14 20:30:00,Parking Area,3991,1.6,23.3,69.2,0,1,87,189,209,MODERATE,1.62
2026-06-14 20:30:00,South Exit,2100,6.0,23.3,69.2,0,1,163,66,286,CRITICAL,5.76
2026-06-14 20:30:00,VIP Entrance,861,4.3,23.3,69.2,0,1,89,41,39,HIGH,3.48
2026-06-14 21:00:00,Food Court,4123,5.15,20.7,75.3,0,1,801,165,243,CRITICAL,5.55
2026-06-14 21:00:00,Main Sanctum,2537,10.15,20.7,75.3,0,1,1528,102,119,CRITICAL,9.84
2026-06-14 21:00:00,North Entry Gate,2964,7.41,20.7,75.3,0,1,841,383,168,CRITICAL,7.12
2026-06-14 21:00:00,Parking Area,4056,1.62,20.7,75.3,0,1,75,168,211,MODERATE,1.27
2026-06-14 21:00:00,South Exit,2016,5.76,20.7,75.3,0,1,181,50,286,CRITICAL,4.94
2026-06-14 21:00:00,VIP Entrance,695,3.48,20.7,75.3,0,1,88,31,40,HIGH,3.02
2026-06-14 21:30:00,Food Court,4440,5.55,21.8,76.9,0,1,750,238,183,CRITICAL,0.23
2026-06-14 21:30:00,Main Sanctum,2459,9.84,21.8,76.9,0,1,1220,137,105,CRITICAL,1.38
2026-06-14 21:30:00,North Entry Gate,2850,7.12,21.8,76.9,0,1,906,335,117,CRITICAL,0.92
2026-06-14 21:30:00,Parking Area,3163,1.27,21.8,76.9,0,1,69,127,148,LOW,0.18
2026-06-14 21:30:00,South Exit,1728,4.94,21.8,76.9,0,1,121,42,224,CRITICAL,0.74
2026-06-14 21:30:00,VIP Entrance,603,3.02,21.8,76.9,0,1,71,36,28,HIGH,0.44
2026-06-14 22:00:00,Food Court,180,0.23,19.8,78.9,0,1,31,8,9,LOW,0.27
2026-06-14 22:00:00,Main Sanctum,345,1.38,19.8,78.9,0,1,142,19,17,LOW,1.42
2026-06-14 22:00:00,North Entry Gate,367,0.92,19.8,78.9,0,1,121,45,20,LOW,1.04
2026-06-14 22:00:00,Parking Area,460,0.18,19.8,78.9,0,1,11,27,26,LOW,0.18
2026-06-14 22:00:00,South Exit,259,0.74,19.8,78.9,0,1,20,8,38,LOW,0.87
2026-06-14 22:00:00,VIP Entrance,88,0.44,19.8,78.9,0,1,13,5,4,LOW,0.51
2026-06-14 22:30:00,Food Court,218,0.27,19.3,81.6,0,1,43,9,12,LOW,0.23
2026-06-14 22:30:00,Main Sanctum,354,1.42,19.3,81.6,0,1,139,17,17,LOW,1.49
2026-06-14 22:30:00,North Entry Gate,415,1.04,19.3,81.6,0,1,165,53,18,LOW,1.07
2026-06-14 22:30:00,Parking Area,460,0.18,19.3,81.6,0,1,12,24,26,LOW,0.25
2026-06-14 22:30:00,South Exit,303,0.87,19.3,81.6,0,1,24,9,40,LOW,0.88
2026-06-14 22:30:00,VIP Entrance,102,0.51,19.3,81.6,0,1,9,5,5,LOW,0.59
2026-06-14 23:00:00,Food Court,185,0.23,18.6,86.1,0,1,35,11,10,LOW,0.28
2026-06-14 23:00:00,Main Sanctum,372,1.49,18.6,86.1,0,1,174,21,21,LOW,1.79
2026-06-14 23:00:00,North Entry Gate,428,1.07,18.6,86.1,0,1,136,53,21,LOW,1.41
2026-06-14 23:00:00,Parking Area,623,0.25,18.6,86.1,0,1,12,36,35,LOW,0.25
2026-06-14 23:00:00,South Exit,307,0.88,18.6,86.1,0,1,23,9,41,LOW,0.94
2026-06-14 23:00:00,VIP Entrance,119,0.59,18.6,86.1,0,1,11,7,7,LOW,0.66
2026-06-14 23:30:00,Food Court,225,0.28,18.0,88.1,0,1,44,9,13,LOW,0.21
2026-06-14 23:30:00,Main Sanctum,448,1.79,18.0,88.1,0,1,214,24,23,MODERATE,1.23
2026-06-14 23:30:00,North Entry Gate,564,1.41,18.0,88.1,0,1,214,61,25,LOW,0.87
2026-06-14 23:30:00,Parking Area,629,0.25,18.0,88.1,0,1,15,27,30,LOW,0.14
2026-06-14 23:30:00,South Exit,329,0.94,18.0,88.1,0,1,28,9,49,LOW,0.67
2026-06-14 23:30:00,VIP Entrance,131,0.66,18.0,88.1,0,1,16,5,7,LOW,0.46
2026-06-15 00:00:00,Food Court,170,0.21,19.3,79.4,0,0,35,7,9,LOW,0.21
2026-06-15 00:00:00,Main Sanctum,307,1.23,19.3,79.4,0,0,163,18,13,LOW,1.18
2026-06-15 00:00:00,North Entry Gate,348,0.87,19.3,79.4,0,0,126,43,17,LOW,0.97
2026-06-15 00:00:00,Parking Area,356,0.14,19.3,79.4,0,0,11,16,20,LOW,0.17
2026-06-15 00:00:00,South Exit,236,0.67,19.3,79.4,0,0,17,8,34,LOW,0.62
2026-06-15 00:00:00,VIP Entrance,91,0.46,19.3,79.4,0,0,12,4,5,LOW,0.48
2026-06-15 00:30:00,Food Court,167,0.21,21.4,79.0,0,0,35,8,8,LOW,0.19
2026-06-15 00:30:00,Main Sanctum,296,1.18,21.4,79.0,0,0,161,14,13,LOW,1.06
2026-06-15 00:30:00,North Entry Gate,389,0.97,21.4,79.0,0,0,138,43,18,LOW,0.9
2026-06-15 00:30:00,Parking Area,434,0.17,21.4,79.0,0,0,7,21,23,LOW,0.17
2026-06-15 00:30:00,South Exit,218,0.62,21.4,79.0,0,0,15,6,32,LOW,0.59
2026-06-15 00:30:00,VIP Entrance,97,0.48,21.4,79.0,0,0,12,4,4,LOW,0.48
2026-06-15 01:00:00,Food Court,153,0.19,23.0,72.4,0,0,27,6,8,LOW,0.18
2026-06-15 01:00:00,Main Sanctum,264,1.06,23.0,72.4,0,0,124,14,12,LOW,1.06
2026-06-15 01:00:00,North Entry Gate,361,0.9,23.0,72.4,0,0,141,43,18,LOW,0.63
2026-06-15 01:00:00,Parking Area,416,0.17,23.0,72.4,0,0,10,19,22,LOW,0.17
2026-06-15 01:00:00,South Exit,206,0.59,23.0,72.4,0,0,16,5,29,LOW,0.56
2026-06-15 01:00:00,VIP Entrance,96,0.48,23.0,72.4,0,0,17,5,4,LOW,0.38
2026-06-15 01:30:00,Food Court,143,0.18,19.9,77.1,0,0,27,7,8,LOW,0.17
2026-06-15 01:30:00,Main Sanctum,265,1.06,19.9,77.1,0,0,122,13,13,LOW,0.87
2026-06-15 01:30:00,North Entry Gate,251,0.63,19.9,77.1,0,0,73,30,14,LOW,0.7
2026-06-15 01:30:00,Parking Area,436,0.17,19.9,77.1,0,0,8,19,24,LOW,0.14
2026-06-15 01:30:00,South Exit,195,0.56,19.9,77.1,0,0,17,5,29,LOW,0.53
2026-06-15 01:30:00,VIP Entrance,76,0.38,19.9,77.1,0,0,11,3,4,LOW,0.35
2026-06-15 02:00:00,Food Court,133,0.17,22.4,68.8,0,0,28,6,6,LOW,0.13
2026-06-15 02:00:00,Main Sanctum,217,0.87,22.4,68.8,0,0,104,10,10,LOW,0.75
2026-06-15 02:00:00,North Entry Gate,279,0.7,22.4,68.8,0,0,87,36,15,LOW,0.6
2026-06-15 02:00:00,Parking Area,354,0.14,22.4,68.8,0,0,4,16,16,LOW,0.11
2026-06-15 02:00:00,South Exit,186,0.53,22.4,68.8,0,0,14,6,25,LOW,0.4
2026-06-15 02:00:00,VIP Entrance,71,0.35,22.4,68.8,0,0,7,4,3,LOW,0.31
2026-06-15 02:30:00,Food Court,101,0.13,21.2,76.4,0,0,20,6,5,LOW,0.1
2026-06-15 02:30:00,Main Sanctum,187,0.75,21.2,76.4,0,0,85,9,10,LOW,0.59
2026-06-15 02:30:00,North Entry Gate,240,0.6,21.2,76.4,0,0,82,28,12,LOW,0.44
2026-06-15 02:30:00,Parking Area,279,0.11,21.2,76.4,0,0,4,15,12,LOW,0.09
2026-06-15 02:30:00,South Exit,139,0.4,21.2,76.4,0,0,9,4,19,LOW,0.35
2026-06-15 02:30:00,VIP Entrance,62,0.31,21.2,76.4,0,0,7,3,3,LOW,0.21
2026-06-15 03:00:00,Food Court,84,0.1,20.4,81.4,0,0,15,4,3,LOW,0.08
2026-06-15 03:00:00,Main Sanctum,147,0.59,20.4,81.4,0,0,72,6,6,LOW,0.48
2026-06-15 03:00:00,North Entry Gate,175,0.44,20.4,81.4,0,0,61,20,9,LOW,0.31
2026-06-15 03:00:00,Parking Area,215,0.09,20.4,81.4,0,0,5,12,11,LOW,0.07
2026-06-15 03:00:00,South Exit,124,0.35,20.4,81.4,0,0,10,4,18,LOW,0.24
2026-06-15 03:00:00,VIP Entrance,43,0.21,20.4,81.4,0,0,2,2,2,LOW,0.17
2026-06-15 03:30:00,Food Court,66,0.08,24.0,70.6,0,0,12,3,3,LOW,0.05
2026-06-15 03:30:00,Main Sanctum,119,0.48,24.0,70.6,0,0,70,7,6,LOW,0.32
2026-06-15 03:30:00,North Entry Gate,123,0.31,24.0,70.6,0,0,54,15,7,LOW,0.22
2026-06-15 03:30:00,Parking Area,177,0.07,24.0,70.6,0,0,4,8,8,LOW,0.04
2026-06-15 03:30:00,South Exit,85,0.24,24.0,70.6,0,0,5,3,12,LOW,0.2
2026-06-15 03:30:00,VIP Entrance,33,0.17,24.0,70.6,0,0,2,2,2,LOW,0.1
2026-06-15 04:00:00,Food Court,42,0.05,24.3,68.2,0,0,7,2,2,LOW,0.03
2026-06-15 04:00:00,Main Sanctum,79,0.32,24.3,68.2,0,0,40,4,4,LOW,0.18
2026-06-15 04:00:00,North Entry Gate,89,0.22,24.3,68.2,0,0,30,11,4,LOW,0.14
2026-06-15 04:00:00,Parking Area,103,0.04,24.3,68.2,0,0,6,5,5,LOW,0.02
2026-06-15 04:00:00,South Exit,71,0.2,24.3,68.2,0,0,0,2,9,LOW,0.1
2026-06-15 04:00:00,VIP Entrance,21,0.1,24.3,68.2,0,0,5,2,2,LOW,0.06
2026-06-15 04:30:00,Food Court,22,0.03,27.1,58.8,0,0,2,2,2,LOW,0.89
2026-06-15 04:30:00,Main Sanctum,44,0.18,27.1,58.8,0,0,24,2,2,LOW,5.05
2026-06-15 04:30:00,North Entry Gate,57,0.14,27.1,58.8,0,0,22,7,3,LOW,3.95
2026-06-15 04:30:00,Parking Area,59,0.02,27.1,58.8,0,0,0,3,2,LOW,0.68
2026-06-15 04:30:00,South Exit,36,0.1,27.1,58.8,0,0,4,1,5,LOW,3.0
2026-06-15 04:30:00,VIP Entrance,11,0.06,27.1,58.8,0,0,0,2,2,LOW,2.19
2026-06-15 05:00:00,Food Court,715,0.89,24.1,69.2,0,0,123,40,29,LOW,0.81
2026-06-15 05:00:00,Main Sanctum,1263,5.05,24.1,69.2,0,0,623,61,75,CRITICAL,5.77
2026-06-15 05:00:00,North Entry Gate,1580,3.95,24.1,69.2,0,0,624,189,80,HIGH,4.11
2026-06-15 05:00:00,Parking Area,1691,0.68,24.1,69.2,0,0,36,98,81,LOW,0.94
2026-06-15 05:00:00,South Exit,1050,3.0,24.1,69.2,0,0,73,23,133,HIGH,3.47
2026-06-15 05:00:00,VIP Entrance,438,2.19,24.1,69.2,0,0,53,18,25,MODERATE,1.93
2026-06-15 05:30:00,Food Court,649,0.81,30.3,46.5,0,0,127,36,27,LOW,1.16
2026-06-15 05:30:00,Main Sanctum,1443,5.77,30.3,46.5,0,0,867,61,84,CRITICAL,6.79
2026-06-15 05:30:00,North Entry Gate,1642,4.11,30.3,46.5,0,0,544,201,70,HIGH,4.89
2026-06-15 05:30:00,Parking Area,2339,0.94,30.3,46.5,0,0,50,99,117,LOW,0.97
2026-06-15 05:30:00,South Exit,1213,3.47,30.3,46.5,0,0,116,28,166,HIGH,3.47
2026-06-15 05:30:00,VIP Entrance,386,1.93,30.3,46.5,0,0,42,22,21,MODERATE,2.81
2026-06-15 06:00:00,Food Court,925,1.16,29.9,55.4,0,0,193,43,43,LOW,1.14
2026-06-15 06:00:00,Main Sanctum,1697,6.79,29.9,55.4,0,0,800,84,99,CRITICAL,6.43
2026-06-15 06:00:00,North Entry Gate,1955,4.89,29.9,55.4,0,0,661,243,89,CRITICAL,5.71
2026-06-15 06:00:00,Parking Area,2425,0.97,29.9,55.4,0,0,46,114,113,LOW,1.16
2026-06-15 06:00:00,South Exit,1213,3.47,29.9,55.4,0,0,106,31,182,HIGH,3.93
2026-06-15 06:00:00,VIP Entrance,562,2.81,29.9,55.4,0,0,71,25,33,MODERATE,2.45
2026-06-15 06:30:00,Food Court,915,1.14,29.0,58.0,0,0,191,51,49,LOW,1.21
2026-06-15 06:30:00,Main Sanctum,1608,6.43,29.0,58.0,0,0,944,86,72,CRITICAL,6.97
2026-06-15 06:30:00,North Entry Gate,2285,5.71,29.0,58.0,0,0,919,296,138,CRITICAL,5.64
2026-06-15 06:30:00,Parking Area,2888,1.16,29.0,58.0,0,0,64,121,143,LOW,1.0
2026-06-15 06:30:00,South Exit,1376,3.93,29.0,58.0,0,0,118,39,209,HIGH,4.35
2026-06-15 06:30:00,VIP Entrance,490,2.45,29.0,58.0,0,0,53,24,21,MODERATE,2.8
2026-06-15 07:00:00,Food Court,970,1.21,29.7,52.2,0,0,192,52,55,LOW,1.29
2026-06-15 07:00:00,Main Sanctum,1743,6.97,29.7,52.2,0,0,1025,78,85,CRITICAL,6.81
2026-06-15 07:00:00,North Entry Gate,2255,5.64,29.7,52.2,0,0,818,263,97,CRITICAL,5.6
2026-06-15 07:00:00,Parking Area,2510,1.0,29.7,52.2,0,0,48,101,104,LOW,1.18
2026-06-15 07:00:00,South Exit,1523,4.35,29.7,52.2,0,0,121,45,193,HIGH,4.61
2026-06-15 07:00:00,VIP Entrance,560,2.8,29.7,52.2,0,0,74,33,22,MODERATE,2.65
2026-06-15 07:30:00,Food Court,1033,1.29,30.2,50.0,0,0,216,43,51,LOW,1.47
2026-06-15 07:30:00,Main Sanctum,1703,6.81,30.2,50.0,0,0,979,91,74,CRITICAL,8.76
2026-06-15 07:30:00,North Entry Gate,2241,5.6,30.2,50.0,0,0,727,284,131,CRITICAL,6.15
2026-06-15 07:30:00,Parking Area,2949,1.18,30.2,50.0,0,0,69,138,144,LOW,1.33
2026-06-15 07:30:00,South Exit,1613,4.61,30.2,50.0,0,0,89,34,208,CRITICAL,4.59
2026-06-15 07:30:00,VIP Entrance,531,2.65,30.2,50.0,0,0,53,26,24,MODERATE,3.04
2026-06-15 08:00:00,Food Court,1178,1.47,32.1,42.5,0,0,235,66,49,LOW,1.28
2026-06-15 08:00:00,Main Sanctum,2190,8.76,32.1,42.5,0,0,1098,124,124,CRITICAL,8.54
2026-06-15 08:00:00,North Entry Gate,2460,6.15,32.1,42.5,0,0,875,320,136,CRITICAL,5.85
2026-06-15 08:00:00,Parking Area,3314,1.33,32.1,42.5,0,0,55,167,198,LOW,1.1
2026-06-15 08:00:00,South Exit,1605,4.59,32.1,42.5,0,0,129,48,237,CRITICAL,5.12
2026-06-15 08:00:00,VIP Entrance,607,3.04,32.1,42.5,0,0,68,27,32,HIGH,3.19
2026-06-15 08:30:00,Food Court,1024,1.28,32.6,43.8,0,0,239,42,47,LOW,1.29
2026-06-15 08:30:00,Main Sanctum,2134,8.54,32.6,43.8,0,0,1044,127,124,CRITICAL,7.75
2026-06-15 08:30:00,North Entry Gate,2341,5.85,32.6,43.8,0,0,733,259,95,CRITICAL,6.11
2026-06-15 08:30:00,Parking Area,2740,1.1,32.6,43.8,0,0,53,149,140,LOW,1.21
2026-06-15 08:30:00,South Exit,1791,5.12,32.6,43.8,0,0,140,39,233,CRITICAL,4.41
2026-06-15 08:30:00,VIP Entrance,637,3.19,32.6,43.8,0,0,87,29,33,HIGH,3.17
2026-06-15 09:00:00,Food Court,1030,1.29,34.3,35.0,0,0,186,54,60,LOW,1.54
2026-06-15 09:00:00,Main Sanctum,1937,7.75,34.3,35.0,0,0,878,91,100,CRITICAL,7.84
2026-06-15 09:00:00,North Entry Gate,2442,6.11,34.3,35.0,0,0,1041,294,111,CRITICAL,4.74
2026-06-15 09:00:00,Parking Area,3015,1.21,34.3,35.0,0,0,60,125,175,LOW,1.22
2026-06-15 09:00:00,South Exit,1542,4.41,34.3,35.0,0,0,136,51,225,HIGH,4.78
2026-06-15 09:00:00,VIP Entrance,635,3.17,34.3,35.0,0,0,70,34,27,HIGH,2.88
2026-06-15 09:30:00,Food Court,1229,1.54,34.0,31.3,0,0,238,71,49,MODERATE,1.29
2026-06-15 09:30:00,Main Sanctum,1960,7.84,34.0,31.3,0,0,1017,117,80,CRITICAL,7.63
2026-06-15 09:30:00,North Entry Gate,1895,4.74,34.0,31.3,0,0,496,219,97,CRITICAL,6.19
2026-06-15 09:30:00,Parking Area,3040,1.22,34.0,31.3,0,0,65,142,162,LOW,1.19
2026-06-15 09:30:00,South Exit,1672,4.78,34.0,31.3,0,0,128,39,217,CRITICAL,3.97
2026-06-15 09:30:00,VIP Entrance,577,2.88,34.0,31.3,0,0,70,27,25,MODERATE,2.92
2026-06-15 10:00:00,Food Court,1029,1.29,36.6,30.0,0,0,188,57,54,LOW,1.38
2026-06-15 10:00:00,Main Sanctum,1908,7.63,36.6,30.0,0,0,949,85,86,CRITICAL,6.54
2026-06-15 10:00:00,North Entry Gate,2476,6.19,36.6,30.0,0,0,995,319,131,CRITICAL,4.59
2026-06-15 10:00:00,Parking Area,2964,1.19,36.6,30.0,0,0,68,119,171,LOW,0.99
2026-06-15 10:00:00,South Exit,1388,3.97,36.6,30.0,0,0,129,39,212,HIGH,4.2
2026-06-15 10:00:00,VIP Entrance,583,2.92,36.6,30.0,0,0,61,33,34,MODERATE,3.03
2026-06-15 10:30:00,Food Court,1101,1.38,35.5,31.1,0,0,204,65,54,LOW,1.05
2026-06-15 10:30:00,Main Sanctum,1636,6.54,35.5,31.1,0,0,828,84,70,CRITICAL,5.77
2026-06-15 10:30:00,North Entry Gate,1838,4.59,35.5,31.1,0,0,684,235,81,CRITICAL,4.47
2026-06-15 10:30:00,Parking Area,2482,0.99,35.5,31.1,0,0,57,125,144,LOW,0.82
2026-06-15 10:30:00,South Exit,1470,4.2,35.5,31.1,0,0,127,37,210,HIGH,3.85
2026-06-15 10:30:00,VIP Entrance,606,3.03,35.5,31.1,0,0,83,27,33,HIGH,2.17
2026-06-15 11:00:00,Food Court,838,1.05,35.4,34.3,0,0,148,50,38,LOW,1.03
2026-06-15 11:00:00,Main Sanctum,1443,5.77,35.4,34.3,0,0,745,66,76,CRITICAL,5.64
2026-06-15 11:00:00,North Entry Gate,1789,4.47,35.4,34.3,0,0,670,194,93,HIGH,4.81
2026-06-15 11:00:00,Parking Area,2062,0.82,35.4,34.3,0,0,41,99,94,LOW,0.84
2026-06-15 11:00:00,South Exit,1349,3.85,35.4,34.3,0,0,118,30,182,HIGH,3.3
2026-06-15 11:00:00,VIP Entrance,433,2.17,35.4,34.3,0,0,46,21,25,MODERATE,2.11
2026-06-15 11:30:00,Food Court,822,1.03,37.2,30.0,0,0,181,33,36,LOW,2.08
2026-06-15 11:30:00,Main Sanctum,1411,5.64,37.2,30.0,0,0,676,71,69,CRITICAL,3.35
2026-06-15 11:30:00,North Entry Gate,1924,4.81,37.2,30.0,0,0,646,213,99,CRITICAL,3.31
2026-06-15 11:30:00,Parking Area,2107,0.84,37.2,30.0,0,0,43,86,102,LOW,0.59
2026-06-15 11:30:00,South Exit,1155,3.3,37.2,30.0,0,0,93,30,162,HIGH,2.21
2026-06-15 11:30:00,VIP Entrance,422,2.11,37.2,30.0,0,0,43,22,19,MODERATE,1.44
2026-06-15 12:00:00,Food Court,1665,2.08,34.1,36.2,0,0,355,90,84,MODERATE,2.44
2026-06-15 12:00:00,Main Sanctum,837,3.35,34.1,36.2,0,0,414,48,46,HIGH,4.52
2026-06-15 12:00:00,North Entry Gate,1324,3.31,34.1,36.2,0,0,379,155,53,HIGH,3.31
2026-06-15 12:00:00,Parking Area,1477,0.59,34.1,36.2,0,0,31,85,74,LOW,0.62
2026-06-15 12:00:00,South Exit,774,2.21,34.1,36.2,0,0,60,20,105,MODERATE,2.5
2026-06-15 12:00:00,VIP Entrance,288,1.44,34.1,36.2,0,0,37,17,15,LOW,1.4
2026-06-15 12:30:00,Food Court,1950,2.44,36.3,31.5,0,0,371,112,82,MODERATE,2.39
2026-06-15 12:30:00,Main Sanctum,1131,4.52,36.3,31.5,0,0,648,66,49,CRITICAL,5.4
2026-06-15 12:30:00,North Entry Gate,1326,3.31,36.3,31.5,0,0,462,171,76,HIGH,3.07
2026-06-15 12:30:00,Parking Area,1554,0.62,36.3,31.5,0,0,30,75,77,LOW,0.61
2026-06-15 12:30:00,South Exit,875,2.5,36.3,31.5,0,0,62,24,112,MODERATE,2.78
2026-06-15 12:30:00,VIP Entrance,279,1.4,36.3,31.5,0,0,34,13,16,LOW,1.49
2026-06-15 13:00:00,Food Court,1913,2.39,35.8,31.8,0,0,394,108,94,MODERATE,2.4
2026-06-15 13:00:00,Main Sanctum,1350,5.4,35.8,31.8,0,0,580,66,61,CRITICAL,4.66
2026-06-15 13:00:00,North Entry Gate,1229,3.07,35.8,31.8,0,0,369,139,66,HIGH,3.73
2026-06-15 13:00:00,Parking Area,1536,0.61,35.8,31.8,0,0,34,70,63,LOW,0.74
2026-06-15 13:00:00,South Exit,973,2.78,35.8,31.8,0,0,91,22,127,MODERATE,2.89
2026-06-15 13:00:00,VIP Entrance,298,1.49,35.8,31.8,0,0,37,13,17,LOW,1.61
2026-06-15 13:30:00,Food Court,1916,2.4,33.7,35.9,0,0,412,101,101,MODERATE,2.6
2026-06-15 13:30:00,Main Sanctum,1164,4.66,33.7,35.9,0,0,613,52,57,CRITICAL,4.7
2026-06-15 13:30:00,North Entry Gate,1492,3.73,33.7,35.9,0,0,557,178,82,HIGH,3.7
2026-06-15 13:30:00,Parking Area,1853,0.74,33.7,35.9,0,0,34,103,79,LOW,0.79
2026-06-15 13:30:00,South Exit,1013,2.89,33.7,35.9,0,0,66,29,145,MODERATE,2.93
2026-06-15 13:30:00,VIP Entrance,323,1.61,33.7,35.9,0,0,39,18,17,MODERATE,1.66
2026-06-15 14:00:00,Food Court,2076,2.6,32.9,41.1,0,0,402,84,96,MODERATE,2.26
2026-06-15 14:00:00,Main Sanctum,1176,4.7,32.9,41.1,0,0,547,48,58,CRITICAL,4.38
2026-06-15 14:00:00,North Entry Gate,1481,3.7,32.9,41.1,0,0,483,185,75,HIGH,2.98
2026-06-15 14:00:00,Parking Area,1986,0.79,32.9,41.1,0,0,42,110,110,LOW,0.79
2026-06-15 14:00:00,South Exit,1024,2.93,32.9,41.1,0,0,77,21,129,MODERATE,2.63
2026-06-15 14:00:00,VIP Entrance,332,1.66,32.9,41.1,0,0,38,16,17,MODERATE,1.8
2026-06-15 14:30:00,Food Court,1810,2.26,35.6,35.6,0,0,385,90,107,MODERATE,0.73
2026-06-15 14:30:00,Main Sanctum,1095,4.38,35.6,35.6,0,0,483,50,47,HIGH,4.14
2026-06-15 14:30:00,North Entry Gate,1194,2.98,35.6,35.6,0,0,427,150,65,MODERATE,3.71
2026-06-15 14:30:00,Parking Area,1977,0.79,35.6,35.6,0,0,39,107,111,LOW,0.63
2026-06-15 14:30:00,South Exit,922,2.63,35.6,35.6,0,0,75,32,136,MODERATE,2.61
2026-06-15 14:30:00,VIP Entrance,360,1.8,35.6,35.6,0,0,43,19,18,MODERATE,1.84
2026-06-15 15:00:00,Food Court,586,0.73,34.8,32.7,0,0,93,34,32,LOW,0.69
2026-06-15 15:00:00,Main Sanctum,1034,4.14,34.8,32.7,0,0,541,46,60,HIGH,4.12
2026-06-15 15:00:00,North Entry Gate,1485,3.71,34.8,32.7,0,0,547,174,57,HIGH,3.38
2026-06-15 15:00:00,Parking Area,1572,0.63,34.8,32.7,0,0,29,88,73,LOW,0.66
2026-06-15 15:00:00,South Exit,915,2.61,34.8,32.7,0,0,71,22,119,MODERATE,2.47
2026-06-15 15:00:00,VIP Entrance,369,1.84,34.8,32.7,0,0,45,17,17,MODERATE,1.6
2026-06-15 15:30:00,Food Court,555,0.69,33.1,37.8,0,0,93,32,25,LOW,0.84
2026-06-15 15:30:00,Main Sanctum,1029,4.12,33.1,37.8,0,0,472,45,61,HIGH,5.16
2026-06-15 15:30:00,North Entry Gate,1354,3.38,33.1,37.8,0,0,543,165,57,HIGH,4.28
2026-06-15 15:30:00,Parking Area,1657,0.66,33.1,37.8,0,0,36,99,72,LOW,0.84
2026-06-15 15:30:00,South Exit,864,2.47,33.1,37.8,0,0,68,22,121,MODERATE,2.98
2026-06-15 15:30:00,VIP Entrance,321,1.6,33.1,37.8,0,0,42,17,15,MODERATE,2.12
2026-06-15 16:00:00,Food Court,671,0.84,34.1,34.5,0,0,148,33,39,LOW,1.11
2026-06-15 16:00:00,Main Sanctum,1290,5.16,34.1,34.5,0,0,708,66,52,CRITICAL,6.75
2026-06-15 16:00:00,North Entry Gate,1713,4.28,34.1,34.5,0,0,578,209,96,HIGH,4.67
2026-06-15 16:00:00,Parking Area,2105,0.84,34.1,34.5,0,0,45,123,85,LOW,0.93
2026-06-15 16:00:00,South Exit,1043,2.98,34.1,34.5,0,0,83,24,144,MODERATE,3.57
2026-06-15 16:00:00,VIP Entrance,424,2.12,34.1,34.5,0,0,52,25,22,MODERATE,2.62
2026-06-15 16:30:00,Food Court,892,1.11,31.6,39.4,0,0,173,38,51,LOW,1.13
2026-06-15 16:30:00,Main Sanctum,1687,6.75,31.6,39.4,0,0,904,92,80,CRITICAL,7.36
2026-06-15 16:30:00,North Entry Gate,1869,4.67,31.6,39.4,0,0,604,213,88,CRITICAL,5.47
2026-06-15 16:30:00,Parking Area,2335,0.93,31.6,39.4,0,0,40,97,103,LOW,0.96
2026-06-15 16:30:00,South Exit,1250,3.57,31.6,39.4,0,0,96,31,183,HIGH,4.15
2026-06-15 16:30:00,VIP Entrance,524,2.62,31.6,39.4,0,0,65,30,27,MODERATE,2.84
2026-06-15 17:00:00,Food Court,902,1.13,31.6,43.8,0,0,205,40,45,LOW,1.53
2026-06-15 17:00:00,Main Sanctum,1840,7.36,31.6,43.8,0,0,809,107,103,CRITICAL,7.37
2026-06-15 17:00:00,North Entry Gate,2188,5.47,31.6,43.8,0,0,826,274,106,CRITICAL,5.57
2026-06-15 17:00:00,Parking Area,2404,0.96,31.6,43.8,0,0,49,109,102,LOW,1.06
2026-06-15 17:00:00,South Exit,1454,4.15,31.6,43.8,0,0,90,37,193,HIGH,4.52
2026-06-15 17:00:00,VIP Entrance,568,2.84,31.6,43.8,0,0,66,28,32,MODERATE,3.05
2026-06-15 17:30:00,Food Court,1225,1.53,29.5,53.6,0,0,262,72,70,MODERATE,1.45
2026-06-15 17:30:00,Main Sanctum,1842,7.37,29.5,53.6,0,0,1036,101,107,CRITICAL,8.1
2026-06-15 17:30:00,North Entry Gate,2228,5.57,29.5,53.6,0,0,738,286,101,CRITICAL,6.83
2026-06-15 17:30:00,Parking Area,2649,1.06,29.5,53.6,0,0,55,159,113,LOW,1.19
2026-06-15 17:30:00,South Exit,1582,4.52,29.5,53.6,0,0,126,39,237,CRITICAL,4.18
2026-06-15 17:30:00,VIP Entrance,610,3.05,29.5,53.6,0,0,62,36,33,HIGH,2.99
2026-06-15 18:00:00,Food Court,1161,1.45,27.7,57.4,0,0,223,55,64,LOW,1.78
2026-06-15 18:00:00,Main Sanctum,2026,8.1,27.7,57.4,0,0,862,117,82,CRITICAL,9.25
2026-06-15 18:00:00,North Entry Gate,2730,6.83,27.7,57.4,0,0,1032,316,138,CRITICAL,6.12
2026-06-15 18:00:00,Parking Area,2971,1.19,27.7,57.4,0,0,61,148,147,LOW,1.55
2026-06-15 18:00:00,South Exit,1464,4.18,27.7,57.4,0,0,110,44,193,HIGH,5.46
2026-06-15 18:00:00,VIP Entrance,598,2.99,27.7,57.4,0,0,65,25,26,MODERATE,3.38
2026-06-15 18:30:00,Food Court,1423,1.78,25.7,62.4,0,0,289,85,74,MODERATE,4.87
2026-06-15 18:30:00,Main Sanctum,2313,9.25,25.7,62.4,0,0,1406,102,122,CRITICAL,8.29
2026-06-15 18:30:00,North Entry Gate,2449,6.12,25.7,62.4,0,0,881,322,111,CRITICAL,6.71
2026-06-15 18:30:00,Parking Area,3877,1.55,25.7,62.4,0,0,76,212,183,MODERATE,1.41
2026-06-15 18:30:00,South Exit,1911,5.46,25.7,62.4,0,0,160,58,288,CRITICAL,4.64
2026-06-15 18:30:00,VIP Entrance,675,3.38,25.7,62.4,0,0,70,38,39,HIGH,3.15
2026-06-15 19:00:00,Food Court,3895,4.87,25.2,64.8,0,0,662,175,179,CRITICAL,4.45
2026-06-15 19:00:00,Main Sanctum,2073,8.29,25.2,64.8,0,0,1125,98,117,CRITICAL,9.44
2026-06-15 19:00:00,North Entry Gate,2686,6.71,25.2,64.8,0,0,956,312,125,CRITICAL,5.85
2026-06-15 19:00:00,Parking Area,3528,1.41,25.2,64.8,0,0,62,154,148,LOW,1.32
2026-06-15 19:00:00,South Exit,1625,4.64,25.2,64.8,0,0,139,51,218,CRITICAL,5.16
2026-06-15 19:00:00,VIP Entrance,629,3.15,25.2,64.8,0,0,78,31,37,HIGH,3.54
2026-06-15 19:30:00,Food Court,3556,4.45,24.6,64.7,0,0,787,172,180,HIGH,3.81
2026-06-15 19:30:00,Main Sanctum,2359,9.44,24.6,64.7,0,0,1164,105,132,CRITICAL,8.57
2026-06-15 19:30:00,North Entry Gate,2341,5.85,24.6,64.7,0,0,655,294,131,CRITICAL,6.67
2026-06-15 19:30:00,Parking Area,3306,1.32,24.6,64.7,0,0,72,176,151,LOW,1.26
2026-06-15 19:30:00,South Exit,1805,5.16,24.6,64.7,0,0,137,43,258,CRITICAL,4.39
2026-06-15 19:30:00,VIP Entrance,707,3.54,24.6,64.7,0,0,94,33,34,HIGH,3.43
2026-06-15 20:00:00,Food Court,3052,3.81,25.6,57.4,0,0,672,129,173,HIGH,3.58
2026-06-15 20:00:00,Main Sanctum,2143,8.57,25.6,57.4,0,0,848,123,86,CRITICAL,8.14
2026-06-15 20:00:00,North Entry Gate,2667,6.67,25.6,57.4,0,0,944,336,129,CRITICAL,6.75
2026-06-15 20:00:00,Parking Area,3148,1.26,25.6,57.4,0,0,58,136,174,LOW,1.09
2026-06-15 20:00:00,South Exit,1538,4.39,25.6,57.4,0,0,136,33,203,HIGH,4.71
2026-06-15 20:00:00,VIP Entrance,686,3.43,25.6,57.4,0,0,86,36,33,HIGH,2.52
2026-06-15 20:30:00,Food Court,2865,3.58,24.1,70.1,0,0,693,142,150,HIGH,3.56
2026-06-15 20:30:00,Main Sanctum,2034,8.14,24.1,70.1,0,0,901,89,90,CRITICAL,6.78
2026-06-15 20:30:00,North Entry Gate,2702,6.75,24.1,70.1,0,0,1066,333,158,CRITICAL,5.12
2026-06-15 20:30:00,Parking Area,2722,1.09,24.1,70.1,0,0,46,117,142,LOW,1.12
2026-06-15 20:30:00,South Exit,1649,4.71,24.1,70.1,0,0,135,51,215,CRITICAL,4.16
2026-06-15 20:30:00,VIP Entrance,504,2.52,24.1,70.1,0,0,68,29,27,MODERATE,2.87
2026-06-15 21:00:00,Food Court,2847,3.56,22.7,75.1,0,0,541,144,161,HIGH,3.04
2026-06-15 21:00:00,Main Sanctum,1695,6.78,22.7,75.1,0,0,957,87,77,CRITICAL,6.02
2026-06-15 21:00:00,North Entry Gate,2050,5.12,22.7,75.1,0,0,643,260,88,CRITICAL,4.33
2026-06-15 21:00:00,Parking Area,2803,1.12,22.7,75.1,0,0,57,127,125,LOW,1.07
2026-06-15 21:00:00,South Exit,1455,4.16,22.7,75.1,0,0,131,38,212,HIGH,3.41
2026-06-15 21:00:00,VIP Entrance,574,2.87,22.7,75.1,0,0,59,28,26,MODERATE,2.49
2026-06-15 21:30:00,Food Court,2432,3.04,22.7,69.7,0,0,473,127,100,HIGH,0.14
2026-06-15 21:30:00,Main Sanctum,1506,6.02,22.7,69.7,0,0,795,90,85,CRITICAL,0.88
2026-06-15 21:30:00,North Entry Gate,1731,4.33,22.7,69.7,0,0,608,214,72,HIGH,0.77
2026-06-15 21:30:00,Parking Area,2675,1.07,22.7,69.7,0,0,50,108,114,LOW,0.13
2026-06-15 21:30:00,South Exit,1195,3.41,22.7,69.7,0,0,78,35,159,HIGH,0.54
2026-06-15 21:30:00,VIP Entrance,498,2.49,22.7,69.7,0,0,63,22,25,MODERATE,0.32
2026-06-15 22:00:00,Food Court,115,0.14,21.7,74.4,0,0,25,6,7,LOW,0.19
2026-06-15 22:00:00,Main Sanctum,220,0.88,21.7,74.4,0,0,91,13,13,LOW,0.95
2026-06-15 22:00:00,North Entry Gate,307,0.77,21.7,74.4,0,0,103,36,12,LOW,0.82
2026-06-15 22:00:00,Parking Area,329,0.13,21.7,74.4,0,0,10,18,17,LOW,0.15
2026-06-15 22:00:00,South Exit,188,0.54,21.7,74.4,0,0,13,5,29,LOW,0.57
2026-06-15 22:00:00,VIP Entrance,63,0.32,21.7,74.4,0,0,10,3,3,LOW,0.38
2026-06-15 22:30:00,Food Court,152,0.19,20.9,76.6,0,0,26,7,7,LOW,0.19
2026-06-15 22:30:00,Main Sanctum,238,0.95,20.9,76.6,0,0,138,10,12,LOW,0.81
2026-06-15 22:30:00,North Entry Gate,330,0.82,20.9,76.6,0,0,104,40,16,LOW,0.85
2026-06-15 22:30:00,Parking Area,378,0.15,20.9,76.6,0,0,4,23,19,LOW,0.17
2026-06-15 22:30:00,South Exit,199,0.57,20.9,76.6,0,0,16,6,29,LOW,0.7
2026-06-15 22:30:00,VIP Entrance,76,0.38,20.9,76.6,0,0,9,4,4,LOW,0.45
2026-06-15 23:00:00,Food Court,154,0.19,18.5,85.6,0,0,26,8,7,LOW,0.22
2026-06-15 23:00:00,Main Sanctum,203,0.81,18.5,85.6,0,0,107,11,9,LOW,1.21
2026-06-15 23:00:00,North Entry Gate,341,0.85,18.5,85.6,0,0,122,37,16,LOW,0.96
2026-06-15 23:00:00,Parking Area,418,0.17,18.5,85.6,0,0,8,23,23,LOW,0.19
2026-06-15 23:00:00,South Exit,246,0.7,18.5,85.6,0,0,16,7,32,LOW,0.72
2026-06-15 23:00:00,VIP Entrance,89,0.45,18.5,85.6,0,0,9,4,5,LOW,0.42
2026-06-15 23:30:00,Food Court,173,0.22,21.4,80.9,0,0,36,10,7,LOW,0.23
2026-06-15 23:30:00,Main Sanctum,302,1.21,21.4,80.9,0,0,145,14,15,LOW,1.18
2026-06-15 23:30:00,North Entry Gate,385,0.96,21.4,80.9,0,0,136,44,20,LOW,1.02
2026-06-15 23:30:00,Parking Area,465,0.19,21.4,80.9,0,0,8,26,22,LOW,0.16
2026-06-15 23:30:00,South Exit,253,0.72,21.4,80.9,0,0,24,6,36,LOW,0.74
2026-06-15 23:30:00,VIP Entrance,85,0.42,21.4,80.9,0,0,12,5,4,LOW,0.47
2026-06-16 00:00:00,Food Court,185,0.23,19.4,85.3,0,0,34,11,8,LOW,0.2
2026-06-16 00:00:00,Main Sanctum,296,1.18,19.4,85.3,0,0,174,12,12,LOW,1.23
2026-06-16 00:00:00,North Entry Gate,407,1.02,19.4,85.3,0,0,159,48,19,LOW,0.91
2026-06-16 00:00:00,Parking Area,393,0.16,19.4,85.3,0,0,8,23,18,LOW,0.18
2026-06-16 00:00:00,South Exit,258,0.74,19.4,85.3,0,0,22,7,38,LOW,0.66
2026-06-16 00:00:00,VIP Entrance,94,0.47,19.4,85.3,0,0,8,5,4,LOW,0.46
2026-06-16 00:30:00,Food Court,156,0.2,21.4,74.7,0,0,34,8,7,LOW,0.24
2026-06-16 00:30:00,Main Sanctum,308,1.23,21.4,74.7,0,0,145,17,17,LOW,0.98
2026-06-16 00:30:00,North Entry Gate,364,0.91,21.4,74.7,0,0,154,47,17,LOW,0.82
2026-06-16 00:30:00,Parking Area,442,0.18,21.4,74.7,0,0,10,19,20,LOW,0.17
2026-06-16 00:30:00,South Exit,231,0.66,21.4,74.7,0,0,19,6,31,LOW,0.61
2026-06-16 00:30:00,VIP Entrance,92,0.46,21.4,74.7,0,0,8,5,4,LOW,0.41
2026-06-16 01:00:00,Food Court,192,0.24,21.7,76.5,0,0,37,8,9,LOW,0.15
2026-06-16 01:00:00,Main Sanctum,246,0.98,21.7,76.5,0,0,116,13,14,LOW,0.98
2026-06-16 01:00:00,North Entry Gate,330,0.82,21.7,76.5,0,0,123,39,15,LOW,0.77
2026-06-16 01:00:00,Parking Area,417,0.17,21.7,76.5,0,0,9,25,23,LOW,0.15
2026-06-16 01:00:00,South Exit,215,0.61,21.7,76.5,0,0,19,7,32,LOW,0.44
2026-06-16 01:00:00,VIP Entrance,83,0.41,21.7,76.5,0,0,11,4,4,LOW,0.39
2026-06-16 01:30:00,Food Court,121,0.15,19.8,84.4,0,0,25,6,6,LOW,0.13
2026-06-16 01:30:00,Main Sanctum,245,0.98,19.8,84.4,0,0,127,14,14,LOW,0.94
2026-06-16 01:30:00,North Entry Gate,308,0.77,19.8,84.4,0,0,102,38,14,LOW,0.74
2026-06-16 01:30:00,Parking Area,367,0.15,19.8,84.4,0,0,6,19,22,LOW,0.13
2026-06-16 01:30:00,South Exit,153,0.44,19.8,84.4,0,0,13,4,20,LOW,0.5
2026-06-16 01:30:00,VIP Entrance,77,0.39,19.8,84.4,0,0,8,3,4,LOW,0.36
2026-06-16 02:00:00,Food Court,107,0.13,22.2,74.6,0,0,25,5,5,LOW,0.14
2026-06-16 02:00:00,Main Sanctum,236,0.94,22.2,74.6,0,0,126,10,10,LOW,0.75
2026-06-16 02:00:00,North Entry Gate,296,0.74,22.2,74.6,0,0,105,39,18,LOW,0.55
2026-06-16 02:00:00,Parking Area,331,0.13,22.2,74.6,0,0,8,15,17,LOW,0.11
2026-06-16 02:00:00,South Exit,174,0.5,22.2,74.6,0,0,12,5,26,LOW,0.47
2026-06-16 02:00:00,VIP Entrance,72,0.36,22.2,74.6,0,0,6,3,3,LOW,0.32
2026-06-16 02:30:00,Food Court,114,0.14,21.2,76.4,0,0,22,5,7,LOW,0.09
2026-06-16 02:30:00,Main Sanctum,187,0.75,21.2,76.4,0,0,87,10,10,LOW,0.61
2026-06-16 02:30:00,North Entry Gate,220,0.55,21.2,76.4,0,0,70,29,11,LOW,0.42
2026-06-16 02:30:00,Parking Area,287,0.11,21.2,76.4,0,0,3,15,17,LOW,0.08
2026-06-16 02:30:00,South Exit,163,0.47,21.2,76.4,0,0,11,4,23,LOW,0.37
2026-06-16 02:30:00,VIP Entrance,63,0.32,21.2,76.4,0,0,10,3,3,LOW,0.23
2026-06-16 03:00:00,Food Court,69,0.09,21.9,75.6,0,0,14,4,4,LOW,0.07
2026-06-16 03:00:00,Main Sanctum,153,0.61,21.9,75.6,0,0,70,7,7,LOW,0.36
2026-06-16 03:00:00,North Entry Gate,170,0.42,21.9,75.6,0,0,62,19,7,LOW,0.32
2026-06-16 03:00:00,Parking Area,196,0.08,21.9,75.6,0,0,5,10,11,LOW,0.07
2026-06-16 03:00:00,South Exit,131,0.37,21.9,75.6,0,0,10,4,20,LOW,0.27
2026-06-16 03:00:00,VIP Entrance,46,0.23,21.9,75.6,0,0,6,2,2,LOW,0.17
2026-06-16 03:30:00,Food Court,59,0.07,23.4,67.7,0,0,12,3,3,LOW,0.05
2026-06-16 03:30:00,Main Sanctum,90,0.36,23.4,67.7,0,0,37,5,4,LOW,0.26
2026-06-16 03:30:00,North Entry Gate,129,0.32,23.4,67.7,0,0,47,16,6,LOW,0.24
2026-06-16 03:30:00,Parking Area,174,0.07,23.4,67.7,0,0,3,9,9,LOW,0.05
2026-06-16 03:30:00,South Exit,93,0.27,23.4,67.7,0,0,8,3,14,LOW,0.18
2026-06-16 03:30:00,VIP Entrance,33,0.17,23.4,67.7,0,0,7,2,2,LOW,0.12
2026-06-16 04:00:00,Food Court,43,0.05,24.3,65.4,0,0,8,2,2,LOW,0.03
2026-06-16 04:00:00,Main Sanctum,65,0.26,24.3,65.4,0,0,31,3,3,LOW,0.15
2026-06-16 04:00:00,North Entry Gate,97,0.24,24.3,65.4,0,0,31,12,5,LOW,0.14
2026-06-16 04:00:00,Parking Area,136,0.05,24.3,65.4,0,0,0,8,8,LOW,0.03
2026-06-16 04:00:00,South Exit,63,0.18,24.3,65.4,0,0,4,2,9,LOW,0.09
2026-06-16 04:00:00,VIP Entrance,23,0.12,24.3,65.4,0,0,3,2,2,LOW,0.07
2026-06-16 04:30:00,Food Court,20,0.03,25.0,61.8,0,0,3,2,2,LOW,0.85
2026-06-16 04:30:00,Main Sanctum,38,0.15,25.0,61.8,0,0,19,2,2,LOW,5.25
2026-06-16 04:30:00,North Entry Gate,56,0.14,25.0,61.8,0,0,21,7,3,LOW,4.1
2026-06-16 04:30:00,Parking Area,77,0.03,25.0,61.8,0,0,0,3,4,LOW,0.76
2026-06-16 04:30:00,South Exit,32,0.09,25.0,61.8,0,0,1,1,5,LOW,3.08
2026-06-16 04:30:00,VIP Entrance,13,0.07,25.0,61.8,0,0,3,2,2,LOW,1.94
2026-06-16 05:00:00,Food Court,680,0.85,24.3,68.0,0,0,141,34,40,LOW,0.96
2026-06-16 05:00:00,Main Sanctum,1312,5.25,24.3,68.0,0,0,671,54,62,CRITICAL,4.86
2026-06-16 05:00:00,North Entry Gate,1640,4.1,24.3,68.0,0,0,587,189,78,HIGH,4.53
2026-06-16 05:00:00,Parking Area,1905,0.76,24.3,68.0,0,0,35,82,89,LOW,1.0
2026-06-16 05:00:00,South Exit,1078,3.08,24.3,68.0,0,0,87,26,136,HIGH,3.55
2026-06-16 05:00:00,VIP Entrance,388,1.94,24.3,68.0,0,0,47,19,22,MODERATE,1.99
2026-06-16 05:30:00,Food Court,772,0.96,26.8,59.2,0,0,134,45,45,LOW,1.0
2026-06-16 05:30:00,Main Sanctum,1214,4.86,26.8,59.2,0,0,671,60,52,CRITICAL,5.8
2026-06-16 05:30:00,North Entry Gate,1812,4.53,26.8,59.2,0,0,658,230,82,CRITICAL,4.73
2026-06-16 05:30:00,Parking Area,2507,1.0,26.8,59.2,0,0,50,131,150,LOW,0.93
2026-06-16 05:30:00,South Exit,1242,3.55,26.8,59.2,0,0,95,39,188,HIGH,3.17
2026-06-16 05:30:00,VIP Entrance,398,1.99,26.8,59.2,0,0,48,22,21,MODERATE,2.29
2026-06-16 06:00:00,Food Court,798,1.0,30.7,45.4,0,0,156,32,43,LOW,1.07
2026-06-16 06:00:00,Main Sanctum,1449,5.8,30.7,45.4,0,0,740,63,71,CRITICAL,7.37
2026-06-16 06:00:00,North Entry Gate,1892,4.73,30.7,45.4,0,0,763,214,69,CRITICAL,5.89
2026-06-16 06:00:00,Parking Area,2336,0.93,30.7,45.4,0,0,43,108,134,LOW,0.95
2026-06-16 06:00:00,South Exit,1109,3.17,30.7,45.4,0,0,85,34,144,HIGH,4.28
2026-06-16 06:00:00,VIP Entrance,457,2.29,30.7,45.4,0,0,64,19,22,MODERATE,2.78
2026-06-16 06:30:00,Food Court,855,1.07,25.7,62.4,0,0,155,42,50,LOW,1.09
2026-06-16 06:30:00,Main Sanctum,1843,7.37,25.7,62.4,0,0,787,98,107,CRITICAL,8.03
2026-06-16 06:30:00,North Entry Gate,2358,5.89,25.7,62.4,0,0,885,259,106,CRITICAL,5.54
2026-06-16 06:30:00,Parking Area,2372,0.95,25.7,62.4,0,0,49,100,112,LOW,1.08
2026-06-16 06:30:00,South Exit,1499,4.28,25.7,62.4,0,0,92,37,200,HIGH,4.39
2026-06-16 06:30:00,VIP Entrance,556,2.78,25.7,62.4,0,0,84,31,22,MODERATE,2.44
2026-06-16 07:00:00,Food Court,876,1.09,31.1,48.1,0,0,149,39,39,LOW,1.37
2026-06-16 07:00:00,Main Sanctum,2008,8.03,31.1,48.1,0,0,939,116,94,CRITICAL,7.65
2026-06-16 07:00:00,North Entry Gate,2214,5.54,31.1,48.1,0,0,665,277,110,CRITICAL,5.68
2026-06-16 07:00:00,Parking Area,2703,1.08,31.1,48.1,0,0,62,118,112,LOW,1.09
2026-06-16 07:00:00,South Exit,1535,4.39,31.1,48.1,0,0,132,42,232,HIGH,5.0
2026-06-16 07:00:00,VIP Entrance,487,2.44,31.1,48.1,0,0,48,24,28,MODERATE,2.71
2026-06-16 07:30:00,Food Court,1096,1.37,32.3,48.8,0,0,256,49,50,LOW,1.13
2026-06-16 07:30:00,Main Sanctum,1913,7.65,32.3,48.8,0,0,896,94,113,CRITICAL,7.7
2026-06-16 07:30:00,North Entry Gate,2272,5.68,32.3,48.8,0,0,800,274,121,CRITICAL,5.86
2026-06-16 07:30:00,Parking Area,2729,1.09,32.3,48.8,0,0,45,135,160,LOW,1.27
2026-06-16 07:30:00,South Exit,1749,5.0,32.3,48.8,0,0,138,52,235,CRITICAL,4.41
2026-06-16 07:30:00,VIP Entrance,543,2.71,32.3,48.8,0,0,51,31,22,MODERATE,3.51
2026-06-16 08:00:00,Food Court,903,1.13,30.4,51.8,0,0,192,53,49,LOW,1.41
2026-06-16 08:00:00,Main Sanctum,1926,7.7,30.4,51.8,0,0,975,105,106,CRITICAL,8.03
2026-06-16 08:00:00,North Entry Gate,2342,5.86,30.4,51.8,0,0,892,266,107,CRITICAL,5.14
2026-06-16 08:00:00,Parking Area,3177,1.27,30.4,51.8,0,0,59,161,176,LOW,1.21
2026-06-16 08:00:00,South Exit,1542,4.41,30.4,51.8,0,0,119,45,203,HIGH,5.13
2026-06-16 08:00:00,VIP Entrance,702,3.51,30.4,51.8,0,0,82,37,33,HIGH,2.79
2026-06-16 08:30:00,Food Court,1125,1.41,32.3,36.2,0,0,233,60,52,LOW,1.36
2026-06-16 08:30:00,Main Sanctum,2007,8.03,32.3,36.2,0,0,913,82,92,CRITICAL,7.7
2026-06-16 08:30:00,North Entry Gate,2058,5.14,32.3,36.2,0,0,667,272,112,CRITICAL,6.0
2026-06-16 08:30:00,Parking Area,3021,1.21,32.3,36.2,0,0,55,170,135,LOW,1.16
2026-06-16 08:30:00,South Exit,1797,5.13,32.3,36.2,0,0,109,66,276,CRITICAL,5.0
2026-06-16 08:30:00,VIP Entrance,558,2.79,32.3,36.2,0,0,76,31,26,MODERATE,3.21
2026-06-16 09:00:00,Food Court,1092,1.36,32.5,43.2,0,0,231,60,51,LOW,1.44
2026-06-16 09:00:00,Main Sanctum,1926,7.7,32.5,43.2,0,0,1127,89,110,CRITICAL,6.9
2026-06-16 09:00:00,North Entry Gate,2398,6.0,32.5,43.2,0,0,699,316,142,CRITICAL,5.16
2026-06-16 09:00:00,Parking Area,2904,1.16,32.5,43.2,0,0,64,117,131,LOW,1.17
2026-06-16 09:00:00,South Exit,1751,5.0,32.5,43.2,0,0,144,54,245,CRITICAL,5.15
2026-06-16 09:00:00,VIP Entrance,641,3.21,32.5,43.2,0,0,87,28,38,HIGH,2.85
2026-06-16 09:30:00,Food Court,1153,1.44,36.6,34.5,0,0,224,53,54,LOW,1.07
2026-06-16 09:30:00,Main Sanctum,1725,6.9,36.6,34.5,0,0,917,97,83,CRITICAL,6.92
2026-06-16 09:30:00,North Entry Gate,2065,5.16,36.6,34.5,0,0,639,241,81,CRITICAL,6.16
2026-06-16 09:30:00,Parking Area,2918,1.17,36.6,34.5,0,0,61,117,141,LOW,1.1
2026-06-16 09:30:00,South Exit,1804,5.15,36.6,34.5,0,0,136,47,266,CRITICAL,3.98
2026-06-16 09:30:00,VIP Entrance,571,2.85,36.6,34.5,0,0,66,31,30,MODERATE,2.83
2026-06-16 10:00:00,Food Court,858,1.07,36.3,30.0,0,0,191,47,35,LOW,1.22
2026-06-16 10:00:00,Main Sanctum,1729,6.92,36.3,30.0,0,0,708,101,86,CRITICAL,6.45
2026-06-16 10:00:00,North Entry Gate,2463,6.16,36.3,30.0,0,0,802,315,102,CRITICAL,5.11
2026-06-16 10:00:00,Parking Area,2746,1.1,36.3,30.0,0,0,52,145,125,LOW,1.01
2026-06-16 10:00:00,South Exit,1394,3.98,36.3,30.0,0,0,95,41,193,HIGH,4.15
2026-06-16 10:00:00,VIP Entrance,566,2.83,36.3,30.0,0,0,66,32,24,MODERATE,2.49
2026-06-16 10:30:00,Food Court,972,1.22,36.8,31.3,0,0,191,44,44,LOW,1.05
2026-06-16 10:30:00,Main Sanctum,1613,6.45,36.8,31.3,0,0,633,84,81,CRITICAL,6.31
2026-06-16 10:30:00,North Entry Gate,2042,5.11,36.8,31.3,0,0,747,251,83,CRITICAL,5.11
2026-06-16 10:30:00,Parking Area,2522,1.01,36.8,31.3,0,0,51,125,125,LOW,1.05
2026-06-16 10:30:00,South Exit,1452,4.15,36.8,31.3,0,0,116,33,190,HIGH,3.49
2026-06-16 10:30:00,VIP Entrance,498,2.49,36.8,31.3,0,0,57,24,27,MODERATE,2.37
2026-06-16 11:00:00,Food Court,841,1.05,35.9,31.6,0,0,161,38,47,LOW,0.98
2026-06-16 11:00:00,Main Sanctum,1577,6.31,35.9,31.6,0,0,849,69,82,CRITICAL,5.84
2026-06-16 11:00:00,North Entry Gate,2042,5.11,35.9,31.6,0,0,757,230,75,CRITICAL,4.67
2026-06-16 11:00:00,Parking Area,2629,1.05,35.9,31.6,0,0,52,115,118,LOW,0.86
2026-06-16 11:00:00,South Exit,1222,3.49,35.9,31.6,0,0,102,32,181,HIGH,3.85
2026-06-16 11:00:00,VIP Entrance,474,2.37,35.9,31.6,0,0,61,20,21,MODERATE,2.13
2026-06-16 11:30:00,Food Court,788,0.98,37.5,31.0,0,0,160,42,42,LOW,2.08
2026-06-16 11:30:00,Main Sanctum,1460,5.84,37.5,31.0,0,0,851,85,75,CRITICAL,4.55
2026-06-16 11:30:00,North Entry Gate,1869,4.67,37.5,31.0,0,0,730,245,79,CRITICAL,2.7
2026-06-16 11:30:00,Parking Area,2156,0.86,37.5,31.0,0,0,39,95,105,LOW,0.64
2026-06-16 11:30:00,South Exit,1347,3.85,37.5,31.0,0,0,101,37,201,HIGH,2.47
2026-06-16 11:30:00,VIP Entrance,426,2.13,37.5,31.0,0,0,62,20,20,MODERATE,1.69
2026-06-16 12:00:00,Food Court,1667,2.08,36.0,33.2,0,0,325,95,79,MODERATE,2.35
2026-06-16 12:00:00,Main Sanctum,1138,4.55,36.0,33.2,0,0,462,62,59,CRITICAL,3.87
2026-06-16 12:00:00,North Entry Gate,1081,2.7,36.0,33.2,0,0,334,135,56,MODERATE,3.28
2026-06-16 12:00:00,Parking Area,1590,0.64,36.0,33.2,0,0,27,71,88,LOW,0.61
2026-06-16 12:00:00,South Exit,864,2.47,36.0,33.2,0,0,65,23,112,MODERATE,2.45
2026-06-16 12:00:00,VIP Entrance,337,1.69,36.0,33.2,0,0,37,14,14,MODERATE,1.53
2026-06-16 12:30:00,Food Court,1880,2.35,37.6,30.0,0,0,420,113,99,MODERATE,2.19
2026-06-16 12:30:00,Main Sanctum,968,3.87,37.6,30.0,0,0,535,40,50,HIGH,4.46
2026-06-16 12:30:00,North Entry Gate,1311,3.28,37.6,30.0,0,0,409,146,53,HIGH,3.63
2026-06-16 12:30:00,Parking Area,1528,0.61,37.6,30.0,0,0,31,75,65,LOW,0.72
2026-06-16 12:30:00,South Exit,857,2.45,37.6,30.0,0,0,77,28,124,MODERATE,2.67
2026-06-16 12:30:00,VIP Entrance,306,1.53,37.6,30.0,0,0,40,14,18,MODERATE,1.77
2026-06-16 13:00:00,Food Court,1751,2.19,35.5,32.9,0,0,402,75,81,MODERATE,2.45
2026-06-16 13:00:00,Main Sanctum,1116,4.46,35.5,32.9,0,0,580,60,53,HIGH,5.06
2026-06-16 13:00:00,North Entry Gate,1451,3.63,35.5,32.9,0,0,570,166,72,HIGH,3.33
2026-06-16 13:00:00,Parking Area,1809,0.72,35.5,32.9,0,0,39,82,106,LOW,0.83
2026-06-16 13:00:00,South Exit,936,2.67,35.5,32.9,0,0,71,22,122,MODERATE,2.6
2026-06-16 13:00:00,VIP Entrance,355,1.77,35.5,32.9,0,0,37,17,16,MODERATE,2.04
2026-06-16 13:30:00,Food Court,1957,2.45,34.6,35.8,0,0,392,99,101,MODERATE,2.89
2026-06-16 13:30:00,Main Sanctum,1265,5.06,34.6,35.8,0,0,724,71,52,CRITICAL,5.14
2026-06-16 13:30:00,North Entry Gate,1332,3.33,34.6,35.8,0,0,501,163,57,HIGH,3.55
2026-06-16 13:30:00,Parking Area,2067,0.83,34.6,35.8,0,0,47,118,100,LOW,0.87
2026-06-16 13:30:00,South Exit,911,2.6,34.6,35.8,0,0,70,20,120,MODERATE,2.74
2026-06-16 13:30:00,VIP Entrance,409,2.04,34.6,35.8,0,0,44,20,22,MODERATE,2.03
2026-06-16 14:00:00,Food Court,2315,2.89,37.1,30.0,0,0,450,106,129,MODERATE,2.55
2026-06-16 14:00:00,Main Sanctum,1285,5.14,37.1,30.0,0,0,601,62,54,CRITICAL,4.5
2026-06-16 14:00:00,North Entry Gate,1421,3.55,37.1,30.0,0,0,517,181,77,HIGH,3.61
2026-06-16 14:00:00,Parking Area,2180,0.87,37.1,30.0,0,0,50,99,107,LOW,0.73
2026-06-16 14:00:00,South Exit,959,2.74,37.1,30.0,0,0,77,30,135,MODERATE,2.55
2026-06-16 14:00:00,VIP Entrance,406,2.03,37.1,30.0,0,0,53,19,20,MODERATE,1.68
2026-06-16 14:30:00,Food Court,2040,2.55,34.3,40.5,0,0,453,86,121,MODERATE,0.75
2026-06-16 14:30:00,Main Sanctum,1124,4.5,34.3,40.5,0,0,456,51,54,CRITICAL,4.5
2026-06-16 14:30:00,North Entry Gate,1443,3.61,34.3,40.5,0,0,530,164,72,HIGH,3.17
2026-06-16 14:30:00,Parking Area,1816,0.73,34.3,40.5,0,0,42,79,88,LOW,0.58
2026-06-16 14:30:00,South Exit,894,2.55,34.3,40.5,0,0,74,25,115,MODERATE,2.75
2026-06-16 14:30:00,VIP Entrance,336,1.68,34.3,40.5,0,0,38,17,16,MODERATE,1.73
2026-06-16 15:00:00,Food Court,598,0.75,32.6,39.7,0,0,119,25,34,LOW,0.7
2026-06-16 15:00:00,Main Sanctum,1124,4.5,32.6,39.7,0,0,544,57,62,CRITICAL,3.92
2026-06-16 15:00:00,North Entry Gate,1269,3.17,32.6,39.7,0,0,377,152,49,HIGH,3.36
2026-06-16 15:00:00,Parking Area,1458,0.58,32.6,39.7,0,0,28,77,79,LOW,0.61
2026-06-16 15:00:00,South Exit,961,2.75,32.6,39.7,0,0,91,30,132,MODERATE,2.73
2026-06-16 15:00:00,VIP Entrance,346,1.73,32.6,39.7,0,0,39,15,15,MODERATE,1.71
2026-06-16 15:30:00,Food Court,563,0.7,31.8,47.6,0,0,101,25,25,LOW,0.98
2026-06-16 15:30:00,Main Sanctum,981,3.92,31.8,47.6,0,0,541,49,49,HIGH,6.0
2026-06-16 15:30:00,North Entry Gate,1343,3.36,31.8,47.6,0,0,420,161,72,HIGH,4.38
2026-06-16 15:30:00,Parking Area,1514,0.61,31.8,47.6,0,0,26,68,90,LOW,0.9
2026-06-16 15:30:00,South Exit,956,2.73,31.8,47.6,0,0,70,27,137,MODERATE,3.58
2026-06-16 15:30:00,VIP Entrance,341,1.71,31.8,47.6,0,0,36,14,18,MODERATE,2.26
2026-06-16 16:00:00,Food Court,782,0.98,30.9,46.4,0,0,166,37,38,LOW,1.14
2026-06-16 16:00:00,Main Sanctum,1500,6.0,30.9,46.4,0,0,817,75,61,CRITICAL,6.38
2026-06-16 16:00:00,North Entry Gate,1754,4.38,30.9,46.4,0,0,654,196,91,HIGH,4.88
2026-06-16 16:00:00,Parking Area,2260,0.9,30.9,46.4,0,0,37,108,104,LOW,1.09
2026-06-16 16:00:00,South Exit,1252,3.58,30.9,46.4,0,0,105,36,167,HIGH,4.12
2026-06-16 16:00:00,VIP Entrance,452,2.26,30.9,46.4,0,0,57,24,23,MODERATE,2.31
2026-06-16 16:30:00,Food Court,913,1.14,32.1,44.4,0,0,172,46,49,LOW,1.4
2026-06-16 16:30:00,Main Sanctum,1594,6.38,32.1,44.4,0,0,754,74,68,CRITICAL,6.94
2026-06-16 16:30:00,North Entry Gate,1952,4.88,32.1,44.4,0,0,615,230,103,CRITICAL,5.08
2026-06-16 16:30:00,Parking Area,2719,1.09,32.1,44.4,0,0,64,138,115,LOW,1.23
2026-06-16 16:30:00,South Exit,1442,4.12,32.1,44.4,0,0,103,40,196,HIGH,4.38
2026-06-16 16:30:00,VIP Entrance,462,2.31,32.1,44.4,0,0,56,26,19,MODERATE,2.31
2026-06-16 17:00:00,Food Court,1116,1.4,30.0,50.2,0,0,245,56,49,LOW,1.14
2026-06-16 17:00:00,Main Sanctum,1735,6.94,30.0,50.2,0,0,800,70,97,CRITICAL,9.26
2026-06-16 17:00:00,North Entry Gate,2033,5.08,30.0,50.2,0,0,713,263,125,CRITICAL,5.67
2026-06-16 17:00:00,Parking Area,3081,1.23,30.0,50.2,0,0,63,172,129,LOW,1.34
2026-06-16 17:00:00,South Exit,1532,4.38,30.0,50.2,0,0,102,42,195,HIGH,4.61
2026-06-16 17:00:00,VIP Entrance,462,2.31,30.0,50.2,0,0,50,19,22,MODERATE,2.95
2026-06-16 17:30:00,Food Court,909,1.14,31.8,44.5,0,0,183,48,54,LOW,1.37
2026-06-16 17:30:00,Main Sanctum,2316,9.26,31.8,44.5,0,0,1172,114,137,CRITICAL,8.33
2026-06-16 17:30:00,North Entry Gate,2269,5.67,31.8,44.5,0,0,741,294,140,CRITICAL,6.48
2026-06-16 17:30:00,Parking Area,3343,1.34,31.8,44.5,0,0,62,179,179,LOW,1.18
2026-06-16 17:30:00,South Exit,1615,4.61,31.8,44.5,0,0,103,47,207,CRITICAL,5.47
2026-06-16 17:30:00,VIP Entrance,590,2.95,31.8,44.5,0,0,68,33,27,MODERATE,2.9
2026-06-16 18:00:00,Food Court,1096,1.37,29.4,51.8,0,0,231,48,59,LOW,1.42
2026-06-16 18:00:00,Main Sanctum,2083,8.33,29.4,51.8,0,0,1129,100,98,CRITICAL,9.12
2026-06-16 18:00:00,North Entry Gate,2591,6.48,29.4,51.8,0,0,924,308,111,CRITICAL,6.38
2026-06-16 18:00:00,Parking Area,2940,1.18,29.4,51.8,0,0,63,129,159,LOW,1.32
2026-06-16 18:00:00,South Exit,1915,5.47,29.4,51.8,0,0,141,49,265,CRITICAL,4.9
2026-06-16 18:00:00,VIP Entrance,581,2.9,29.4,51.8,0,0,84,24,24,MODERATE,3.15
2026-06-16 18:30:00,Food Court,1134,1.42,27.3,62.5,0,0,229,56,58,LOW,4.03
2026-06-16 18:30:00,Main Sanctum,2281,9.12,27.3,62.5,0,0,1160,99,116,CRITICAL,7.81
2026-06-16 18:30:00,North Entry Gate,2553,6.38,27.3,62.5,0,0,1027,328,135,CRITICAL,6.67
2026-06-16 18:30:00,Parking Area,3301,1.32,27.3,62.5,0,0,70,191,161,LOW,1.15
2026-06-16 18:30:00,South Exit,1715,4.9,27.3,62.5,0,0,130,39,223,CRITICAL,4.47
2026-06-16 18:30:00,VIP Entrance,630,3.15,27.3,62.5,0,0,62,32,38,HIGH,2.82
2026-06-16 19:00:00,Food Court,3220,4.03,27.6,59.7,0,0,653,159,133,HIGH,4.53
2026-06-16 19:00:00,Main Sanctum,1953,7.81,27.6,59.7,0,0,1063,82,85,CRITICAL,10.64
2026-06-16 19:00:00,North Entry Gate,2667,6.67,27.6,59.7,0,0,848,322,107,CRITICAL,7.09
2026-06-16 19:00:00,Parking Area,2876,1.15,27.6,59.7,0,0,57,121,161,LOW,1.16
2026-06-16 19:00:00,South Exit,1564,4.47,27.6,59.7,0,0,123,36,204,HIGH,4.66
2026-06-16 19:00:00,VIP Entrance,564,2.82,27.6,59.7,0,0,74,24,25,MODERATE,2.79
2026-06-16 19:30:00,Food Court,3623,4.53,24.3,66.0,0,0,800,191,161,CRITICAL,4.12
2026-06-16 19:30:00,Main Sanctum,2660,10.64,24.3,66.0,0,0,1431,111,122,CRITICAL,8.36
2026-06-16 19:30:00,North Entry Gate,2836,7.09,24.3,66.0,0,0,938,318,107,CRITICAL,7.54
2026-06-16 19:30:00,Parking Area,2893,1.16,24.3,66.0,0,0,66,154,149,LOW,1.31
2026-06-16 19:30:00,South Exit,1630,4.66,24.3,66.0,0,0,123,36,220,CRITICAL,4.4
2026-06-16 19:30:00,VIP Entrance,558,2.79,24.3,66.0,0,0,60,22,26,MODERATE,2.72
2026-06-16 20:00:00,Food Court,3292,4.12,21.8,79.3,0,0,635,182,171,HIGH,3.82
2026-06-16 20:00:00,Main Sanctum,2090,8.36,21.8,79.3,0,0,1118,88,104,CRITICAL,7.05
2026-06-16 20:00:00,North Entry Gate,3015,7.54,21.8,79.3,0,0,1018,393,141,CRITICAL,5.42
2026-06-16 20:00:00,Parking Area,3287,1.31,21.8,79.3,0,0,66,197,169,LOW,1.27
2026-06-16 20:00:00,South Exit,1541,4.4,21.8,79.3,0,0,133,49,232,HIGH,4.59
2026-06-16 20:00:00,VIP Entrance,544,2.72,21.8,79.3,0,0,81,30,31,MODERATE,2.52
2026-06-16 20:30:00,Food Court,3057,3.82,21.9,75.1,0,0,543,156,175,HIGH,3.43
2026-06-16 20:30:00,Main Sanctum,1763,7.05,21.9,75.1,0,0,806,78,79,CRITICAL,7.05
2026-06-16 20:30:00,North Entry Gate,2169,5.42,21.9,75.1,0,0,705,269,125,CRITICAL,4.97
2026-06-16 20:30:00,Parking Area,3179,1.27,21.9,75.1,0,0,83,144,180,LOW,1.06
2026-06-16 20:30:00,South Exit,1607,4.59,21.9,75.1,0,0,115,45,215,CRITICAL,3.97
2026-06-16 20:30:00,VIP Entrance,504,2.52,21.9,75.1,0,0,52,26,23,MODERATE,2.87
2026-06-16 21:00:00,Food Court,2742,3.43,22.5,73.6,0,0,603,115,121,HIGH,3.71
2026-06-16 21:00:00,Main Sanctum,1763,7.05,22.5,73.6,0,0,965,79,78,CRITICAL,6.04
2026-06-16 21:00:00,North Entry Gate,1987,4.97,22.5,73.6,0,0,753,254,92,CRITICAL,4.88
2026-06-16 21:00:00,Parking Area,2646,1.06,22.5,73.6,0,0,55,152,119,LOW,0.94
2026-06-16 21:00:00,South Exit,1388,3.97,22.5,73.6,0,0,120,33,188,HIGH,3.76
2026-06-16 21:00:00,VIP Entrance,573,2.87,22.5,73.6,0,0,65,26,31,MODERATE,2.54
2026-06-16 21:30:00,Food Court,2967,3.71,21.4,73.3,0,0,529,123,139,HIGH,0.18
2026-06-16 21:30:00,Main Sanctum,1509,6.04,21.4,73.3,0,0,636,86,74,CRITICAL,0.81
2026-06-16 21:30:00,North Entry Gate,1953,4.88,21.4,73.3,0,0,630,224,105,CRITICAL,0.68
2026-06-16 21:30:00,Parking Area,2351,0.94,21.4,73.3,0,0,42,139,97,LOW,0.14
2026-06-16 21:30:00,South Exit,1315,3.76,21.4,73.3,0,0,89,38,197,HIGH,0.55
2026-06-16 21:30:00,VIP Entrance,507,2.54,21.4,73.3,0,0,64,23,22,MODERATE,0.35
2026-06-16 22:00:00,Food Court,142,0.18,22.1,72.2,0,0,32,8,8,LOW,0.15
2026-06-16 22:00:00,Main Sanctum,203,0.81,22.1,72.2,0,0,120,10,12,LOW,0.96
2026-06-16 22:00:00,North Entry Gate,273,0.68,22.1,72.2,0,0,98,30,11,LOW,0.8
2026-06-16 22:00:00,Parking Area,341,0.14,22.1,72.2,0,0,10,15,16,LOW,0.15
2026-06-16 22:00:00,South Exit,194,0.55,22.1,72.2,0,0,15,5,28,LOW,0.62
2026-06-16 22:00:00,VIP Entrance,71,0.35,22.1,72.2,0,0,7,3,3,LOW,0.35
2026-06-16 22:30:00,Food Court,122,0.15,20.5,76.4,0,0,21,7,7,LOW,0.17
2026-06-16 22:30:00,Main Sanctum,241,0.96,20.5,76.4,0,0,106,14,14,LOW,1.05
2026-06-16 22:30:00,North Entry Gate,318,0.8,20.5,76.4,0,0,97,36,14,LOW,0.92
2026-06-16 22:30:00,Parking Area,374,0.15,20.5,76.4,0,0,8,17,18,LOW,0.18
2026-06-16 22:30:00,South Exit,216,0.62,20.5,76.4,0,0,21,7,32,LOW,0.75
2026-06-16 22:30:00,VIP Entrance,71,0.35,20.5,76.4,0,0,9,3,4,LOW,0.43
2026-06-16 23:00:00,Food Court,140,0.17,21.2,76.7,0,0,27,6,8,LOW,0.18
2026-06-16 23:00:00,Main Sanctum,263,1.05,21.2,76.7,0,0,126,13,15,LOW,1.06
2026-06-16 23:00:00,North Entry Gate,367,0.92,21.2,76.7,0,0,126,47,22,LOW,0.85
2026-06-16 23:00:00,Parking Area,456,0.18,21.2,76.7,0,0,9,19,27,LOW,0.17
2026-06-16 23:00:00,South Exit,262,0.75,21.2,76.7,0,0,20,7,35,LOW,0.65
2026-06-16 23:00:00,VIP Entrance,86,0.43,21.2,76.7,0,0,12,5,5,LOW,0.39
2026-06-16 23:30:00,Food Court,146,0.18,21.9,76.2,0,0,28,8,8,LOW,0.23
2026-06-16 23:30:00,Main Sanctum,266,1.06,21.9,76.2,0,0,141,14,16,LOW,1.3
2026-06-16 23:30:00,North Entry Gate,342,0.85,21.9,76.2,0,0,97,38,14,LOW,1.02
2026-06-16 23:30:00,Parking Area,427,0.17,21.9,76.2,0,0,8,22,21,LOW,0.17
2026-06-16 23:30:00,South Exit,228,0.65,21.9,76.2,0,0,19,6,34,LOW,0.68
2026-06-16 23:30:00,VIP Entrance,77,0.39,21.9,76.2,0,0,10,3,4,LOW,0.42
2026-06-17 00:00:00,Food Court,184,0.23,19.8,81.7,0,0,36,8,11,LOW,0.18
2026-06-17 00:00:00,Main Sanctum,325,1.3,19.8,81.7,0,0,185,17,14,LOW,1.27
2026-06-17 00:00:00,North Entry Gate,410,1.02,19.8,81.7,0,0,140,49,16,LOW,0.91
2026-06-17 00:00:00,Parking Area,414,0.17,19.8,81.7,0,0,7,17,20,LOW,0.19
2026-06-17 00:00:00,South Exit,238,0.68,19.8,81.7,0,0,22,7,34,LOW,0.65
2026-06-17 00:00:00,VIP Entrance,84,0.42,19.8,81.7,0,0,7,3,4,LOW,0.42
2026-06-17 00:30:00,Food Court,141,0.18,20.7,82.7,0,0,27,6,7,LOW,0.19
2026-06-17 00:30:00,Main Sanctum,317,1.27,20.7,82.7,0,0,175,19,14,LOW,1.15
2026-06-17 00:30:00,North Entry Gate,365,0.91,20.7,82.7,0,0,130,42,15,LOW,0.89
2026-06-17 00:30:00,Parking Area,481,0.19,20.7,82.7,0,0,13,20,22,LOW,0.16
2026-06-17 00:30:00,South Exit,229,0.65,20.7,82.7,0,0,19,5,32,LOW,0.62
2026-06-17 00:30:00,VIP Entrance,84,0.42,20.7,82.7,0,0,12,4,5,LOW,0.43
2026-06-17 01:00:00,Food Court,150,0.19,18.2,82.7,0,0,32,8,7,LOW,0.19
2026-06-17 01:00:00,Main Sanctum,287,1.15,18.2,82.7,0,0,113,12,17,LOW,0.85
2026-06-17 01:00:00,North Entry Gate,354,0.89,18.2,82.7,0,0,124,42,18,LOW,0.85
2026-06-17 01:00:00,Parking Area,397,0.16,18.2,82.7,0,0,6,24,21,LOW,0.15
2026-06-17 01:00:00,South Exit,217,0.62,18.2,82.7,0,0,18,5,28,LOW,0.49
2026-06-17 01:00:00,VIP Entrance,86,0.43,18.2,82.7,0,0,6,4,5,LOW,0.36
2026-06-17 01:30:00,Food Court,152,0.19,20.5,78.8,0,0,31,7,6,LOW,0.14
2026-06-17 01:30:00,Main Sanctum,213,0.85,20.5,78.8,0,0,103,9,12,LOW,0.94
2026-06-17 01:30:00,North Entry Gate,341,0.85,20.5,78.8,0,0,119,42,17,LOW,0.71
2026-06-17 01:30:00,Parking Area,370,0.15,20.5,78.8,0,0,7,16,16,LOW,0.13
2026-06-17 01:30:00,South Exit,170,0.49,20.5,78.8,0,0,14,4,22,LOW,0.49
2026-06-17 01:30:00,VIP Entrance,73,0.36,20.5,78.8,0,0,10,3,3,LOW,0.34
2026-06-17 02:00:00,Food Court,114,0.14,19.6,77.4,0,0,25,7,7,LOW,0.14
2026-06-17 02:00:00,Main Sanctum,235,0.94,19.6,77.4,0,0,115,10,10,LOW,0.8
2026-06-17 02:00:00,North Entry Gate,286,0.71,19.6,77.4,0,0,94,32,15,LOW,0.55
2026-06-17 02:00:00,Parking Area,314,0.13,19.6,77.4,0,0,7,17,16,LOW,0.09
2026-06-17 02:00:00,South Exit,171,0.49,19.6,77.4,0,0,14,5,25,LOW,0.43
2026-06-17 02:00:00,VIP Entrance,69,0.34,19.6,77.4,0,0,10,3,3,LOW,0.3
2026-06-17 02:30:00,Food Court,115,0.14,21.8,71.8,0,0,24,6,7,LOW,0.1
2026-06-17 02:30:00,Main Sanctum,199,0.8,21.8,71.8,0,0,96,12,9,LOW,0.54
2026-06-17 02:30:00,North Entry Gate,220,0.55,21.8,71.8,0,0,74,27,11,LOW,0.46
2026-06-17 02:30:00,Parking Area,226,0.09,21.8,71.8,0,0,1,13,10,LOW,0.09
2026-06-17 02:30:00,South Exit,149,0.43,21.8,71.8,0,0,12,4,21,LOW,0.35
2026-06-17 02:30:00,VIP Entrance,60,0.3,21.8,71.8,0,0,8,3,3,LOW,0.2
2026-06-17 03:00:00,Food Court,83,0.1,22.6,76.0,0,0,20,4,4,LOW,0.09
2026-06-17 03:00:00,Main Sanctum,134,0.54,22.6,76.0,0,0,71,7,8,LOW,0.4
2026-06-17 03:00:00,North Entry Gate,184,0.46,22.6,76.0,0,0,65,21,7,LOW,0.36
2026-06-17 03:00:00,Parking Area,236,0.09,22.6,76.0,0,0,8,10,13,LOW,0.06
2026-06-17 03:00:00,South Exit,122,0.35,22.6,76.0,0,0,7,4,17,LOW,0.27
2026-06-17 03:00:00,VIP Entrance,40,0.2,22.6,76.0,0,0,6,2,2,LOW,0.17
2026-06-17 03:30:00,Food Court,75,0.09,23.4,68.4,0,0,14,3,4,LOW,0.05
2026-06-17 03:30:00,Main Sanctum,100,0.4,23.4,68.4,0,0,55,5,5,LOW,0.3
2026-06-17 03:30:00,North Entry Gate,145,0.36,23.4,68.4,0,0,50,19,9,LOW,0.23
2026-06-17 03:30:00,Parking Area,157,0.06,23.4,68.4,0,0,3,6,9,LOW,0.05
2026-06-17 03:30:00,South Exit,94,0.27,23.4,68.4,0,0,6,2,13,LOW,0.18
2026-06-17 03:30:00,VIP Entrance,35,0.17,23.4,68.4,0,0,3,2,2,LOW,0.1
2026-06-17 04:00:00,Food Court,38,0.05,23.4,67.4,0,0,7,2,2,LOW,0.02
2026-06-17 04:00:00,Main Sanctum,74,0.3,23.4,67.4,0,0,42,3,4,LOW,0.18
2026-06-17 04:00:00,North Entry Gate,91,0.23,23.4,67.4,0,0,29,12,4,LOW,0.13
2026-06-17 04:00:00,Parking Area,121,0.05,23.4,67.4,0,0,4,6,5,LOW,0.02
2026-06-17 04:00:00,South Exit,62,0.18,23.4,67.4,0,0,0,2,9,LOW,0.1
2026-06-17 04:00:00,VIP Entrance,21,0.1,23.4,67.4,0,0,3,2,2,LOW,0.07
2026-06-17 04:30:00,Food Court,19,0.02,27.7,50.5,0,0,3,2,2,LOW,0.93
2026-06-17 04:30:00,Main Sanctum,45,0.18,27.7,50.5,0,0,20,2,3,LOW,5.76
2026-06-17 04:30:00,North Entry Gate,53,0.13,27.7,50.5,0,0,16,6,2,LOW,4.09
2026-06-17 04:30:00,Parking Area,62,0.02,27.7,50.5,0,0,0,3,3,LOW,0.78
2026-06-17 04:30:00,South Exit,36,0.1,27.7,50.5,0,0,2,1,5,LOW,3.36
2026-06-17 04:30:00,VIP Entrance,14,0.07,27.7,50.5,0,0,1,2,2,LOW,1.87
2026-06-17 05:00:00,Food Court,741,0.93,24.4,64.4,0,0,151,36,39,LOW,0.97
2026-06-17 05:00:00,Main Sanctum,1441,5.76,24.4,64.4,0,0,691,76,63,CRITICAL,5.2
2026-06-17 05:00:00,North Entry Gate,1635,4.09,24.4,64.4,0,0,566,215,101,HIGH,4.36
2026-06-17 05:00:00,Parking Area,1943,0.78,24.4,64.4,0,0,34,96,113,LOW,0.86
2026-06-17 05:00:00,South Exit,1177,3.36,24.4,64.4,0,0,96,41,178,HIGH,3.13
2026-06-17 05:00:00,VIP Entrance,374,1.87,24.4,64.4,0,0,49,20,20,MODERATE,1.91
2026-06-17 05:30:00,Food Court,780,0.97,25.4,63.2,0,0,177,43,31,LOW,1.09
2026-06-17 05:30:00,Main Sanctum,1299,5.2,25.4,63.2,0,0,639,74,74,CRITICAL,5.54
2026-06-17 05:30:00,North Entry Gate,1745,4.36,25.4,63.2,0,0,623,219,72,HIGH,5.05
2026-06-17 05:30:00,Parking Area,2143,0.86,25.4,63.2,0,0,47,100,111,LOW,0.9
2026-06-17 05:30:00,South Exit,1094,3.13,25.4,63.2,0,0,78,35,159,HIGH,4.05
2026-06-17 05:30:00,VIP Entrance,381,1.91,25.4,63.2,0,0,39,16,21,MODERATE,2.04
2026-06-17 06:00:00,Food Court,873,1.09,30.0,45.9,0,0,155,47,36,LOW,1.12
2026-06-17 06:00:00,Main Sanctum,1386,5.54,30.0,45.9,0,0,672,67,62,CRITICAL,7.48
2026-06-17 06:00:00,North Entry Gate,2021,5.05,30.0,45.9,0,0,799,223,81,CRITICAL,5.25
2026-06-17 06:00:00,Parking Area,2256,0.9,30.0,45.9,0,0,47,115,132,LOW,1.13
2026-06-17 06:00:00,South Exit,1418,4.05,30.0,45.9,0,0,99,41,214,HIGH,4.05
2026-06-17 06:00:00,VIP Entrance,408,2.04,30.0,45.9,0,0,38,24,19,MODERATE,3.1
2026-06-17 06:30:00,Food Court,898,1.12,28.2,54.6,0,0,182,43,43,LOW,1.47
2026-06-17 06:30:00,Main Sanctum,1871,7.48,28.2,54.6,0,0,876,111,106,CRITICAL,6.94
2026-06-17 06:30:00,North Entry Gate,2098,5.25,28.2,54.6,0,0,615,253,116,CRITICAL,5.88
2026-06-17 06:30:00,Parking Area,2814,1.13,28.2,54.6,0,0,61,137,117,LOW,1.03
2026-06-17 06:30:00,South Exit,1419,4.05,28.2,54.6,0,0,119,37,215,HIGH,4.42
2026-06-17 06:30:00,VIP Entrance,620,3.1,28.2,54.6,0,0,89,33,35,HIGH,2.86
2026-06-17 07:00:00,Food Court,1172,1.47,28.9,57.1,0,0,243,59,62,LOW,1.35
2026-06-17 07:00:00,Main Sanctum,1735,6.94,28.9,57.1,0,0,866,100,100,CRITICAL,7.36
2026-06-17 07:00:00,North Entry Gate,2354,5.88,28.9,57.1,0,0,888,279,122,CRITICAL,6.33
2026-06-17 07:00:00,Parking Area,2585,1.03,28.9,57.1,0,0,59,137,133,LOW,1.07
2026-06-17 07:00:00,South Exit,1548,4.42,28.9,57.1,0,0,121,44,228,HIGH,4.37
2026-06-17 07:00:00,VIP Entrance,572,2.86,28.9,57.1,0,0,70,33,26,MODERATE,2.73
2026-06-17 07:30:00,Food Court,1081,1.35,33.8,36.5,0,0,218,44,58,LOW,1.29
2026-06-17 07:30:00,Main Sanctum,1841,7.36,33.8,36.5,0,0,972,110,90,CRITICAL,8.28
2026-06-17 07:30:00,North Entry Gate,2530,6.33,33.8,36.5,0,0,762,305,124,CRITICAL,5.64
2026-06-17 07:30:00,Parking Area,2666,1.07,33.8,36.5,0,0,56,128,110,LOW,1.18
2026-06-17 07:30:00,South Exit,1528,4.37,33.8,36.5,0,0,129,43,218,HIGH,4.21
2026-06-17 07:30:00,VIP Entrance,547,2.73,33.8,36.5,0,0,70,25,24,MODERATE,3.02
2026-06-17 08:00:00,Food Court,1030,1.29,33.2,37.6,0,0,220,47,59,LOW,1.36
2026-06-17 08:00:00,Main Sanctum,2069,8.28,33.2,37.6,0,0,1092,116,106,CRITICAL,9.86
2026-06-17 08:00:00,North Entry Gate,2258,5.64,33.2,37.6,0,0,764,264,100,CRITICAL,6.21
2026-06-17 08:00:00,Parking Area,2941,1.18,33.2,37.6,0,0,60,145,156,LOW,1.19
2026-06-17 08:00:00,South Exit,1474,4.21,33.2,37.6,0,0,98,41,199,HIGH,4.19
2026-06-17 08:00:00,VIP Entrance,604,3.02,33.2,37.6,0,0,67,35,35,HIGH,2.73
2026-06-17 08:30:00,Food Court,1088,1.36,32.2,40.0,0,0,215,53,52,LOW,1.28
2026-06-17 08:30:00,Main Sanctum,2465,9.86,32.2,40.0,0,0,1321,119,106,CRITICAL,7.55
2026-06-17 08:30:00,North Entry Gate,2486,6.21,32.2,40.0,0,0,731,306,147,CRITICAL,5.81
2026-06-17 08:30:00,Parking Area,2976,1.19,32.2,40.0,0,0,48,132,130,LOW,1.21
2026-06-17 08:30:00,South Exit,1465,4.19,32.2,40.0,0,0,108,44,217,HIGH,4.48
2026-06-17 08:30:00,VIP Entrance,547,2.73,32.2,40.0,0,0,72,22,24,MODERATE,3.0
2026-06-17 09:00:00,Food Court,1022,1.28,33.9,34.9,0,0,202,54,60,LOW,1.32
2026-06-17 09:00:00,Main Sanctum,1887,7.55,33.9,34.9,0,0,879,109,83,CRITICAL,7.85
2026-06-17 09:00:00,North Entry Gate,2325,5.81,33.9,34.9,0,0,651,292,109,CRITICAL,5.96
2026-06-17 09:00:00,Parking Area,3020,1.21,33.9,34.9,0,0,53,156,159,LOW,1.08
2026-06-17 09:00:00,South Exit,1568,4.48,33.9,34.9,0,0,138,46,239,HIGH,4.53
2026-06-17 09:00:00,VIP Entrance,600,3.0,33.9,34.9,0,0,76,24,25,HIGH,2.8
2026-06-17 09:30:00,Food Court,1059,1.32,36.7,31.5,0,0,220,51,43,LOW,1.15
2026-06-17 09:30:00,Main Sanctum,1963,7.85,36.7,31.5,0,0,1005,102,109,CRITICAL,7.51
2026-06-17 09:30:00,North Entry Gate,2382,5.96,36.7,31.5,0,0,864,311,128,CRITICAL,5.47
2026-06-17 09:30:00,Parking Area,2702,1.08,36.7,31.5,0,0,60,152,146,LOW,1.04
2026-06-17 09:30:00,South Exit,1585,4.53,36.7,31.5,0,0,116,42,242,CRITICAL,4.41
2026-06-17 09:30:00,VIP Entrance,560,2.8,36.7,31.5,0,0,76,30,24,MODERATE,3.05
2026-06-17 10:00:00,Food Court,918,1.15,35.8,32.7,0,0,191,48,47,LOW,1.17
2026-06-17 10:00:00,Main Sanctum,1878,7.51,35.8,32.7,0,0,846,109,105,CRITICAL,7.77
2026-06-17 10:00:00,North Entry Gate,2189,5.47,35.8,32.7,0,0,839,285,123,CRITICAL,5.54
2026-06-17 10:00:00,Parking Area,2590,1.04,35.8,32.7,0,0,56,130,141,LOW,1.04
2026-06-17 10:00:00,South Exit,1543,4.41,35.8,32.7,0,0,122,39,206,HIGH,4.31
2026-06-17 10:00:00,VIP Entrance,610,3.05,35.8,32.7,0,0,75,27,34,HIGH,2.66
2026-06-17 10:30:00,Food Court,933,1.17,36.9,32.2,0,0,203,40,51,LOW,1.01
2026-06-17 10:30:00,Main Sanctum,1943,7.77,36.9,32.2,0,0,906,97,91,CRITICAL,6.59
2026-06-17 10:30:00,North Entry Gate,2217,5.54,36.9,32.2,0,0,848,266,102,CRITICAL,4.83
2026-06-17 10:30:00,Parking Area,2610,1.04,36.9,32.2,0,0,47,134,112,LOW,0.93
2026-06-17 10:30:00,South Exit,1509,4.31,36.9,32.2,0,0,126,46,193,HIGH,3.56
2026-06-17 10:30:00,VIP Entrance,532,2.66,36.9,32.2,0,0,64,26,24,MODERATE,2.45
2026-06-17 11:00:00,Food Court,809,1.01,36.7,36.0,0,0,157,39,36,LOW,0.9
2026-06-17 11:00:00,Main Sanctum,1647,6.59,36.7,36.0,0,0,837,99,80,CRITICAL,5.89
2026-06-17 11:00:00,North Entry Gate,1934,4.83,36.7,36.0,0,0,669,238,113,CRITICAL,4.04
2026-06-17 11:00:00,Parking Area,2334,0.93,36.7,36.0,0,0,43,108,94,LOW,0.9
2026-06-17 11:00:00,South Exit,1246,3.56,36.7,36.0,0,0,96,34,168,HIGH,3.6
2026-06-17 11:00:00,VIP Entrance,490,2.45,36.7,36.0,0,0,65,24,25,MODERATE,2.19
2026-06-17 11:30:00,Food Court,719,0.9,37.0,30.0,0,0,161,32,30,LOW,2.28
2026-06-17 11:30:00,Main Sanctum,1472,5.89,37.0,30.0,0,0,763,71,73,CRITICAL,3.86
2026-06-17 11:30:00,North Entry Gate,1616,4.04,37.0,30.0,0,0,548,204,96,HIGH,3.65
2026-06-17 11:30:00,Parking Area,2245,0.9,37.0,30.0,0,0,36,133,132,LOW,0.61
2026-06-17 11:30:00,South Exit,1261,3.6,37.0,30.0,0,0,106,40,172,HIGH,2.18
2026-06-17 11:30:00,VIP Entrance,438,2.19,37.0,30.0,0,0,62,23,22,MODERATE,1.45
2026-06-17 12:00:00,Food Court,1827,2.28,36.0,33.1,0,0,384,77,93,MODERATE,2.12
2026-06-17 12:00:00,Main Sanctum,964,3.86,36.0,33.1,0,0,542,53,57,HIGH,4.19
2026-06-17 12:00:00,North Entry Gate,1459,3.65,36.0,33.1,0,0,478,190,62,HIGH,3.36
2026-06-17 12:00:00,Parking Area,1514,0.61,36.0,33.1,0,0,29,77,73,LOW,0.7
2026-06-17 12:00:00,South Exit,764,2.18,36.0,33.1,0,0,59,18,101,MODERATE,2.35
2026-06-17 12:00:00,VIP Entrance,289,1.45,36.0,33.1,0,0,38,16,16,LOW,1.81
2026-06-17 12:30:00,Food Court,1696,2.12,35.9,30.0,0,0,304,70,86,MODERATE,2.61
2026-06-17 12:30:00,Main Sanctum,1047,4.19,35.9,30.0,0,0,612,45,48,HIGH,4.21
2026-06-17 12:30:00,North Entry Gate,1343,3.36,35.9,30.0,0,0,520,168,75,HIGH,3.67
2026-06-17 12:30:00,Parking Area,1761,0.7,35.9,30.0,0,0,27,75,99,LOW,0.63
2026-06-17 12:30:00,South Exit,822,2.35,35.9,30.0,0,0,58,27,115,MODERATE,2.62
2026-06-17 12:30:00,VIP Entrance,362,1.81,35.9,30.0,0,0,46,17,19,MODERATE,1.81
2026-06-17 13:00:00,Food Court,2086,2.61,36.0,34.4,0,0,441,93,94,MODERATE,2.5
2026-06-17 13:00:00,Main Sanctum,1052,4.21,36.0,34.4,0,0,510,46,58,HIGH,4.12
2026-06-17 13:00:00,North Entry Gate,1467,3.67,36.0,34.4,0,0,554,169,56,HIGH,3.73
2026-06-17 13:00:00,Parking Area,1571,0.63,36.0,34.4,0,0,27,73,90,LOW,0.72
2026-06-17 13:00:00,South Exit,916,2.62,36.0,34.4,0,0,92,22,131,MODERATE,2.6
2026-06-17 13:00:00,VIP Entrance,362,1.81,36.0,34.4,0,0,39,17,17,MODERATE,1.94
2026-06-17 13:30:00,Food Court,1999,2.5,36.3,30.3,0,0,421,95,103,MODERATE,2.37
2026-06-17 13:30:00,Main Sanctum,1029,4.12,36.3,30.3,0,0,552,43,49,HIGH,4.32
2026-06-17 13:30:00,North Entry Gate,1493,3.73,36.3,30.3,0,0,480,168,69,HIGH,3.48
2026-06-17 13:30:00,Parking Area,1797,0.72,36.3,30.3,0,0,33,81,96,LOW,0.71
2026-06-17 13:30:00,South Exit,911,2.6,36.3,30.3,0,0,69,27,128,MODERATE,2.93
2026-06-17 13:30:00,VIP Entrance,387,1.94,36.3,30.3,0,0,48,18,19,MODERATE,1.83
2026-06-17 14:00:00,Food Court,1898,2.37,34.6,36.3,0,0,401,110,105,MODERATE,2.37
2026-06-17 14:00:00,Main Sanctum,1079,4.32,34.6,36.3,0,0,516,56,53,HIGH,4.83
2026-06-17 14:00:00,North Entry Gate,1393,3.48,34.6,36.3,0,0,497,163,60,HIGH,3.15
2026-06-17 14:00:00,Parking Area,1778,0.71,34.6,36.3,0,0,42,91,101,LOW,0.95
2026-06-17 14:00:00,South Exit,1026,2.93,34.6,36.3,0,0,73,26,138,MODERATE,2.44
2026-06-17 14:00:00,VIP Entrance,366,1.83,34.6,36.3,0,0,46,20,15,MODERATE,1.92
2026-06-17 14:30:00,Food Court,1897,2.37,34.5,32.7,0,0,427,92,102,MODERATE,0.7
2026-06-17 14:30:00,Main Sanctum,1207,4.83,34.5,32.7,0,0,577,52,48,CRITICAL,5.19
2026-06-17 14:30:00,North Entry Gate,1260,3.15,34.5,32.7,0,0,436,146,70,HIGH,3.38
2026-06-17 14:30:00,Parking Area,2367,0.95,34.5,32.7,0,0,43,97,106,LOW,0.71
2026-06-17 14:30:00,South Exit,853,2.44,34.5,32.7,0,0,68,23,131,MODERATE,2.5
2026-06-17 14:30:00,VIP Entrance,383,1.92,34.5,32.7,0,0,50,22,17,MODERATE,1.45
2026-06-17 15:00:00,Food Court,557,0.7,33.3,38.8,0,0,110,22,26,LOW,0.61
2026-06-17 15:00:00,Main Sanctum,1298,5.19,33.3,38.8,0,0,691,64,59,CRITICAL,4.52
2026-06-17 15:00:00,North Entry Gate,1351,3.38,33.3,38.8,0,0,443,174,58,HIGH,3.59
2026-06-17 15:00:00,Parking Area,1783,0.71,33.3,38.8,0,0,37,94,95,LOW,0.69
2026-06-17 15:00:00,South Exit,875,2.5,33.3,38.8,0,0,69,19,117,MODERATE,2.72
2026-06-17 15:00:00,VIP Entrance,289,1.45,33.3,38.8,0,0,31,14,14,LOW,1.6
2026-06-17 15:30:00,Food Court,490,0.61,33.0,41.3,0,0,91,22,29,LOW,0.95
2026-06-17 15:30:00,Main Sanctum,1129,4.52,33.0,41.3,0,0,560,61,55,CRITICAL,6.04
2026-06-17 15:30:00,North Entry Gate,1437,3.59,33.0,41.3,0,0,541,182,77,HIGH,4.02
2026-06-17 15:30:00,Parking Area,1720,0.69,33.0,41.3,0,0,33,87,88,LOW,0.86
2026-06-17 15:30:00,South Exit,951,2.72,33.0,41.3,0,0,74,27,132,MODERATE,3.21
2026-06-17 15:30:00,VIP Entrance,321,1.6,33.0,41.3,0,0,42,14,13,MODERATE,2.17
2026-06-17 16:00:00,Food Court,760,0.95,30.5,52.6,0,0,158,44,43,LOW,1.14
2026-06-17 16:00:00,Main Sanctum,1510,6.04,30.5,52.6,0,0,729,75,62,CRITICAL,5.87
2026-06-17 16:00:00,North Entry Gate,1607,4.02,30.5,52.6,0,0,558,197,82,HIGH,5.35
2026-06-17 16:00:00,Parking Area,2154,0.86,30.5,52.6,0,0,41,114,96,LOW,1.04
2026-06-17 16:00:00,South Exit,1123,3.21,30.5,52.6,0,0,90,38,165,HIGH,3.47
2026-06-17 16:00:00,VIP Entrance,435,2.17,30.5,52.6,0,0,42,21,24,MODERATE,2.34
2026-06-17 16:30:00,Food Court,912,1.14,34.2,35.0,0,0,163,44,39,LOW,1.04
2026-06-17 16:30:00,Main Sanctum,1468,5.87,34.2,35.0,0,0,682,82,61,CRITICAL,6.79
2026-06-17 16:30:00,North Entry Gate,2140,5.35,34.2,35.0,0,0,781,232,100,CRITICAL,5.1
2026-06-17 16:30:00,Parking Area,2597,1.04,34.2,35.0,0,0,57,121,127,LOW,1.05
2026-06-17 16:30:00,South Exit,1215,3.47,34.2,35.0,0,0,91,31,167,HIGH,4.2
2026-06-17 16:30:00,VIP Entrance,468,2.34,34.2,35.0,0,0,52,26,19,MODERATE,2.62
2026-06-17 17:00:00,Food Court,834,1.04,29.2,50.7,0,0,169,37,38,LOW,1.26
2026-06-17 17:00:00,Main Sanctum,1697,6.79,29.2,50.7,0,0,793,97,74,CRITICAL,7.82
2026-06-17 17:00:00,North Entry Gate,2039,5.1,29.2,50.7,0,0,678,267,116,CRITICAL,5.94
2026-06-17 17:00:00,Parking Area,2632,1.05,29.2,50.7,0,0,60,141,148,LOW,1.26
2026-06-17 17:00:00,South Exit,1469,4.2,29.2,50.7,0,0,111,50,210,HIGH,4.24
2026-06-17 17:00:00,VIP Entrance,524,2.62,29.2,50.7,0,0,69,24,29,MODERATE,3.0
2026-06-17 17:30:00,Food Court,1009,1.26,28.6,57.0,0,0,205,53,60,LOW,1.58
2026-06-17 17:30:00,Main Sanctum,1956,7.82,28.6,57.0,0,0,806,106,98,CRITICAL,8.53
2026-06-17 17:30:00,North Entry Gate,2375,5.94,28.6,57.0,0,0,796,306,118,CRITICAL,5.15
2026-06-17 17:30:00,Parking Area,3155,1.26,28.6,57.0,0,0,64,128,136,LOW,1.27
2026-06-17 17:30:00,South Exit,1484,4.24,28.6,57.0,0,0,137,47,220,HIGH,5.04
2026-06-17 17:30:00,VIP Entrance,601,3.0,28.6,57.0,0,0,79,35,25,HIGH,2.94
2026-06-17 18:00:00,Food Court,1263,1.58,27.0,56.4,0,0,227,59,65,MODERATE,1.6
2026-06-17 18:00:00,Main Sanctum,2132,8.53,27.0,56.4,0,0,1101,113,91,CRITICAL,8.14
2026-06-17 18:00:00,North Entry Gate,2059,5.15,27.0,56.4,0,0,618,239,76,CRITICAL,6.36
2026-06-17 18:00:00,Parking Area,3170,1.27,27.0,56.4,0,0,69,165,149,LOW,1.33
2026-06-17 18:00:00,South Exit,1765,5.04,27.0,56.4,0,0,138,53,253,CRITICAL,4.77
2026-06-17 18:00:00,VIP Entrance,588,2.94,27.0,56.4,0,0,67,29,26,MODERATE,3.33
2026-06-17 18:30:00,Food Court,1277,1.6,27.7,60.3,0,0,254,54,75,MODERATE,4.76
2026-06-17 18:30:00,Main Sanctum,2036,8.14,27.7,60.3,0,0,888,119,97,CRITICAL,9.47
2026-06-17 18:30:00,North Entry Gate,2544,6.36,27.7,60.3,0,0,945,311,113,CRITICAL,6.35
2026-06-17 18:30:00,Parking Area,3332,1.33,27.7,60.3,0,0,88,151,138,LOW,1.27
2026-06-17 18:30:00,South Exit,1671,4.77,27.7,60.3,0,0,141,47,213,CRITICAL,5.15
2026-06-17 18:30:00,VIP Entrance,665,3.33,27.7,60.3,0,0,66,27,32,HIGH,3.33
2026-06-17 19:00:00,Food Court,3811,4.76,25.7,62.9,0,0,613,214,171,CRITICAL,4.51
2026-06-17 19:00:00,Main Sanctum,2368,9.47,25.7,62.9,0,0,1163,110,120,CRITICAL,8.12
2026-06-17 19:00:00,North Entry Gate,2539,6.35,25.7,62.9,0,0,911,331,131,CRITICAL,7.15
2026-06-17 19:00:00,Parking Area,3181,1.27,25.7,62.9,0,0,60,159,178,LOW,1.25
2026-06-17 19:00:00,South Exit,1804,5.15,25.7,62.9,0,0,160,47,264,CRITICAL,5.17
2026-06-17 19:00:00,VIP Entrance,667,3.33,25.7,62.9,0,0,79,29,36,HIGH,3.47
2026-06-17 19:30:00,Food Court,3612,4.51,23.8,69.5,0,0,743,153,165,CRITICAL,4.1
2026-06-17 19:30:00,Main Sanctum,2031,8.12,23.8,69.5,0,0,939,83,98,CRITICAL,8.65
2026-06-17 19:30:00,North Entry Gate,2861,7.15,23.8,69.5,0,0,980,365,173,CRITICAL,6.95
2026-06-17 19:30:00,Parking Area,3121,1.25,23.8,69.5,0,0,65,130,177,LOW,1.24
2026-06-17 19:30:00,South Exit,1811,5.17,23.8,69.5,0,0,144,47,270,CRITICAL,4.83
2026-06-17 19:30:00,VIP Entrance,694,3.47,23.8,69.5,0,0,88,33,30,HIGH,3.23
2026-06-17 20:00:00,Food Court,3280,4.1,24.8,66.7,0,0,644,192,161,HIGH,4.54
2026-06-17 20:00:00,Main Sanctum,2163,8.65,24.8,66.7,0,0,1189,124,127,CRITICAL,7.73
2026-06-17 20:00:00,North Entry Gate,2781,6.95,24.8,66.7,0,0,1069,334,115,CRITICAL,5.38
2026-06-17 20:00:00,Parking Area,3094,1.24,24.8,66.7,0,0,62,146,130,LOW,1.19
2026-06-17 20:00:00,South Exit,1691,4.83,24.8,66.7,0,0,142,54,248,CRITICAL,4.71
2026-06-17 20:00:00,VIP Entrance,645,3.23,24.8,66.7,0,0,67,28,36,HIGH,2.56
2026-06-17 20:30:00,Food Court,3635,4.54,24.1,65.9,0,0,740,164,213,CRITICAL,3.57
2026-06-17 20:30:00,Main Sanctum,1933,7.73,24.1,65.9,0,0,1057,91,97,CRITICAL,7.6
2026-06-17 20:30:00,North Entry Gate,2153,5.38,24.1,65.9,0,0,667,277,113,CRITICAL,4.74
2026-06-17 20:30:00,Parking Area,2980,1.19,24.1,65.9,0,0,59,124,152,LOW,1.1
2026-06-17 20:30:00,South Exit,1650,4.71,24.1,65.9,0,0,125,42,242,CRITICAL,4.03
2026-06-17 20:30:00,VIP Entrance,513,2.56,24.1,65.9,0,0,57,24,24,MODERATE,2.73
2026-06-17 21:00:00,Food Court,2854,3.57,22.3,74.3,0,0,494,116,124,HIGH,3.46
2026-06-17 21:00:00,Main Sanctum,1901,7.6,22.3,74.3,0,0,979,101,94,CRITICAL,6.34
2026-06-17 21:00:00,North Entry Gate,1894,4.74,22.3,74.3,0,0,621,214,86,CRITICAL,4.88
2026-06-17 21:00:00,Parking Area,2745,1.1,22.3,74.3,0,0,63,132,157,LOW,0.99
2026-06-17 21:00:00,South Exit,1412,4.03,22.3,74.3,0,0,122,39,179,HIGH,3.45
2026-06-17 21:00:00,VIP Entrance,545,2.73,22.3,74.3,0,0,70,31,27,MODERATE,2.44
2026-06-17 21:30:00,Food Court,2769,3.46,20.9,75.0,0,0,457,138,129,HIGH,0.14
2026-06-17 21:30:00,Main Sanctum,1586,6.34,20.9,75.0,0,0,701,79,65,CRITICAL,1.0
2026-06-17 21:30:00,North Entry Gate,1951,4.88,20.9,75.0,0,0,768,211,98,CRITICAL,0.59
2026-06-17 21:30:00,Parking Area,2485,0.99,20.9,75.0,0,0,51,102,131,LOW,0.14
2026-06-17 21:30:00,South Exit,1209,3.45,20.9,75.0,0,0,81,32,171,HIGH,0.55
2026-06-17 21:30:00,VIP Entrance,487,2.44,20.9,75.0,0,0,53,21,21,MODERATE,0.34
2026-06-17 22:00:00,Food Court,113,0.14,23.7,67.4,0,0,23,5,5,LOW,0.17
2026-06-17 22:00:00,Main Sanctum,249,1.0,23.7,67.4,0,0,105,14,14,LOW,1.07
2026-06-17 22:00:00,North Entry Gate,236,0.59,23.7,67.4,0,0,87,30,11,LOW,0.7
2026-06-17 22:00:00,Parking Area,339,0.14,23.7,67.4,0,0,8,19,17,LOW,0.16
2026-06-17 22:00:00,South Exit,191,0.55,23.7,67.4,0,0,14,7,28,LOW,0.57
2026-06-17 22:00:00,VIP Entrance,67,0.34,23.7,67.4,0,0,8,3,4,LOW,0.41
2026-06-17 22:30:00,Food Court,136,0.17,21.0,78.7,0,0,31,6,8,LOW,0.16
2026-06-17 22:30:00,Main Sanctum,268,1.07,21.0,78.7,0,0,154,13,16,LOW,1.1
2026-06-17 22:30:00,North Entry Gate,281,0.7,21.0,78.7,0,0,108,37,12,LOW,0.77
2026-06-17 22:30:00,Parking Area,391,0.16,21.0,78.7,0,0,5,22,22,LOW,0.16
2026-06-17 22:30:00,South Exit,201,0.57,21.0,78.7,0,0,18,5,27,LOW,0.7
2026-06-17 22:30:00,VIP Entrance,81,0.41,21.0,78.7,0,0,12,3,4,LOW,0.4
2026-06-17 23:00:00,Food Court,131,0.16,18.7,84.8,0,0,25,5,6,LOW,0.22
2026-06-17 23:00:00,Main Sanctum,274,1.1,18.7,84.8,0,0,144,14,15,LOW,1.15
2026-06-17 23:00:00,North Entry Gate,306,0.77,18.7,84.8,0,0,101,38,14,LOW,0.93
2026-06-17 23:00:00,Parking Area,396,0.16,18.7,84.8,0,0,7,19,22,LOW,0.18
2026-06-17 23:00:00,South Exit,245,0.7,18.7,84.8,0,0,19,8,36,LOW,0.62
2026-06-17 23:00:00,VIP Entrance,79,0.4,18.7,84.8,0,0,10,4,3,LOW,0.45
2026-06-17 23:30:00,Food Court,176,0.22,21.8,74.4,0,0,38,8,10,LOW,0.2
2026-06-17 23:30:00,Main Sanctum,287,1.15,21.8,74.4,0,0,123,15,14,LOW,1.15
2026-06-17 23:30:00,North Entry Gate,371,0.93,21.8,74.4,0,0,135,45,15,LOW,0.99
2026-06-17 23:30:00,Parking Area,453,0.18,21.8,74.4,0,0,8,24,27,LOW,0.17
2026-06-17 23:30:00,South Exit,216,0.62,21.8,74.4,0,0,14,7,31,LOW,0.75
2026-06-17 23:30:00,VIP Entrance,90,0.45,21.8,74.4,0,0,10,4,4,LOW,0.45
2026-06-18 00:00:00,Food Court,159,0.2,19.0,79.2,0,0,29,9,9,LOW,0.21
2026-06-18 00:00:00,Main Sanctum,288,1.15,19.0,79.2,0,0,137,12,14,LOW,1.02
2026-06-18 00:00:00,North Entry Gate,395,0.99,19.0,79.2,0,0,128,44,17,LOW,0.99
2026-06-18 00:00:00,Parking Area,431,0.17,19.0,79.2,0,0,10,21,23,LOW,0.19
2026-06-18 00:00:00,South Exit,263,0.75,19.0,79.2,0,0,21,9,40,LOW,0.69
2026-06-18 00:00:00,VIP Entrance,90,0.45,19.0,79.2,0,0,10,5,5,LOW,0.48
2026-06-18 00:30:00,Food Court,166,0.21,23.4,66.8,0,0,28,8,9,LOW,0.19
2026-06-18 00:30:00,Main Sanctum,254,1.02,23.4,66.8,0,0,146,15,10,LOW,1.12
2026-06-18 00:30:00,North Entry Gate,398,0.99,23.4,66.8,0,0,131,48,22,LOW,0.98
2026-06-18 00:30:00,Parking Area,476,0.19,23.4,66.8,0,0,11,26,21,LOW,0.17
2026-06-18 00:30:00,South Exit,242,0.69,23.4,66.8,0,0,21,7,37,LOW,0.64
2026-06-18 00:30:00,VIP Entrance,96,0.48,23.4,66.8,0,0,11,5,4,LOW,0.42
2026-06-18 01:00:00,Food Court,154,0.19,20.4,79.6,0,0,29,7,7,LOW,0.18
2026-06-18 01:00:00,Main Sanctum,280,1.12,20.4,79.6,0,0,168,14,16,LOW,1.04
2026-06-18 01:00:00,North Entry Gate,393,0.98,20.4,79.6,0,0,165,50,19,LOW,0.79
2026-06-18 01:00:00,Parking Area,427,0.17,20.4,79.6,0,0,7,24,20,LOW,0.14
2026-06-18 01:00:00,South Exit,225,0.64,20.4,79.6,0,0,19,6,29,LOW,0.62
2026-06-18 01:00:00,VIP Entrance,84,0.42,20.4,79.6,0,0,13,4,4,LOW,0.41
2026-06-18 01:30:00,Food Court,142,0.18,21.8,76.8,0,0,25,8,7,LOW,0.15
2026-06-18 01:30:00,Main Sanctum,259,1.04,21.8,76.8,0,0,135,12,14,LOW,0.96
2026-06-18 01:30:00,North Entry Gate,317,0.79,21.8,76.8,0,0,125,42,20,LOW,0.57
2026-06-18 01:30:00,Parking Area,362,0.14,21.8,76.8,0,0,9,20,20,LOW,0.15
2026-06-18 01:30:00,South Exit,218,0.62,21.8,76.8,0,0,15,6,28,LOW,0.55
2026-06-18 01:30:00,VIP Entrance,83,0.41,21.8,76.8,0,0,12,4,5,LOW,0.33
2026-06-18 02:00:00,Food Court,118,0.15,18.6,80.9,0,0,27,5,7,LOW,0.11
2026-06-18 02:00:00,Main Sanctum,239,0.96,18.6,80.9,0,0,136,13,13,LOW,0.69
2026-06-18 02:00:00,North Entry Gate,228,0.57,18.6,80.9,0,0,87,26,10,LOW,0.49
2026-06-18 02:00:00,Parking Area,384,0.15,18.6,80.9,0,0,6,17,17,LOW,0.12
2026-06-18 02:00:00,South Exit,193,0.55,18.6,80.9,0,0,10,7,30,LOW,0.47
2026-06-18 02:00:00,VIP Entrance,65,0.33,18.6,80.9,0,0,13,3,4,LOW,0.24
2026-06-18 02:30:00,Food Court,89,0.11,20.1,77.2,0,0,15,4,5,LOW,0.1
2026-06-18 02:30:00,Main Sanctum,172,0.69,20.1,77.2,0,0,87,9,10,LOW,0.58
2026-06-18 02:30:00,North Entry Gate,197,0.49,20.1,77.2,0,0,57,26,9,LOW,0.41
2026-06-18 02:30:00,Parking Area,294,0.12,20.1,77.2,0,0,6,13,12,LOW,0.08
2026-06-18 02:30:00,South Exit,165,0.47,20.1,77.2,0,0,14,4,24,LOW,0.34
2026-06-18 02:30:00,VIP Entrance,49,0.24,20.1,77.2,0,0,4,3,3,LOW,0.23
2026-06-18 03:00:00,Food Court,76,0.1,23.9,68.7,0,0,14,4,4,LOW,0.06
2026-06-18 03:00:00,Main Sanctum,146,0.58,23.9,68.7,0,0,68,7,7,LOW,0.45
2026-06-18 03:00:00,North Entry Gate,165,0.41,23.9,68.7,0,0,58,20,7,LOW,0.34
2026-06-18 03:00:00,Parking Area,200,0.08,23.9,68.7,0,0,3,9,10,LOW,0.07
2026-06-18 03:00:00,South Exit,118,0.34,23.9,68.7,0,0,9,3,15,LOW,0.23
2026-06-18 03:00:00,VIP Entrance,45,0.23,23.9,68.7,0,0,8,3,2,LOW,0.17
2026-06-18 03:30:00,Food Court,51,0.06,23.5,69.8,0,0,12,3,2,LOW,0.06
2026-06-18 03:30:00,Main Sanctum,113,0.45,23.5,69.8,0,0,63,6,7,LOW,0.29
2026-06-18 03:30:00,North Entry Gate,134,0.34,23.5,69.8,0,0,58,17,7,LOW,0.22
2026-06-18 03:30:00,Parking Area,168,0.07,23.5,69.8,0,0,2,9,7,LOW,0.05
2026-06-18 03:30:00,South Exit,81,0.23,23.5,69.8,0,0,4,2,11,LOW,0.18
2026-06-18 03:30:00,VIP Entrance,35,0.17,23.5,69.8,0,0,4,2,2,LOW,0.11
2026-06-18 04:00:00,Food Court,45,0.06,26.5,55.6,0,0,8,2,2,LOW,0.03
2026-06-18 04:00:00,Main Sanctum,73,0.29,26.5,55.6,0,0,34,4,4,LOW,0.18
2026-06-18 04:00:00,North Entry Gate,89,0.22,26.5,55.6,0,0,32,12,5,LOW,0.13
2026-06-18 04:00:00,Parking Area,115,0.05,26.5,55.6,0,0,6,6,7,LOW,0.03
2026-06-18 04:00:00,South Exit,63,0.18,26.5,55.6,0,0,3,2,8,LOW,0.1
2026-06-18 04:00:00,VIP Entrance,22,0.11,26.5,55.6,0,0,6,2,2,LOW,0.07
2026-06-18 04:30:00,Food Court,25,0.03,25.5,64.0,0,0,5,2,2,LOW,0.88
2026-06-18 04:30:00,Main Sanctum,44,0.18,25.5,64.0,0,0,23,2,2,LOW,6.21
2026-06-18 04:30:00,North Entry Gate,52,0.13,25.5,64.0,0,0,21,7,3,LOW,4.08
2026-06-18 04:30:00,Parking Area,75,0.03,25.5,64.0,0,0,0,4,4,LOW,0.74
2026-06-18 04:30:00,South Exit,35,0.1,25.5,64.0,0,0,3,1,5,LOW,3.17
2026-06-18 04:30:00,VIP Entrance,14,0.07,25.5,64.0,0,0,2,2,2,LOW,1.96
2026-06-18 05:00:00,Food Court,700,0.88,26.1,59.9,0,0,134,29,42,LOW,0.84
2026-06-18 05:00:00,Main Sanctum,1553,6.21,26.1,59.9,0,0,706,88,79,CRITICAL,5.64
2026-06-18 05:00:00,North Entry Gate,1634,4.08,26.1,59.9,0,0,569,211,93,HIGH,4.1
2026-06-18 05:00:00,Parking Area,1853,0.74,26.1,59.9,0,0,34,108,105,LOW,0.84
2026-06-18 05:00:00,South Exit,1109,3.17,26.1,59.9,0,0,95,32,156,HIGH,2.73
2026-06-18 05:00:00,VIP Entrance,392,1.96,26.1,59.9,0,0,49,19,20,MODERATE,2.04
2026-06-18 05:30:00,Food Court,669,0.84,29.0,57.9,0,0,129,30,39,LOW,0.96
2026-06-18 05:30:00,Main Sanctum,1409,5.64,29.0,57.9,0,0,698,71,77,CRITICAL,6.13
2026-06-18 05:30:00,North Entry Gate,1641,4.1,29.0,57.9,0,0,615,195,85,HIGH,4.75
2026-06-18 05:30:00,Parking Area,2094,0.84,29.0,57.9,0,0,39,116,103,LOW,0.88
2026-06-18 05:30:00,South Exit,956,2.73,29.0,57.9,0,0,90,27,127,MODERATE,3.55
2026-06-18 05:30:00,VIP Entrance,409,2.04,29.0,57.9,0,0,55,22,24,MODERATE,2.5
2026-06-18 06:00:00,Food Court,771,0.96,29.2,53.1,0,0,148,43,41,LOW,1.27
2026-06-18 06:00:00,Main Sanctum,1533,6.13,29.2,53.1,0,0,696,78,80,CRITICAL,6.89
2026-06-18 06:00:00,North Entry Gate,1900,4.75,29.2,53.1,0,0,646,214,98,CRITICAL,5.37
2026-06-18 06:00:00,Parking Area,2208,0.88,29.2,53.1,0,0,41,120,122,LOW,0.89
2026-06-18 06:00:00,South Exit,1244,3.55,29.2,53.1,0,0,112,42,175,HIGH,4.15
2026-06-18 06:00:00,VIP Entrance,501,2.5,29.2,53.1,0,0,57,22,29,MODERATE,2.71
2026-06-18 06:30:00,Food Court,1013,1.27,28.8,54.9,0,0,210,42,55,LOW,1.08
2026-06-18 06:30:00,Main Sanctum,1723,6.89,28.8,54.9,0,0,839,97,85,CRITICAL,7.23
2026-06-18 06:30:00,North Entry Gate,2147,5.37,28.8,54.9,0,0,863,265,89,CRITICAL,6.14
2026-06-18 06:30:00,Parking Area,2232,0.89,28.8,54.9,0,0,34,101,129,LOW,1.28
2026-06-18 06:30:00,South Exit,1454,4.15,28.8,54.9,0,0,111,43,193,HIGH,3.73
2026-06-18 06:30:00,VIP Entrance,543,2.71,28.8,54.9,0,0,75,27,25,MODERATE,2.66
2026-06-18 07:00:00,Food Court,868,1.08,28.8,54.9,0,0,133,47,41,LOW,1.36
2026-06-18 07:00:00,Main Sanctum,1808,7.23,28.8,54.9,0,0,744,93,104,CRITICAL,7.58
2026-06-18 07:00:00,North Entry Gate,2455,6.14,28.8,54.9,0,0,761,269,111,CRITICAL,5.55
2026-06-18 07:00:00,Parking Area,3207,1.28,28.8,54.9,0,0,67,158,181,LOW,1.21
2026-06-18 07:00:00,South Exit,1307,3.73,28.8,54.9,0,0,109,35,168,HIGH,3.95
2026-06-18 07:00:00,VIP Entrance,532,2.66,28.8,54.9,0,0,70,25,24,MODERATE,2.96
2026-06-18 07:30:00,Food Court,1085,1.36,28.2,51.8,0,0,224,64,44,LOW,1.3
2026-06-18 07:30:00,Main Sanctum,1895,7.58,28.2,51.8,0,0,820,95,86,CRITICAL,7.51
2026-06-18 07:30:00,North Entry Gate,2221,5.55,28.2,51.8,0,0,795,259,94,CRITICAL,5.75
2026-06-18 07:30:00,Parking Area,3035,1.21,28.2,51.8,0,0,61,143,172,LOW,1.2
2026-06-18 07:30:00,South Exit,1381,3.95,28.2,51.8,0,0,124,42,188,HIGH,4.58
2026-06-18 07:30:00,VIP Entrance,591,2.96,28.2,51.8,0,0,67,28,33,MODERATE,2.88
2026-06-18 08:00:00,Food Court,1043,1.3,31.5,51.3,0,0,200,49,45,LOW,1.24
2026-06-18 08:00:00,Main Sanctum,1878,7.51,31.5,51.3,0,0,916,107,102,CRITICAL,7.09
2026-06-18 08:00:00,North Entry Gate,2300,5.75,31.5,51.3,0,0,747,302,99,CRITICAL,5.68
2026-06-18 08:00:00,Parking Area,3002,1.2,31.5,51.3,0,0,49,160,134,LOW,0.94
2026-06-18 08:00:00,South Exit,1602,4.58,31.5,51.3,0,0,146,35,218,CRITICAL,4.88
2026-06-18 08:00:00,VIP Entrance,576,2.88,31.5,51.3,0,0,73,33,28,MODERATE,3.14
2026-06-18 08:30:00,Food Court,991,1.24,31.4,40.9,0,0,227,57,41,LOW,1.33
2026-06-18 08:30:00,Main Sanctum,1773,7.09,31.4,40.9,0,0,937,86,84,CRITICAL,7.24
2026-06-18 08:30:00,North Entry Gate,2274,5.68,31.4,40.9,0,0,812,277,101,CRITICAL,6.07
2026-06-18 08:30:00,Parking Area,2348,0.94,31.4,40.9,0,0,42,118,127,LOW,1.22
2026-06-18 08:30:00,South Exit,1707,4.88,31.4,40.9,0,0,158,38,216,CRITICAL,4.39
2026-06-18 08:30:00,VIP Entrance,628,3.14,31.4,40.9,0,0,76,32,31,HIGH,2.83
2026-06-18 09:00:00,Food Court,1061,1.33,36.8,32.0,0,0,238,60,59,LOW,1.37
2026-06-18 09:00:00,Main Sanctum,1809,7.24,36.8,32.0,0,0,816,104,104,CRITICAL,7.12
2026-06-18 09:00:00,North Entry Gate,2429,6.07,36.8,32.0,0,0,824,284,123,CRITICAL,6.32
2026-06-18 09:00:00,Parking Area,3046,1.22,36.8,32.0,0,0,57,123,163,LOW,1.3
2026-06-18 09:00:00,South Exit,1538,4.39,36.8,32.0,0,0,123,43,204,HIGH,4.26
2026-06-18 09:00:00,VIP Entrance,565,2.83,36.8,32.0,0,0,81,26,32,MODERATE,2.89
2026-06-18 09:30:00,Food Court,1099,1.37,33.6,41.1,0,0,231,64,57,LOW,1.41
2026-06-18 09:30:00,Main Sanctum,1781,7.12,33.6,41.1,0,0,709,104,103,CRITICAL,6.18
2026-06-18 09:30:00,North Entry Gate,2528,6.32,33.6,41.1,0,0,935,307,107,CRITICAL,5.49
2026-06-18 09:30:00,Parking Area,3238,1.3,33.6,41.1,0,0,61,181,158,LOW,1.03
2026-06-18 09:30:00,South Exit,1491,4.26,33.6,41.1,0,0,133,40,188,HIGH,4.16
2026-06-18 09:30:00,VIP Entrance,578,2.89,33.6,41.1,0,0,80,24,25,MODERATE,2.78
2026-06-18 10:00:00,Food Court,1124,1.41,34.1,36.3,0,0,241,49,63,LOW,1.05
2026-06-18 10:00:00,Main Sanctum,1544,6.18,34.1,36.3,0,0,854,74,76,CRITICAL,6.24
2026-06-18 10:00:00,North Entry Gate,2196,5.49,34.1,36.3,0,0,758,238,109,CRITICAL,4.81
2026-06-18 10:00:00,Parking Area,2587,1.03,34.1,36.3,0,0,66,117,128,LOW,1.17
2026-06-18 10:00:00,South Exit,1457,4.16,34.1,36.3,0,0,113,48,218,HIGH,4.0
2026-06-18 10:00:00,VIP Entrance,556,2.78,34.1,36.3,0,0,52,29,28,MODERATE,2.39
2026-06-18 10:30:00,Food Court,840,1.05,33.6,41.2,0,0,151,45,43,LOW,1.18
2026-06-18 10:30:00,Main Sanctum,1561,6.24,33.6,41.2,0,0,814,68,80,CRITICAL,6.2
2026-06-18 10:30:00,North Entry Gate,1925,4.81,33.6,41.2,0,0,686,228,83,CRITICAL,4.59
2026-06-18 10:30:00,Parking Area,2931,1.17,33.6,41.2,0,0,55,133,122,LOW,0.84
2026-06-18 10:30:00,South Exit,1399,4.0,33.6,41.2,0,0,113,44,212,HIGH,3.46
2026-06-18 10:30:00,VIP Entrance,478,2.39,33.6,41.2,0,0,71,28,20,MODERATE,2.18
2026-06-18 11:00:00,Food Court,946,1.18,35.4,32.8,0,0,172,43,40,LOW,1.05
2026-06-18 11:00:00,Main Sanctum,1549,6.2,35.4,32.8,0,0,776,63,72,CRITICAL,5.86
2026-06-18 11:00:00,North Entry Gate,1837,4.59,35.4,32.8,0,0,721,229,107,CRITICAL,4.08
2026-06-18 11:00:00,Parking Area,2090,0.84,35.4,32.8,0,0,40,105,112,LOW,0.86
2026-06-18 11:00:00,South Exit,1210,3.46,35.4,32.8,0,0,106,37,164,HIGH,3.22
2026-06-18 11:00:00,VIP Entrance,436,2.18,35.4,32.8,0,0,53,26,17,MODERATE,1.92
2026-06-18 11:30:00,Food Court,844,1.05,35.1,32.7,0,0,162,48,34,LOW,2.21
2026-06-18 11:30:00,Main Sanctum,1466,5.86,35.1,32.7,0,0,842,71,67,CRITICAL,4.01
2026-06-18 11:30:00,North Entry Gate,1633,4.08,35.1,32.7,0,0,626,210,69,HIGH,2.85
2026-06-18 11:30:00,Parking Area,2151,0.86,35.1,32.7,0,0,39,89,98,LOW,0.6
2026-06-18 11:30:00,South Exit,1127,3.22,35.1,32.7,0,0,94,32,165,HIGH,2.18
2026-06-18 11:30:00,VIP Entrance,384,1.92,35.1,32.7,0,0,47,18,16,MODERATE,1.56
2026-06-18 12:00:00,Food Court,1766,2.21,38.1,30.0,0,0,372,104,95,MODERATE,2.34
2026-06-18 12:00:00,Main Sanctum,1002,4.01,38.1,30.0,0,0,494,58,44,HIGH,3.99
2026-06-18 12:00:00,North Entry Gate,1138,2.85,38.1,30.0,0,0,352,129,60,MODERATE,3.21
2026-06-18 12:00:00,Parking Area,1497,0.6,38.1,30.0,0,0,35,83,64,LOW,0.64
2026-06-18 12:00:00,South Exit,763,2.18,38.1,30.0,0,0,62,21,114,MODERATE,2.63
2026-06-18 12:00:00,VIP Entrance,312,1.56,38.1,30.0,0,0,39,18,16,MODERATE,1.62
2026-06-18 12:30:00,Food Court,1869,2.34,36.1,30.0,0,0,328,80,100,MODERATE,2.24
2026-06-18 12:30:00,Main Sanctum,998,3.99,36.1,30.0,0,0,487,44,43,HIGH,4.38
2026-06-18 12:30:00,North Entry Gate,1283,3.21,36.1,30.0,0,0,405,156,66,HIGH,3.35
2026-06-18 12:30:00,Parking Area,1611,0.64,36.1,30.0,0,0,28,93,89,LOW,0.68
2026-06-18 12:30:00,South Exit,921,2.63,36.1,30.0,0,0,71,26,127,MODERATE,2.89
2026-06-18 12:30:00,VIP Entrance,325,1.62,36.1,30.0,0,0,37,17,15,MODERATE,1.67
2026-06-18 13:00:00,Food Court,1791,2.24,35.7,32.2,0,0,366,88,96,MODERATE,2.41
2026-06-18 13:00:00,Main Sanctum,1095,4.38,35.7,32.2,0,0,497,55,62,HIGH,5.0
2026-06-18 13:00:00,North Entry Gate,1341,3.35,35.7,32.2,0,0,510,168,71,HIGH,3.44
2026-06-18 13:00:00,Parking Area,1706,0.68,35.7,32.2,0,0,33,91,76,LOW,0.78
2026-06-18 13:00:00,South Exit,1012,2.89,35.7,32.2,0,0,71,33,142,MODERATE,2.67
2026-06-18 13:00:00,VIP Entrance,334,1.67,35.7,32.2,0,0,39,20,19,MODERATE,1.66
2026-06-18 13:30:00,Food Court,1926,2.41,35.2,32.6,0,0,385,107,114,MODERATE,2.56
2026-06-18 13:30:00,Main Sanctum,1251,5.0,35.2,32.6,0,0,708,73,64,CRITICAL,4.53
2026-06-18 13:30:00,North Entry Gate,1377,3.44,35.2,32.6,0,0,464,150,69,HIGH,3.09
2026-06-18 13:30:00,Parking Area,1953,0.78,35.2,32.6,0,0,37,86,106,LOW,0.69
2026-06-18 13:30:00,South Exit,935,2.67,35.2,32.6,0,0,73,22,121,MODERATE,2.93
2026-06-18 13:30:00,VIP Entrance,332,1.66,35.2,32.6,0,0,38,17,14,MODERATE,1.76
2026-06-18 14:00:00,Food Court,2044,2.56,35.9,31.3,0,0,374,105,84,MODERATE,2.51
2026-06-18 14:00:00,Main Sanctum,1133,4.53,35.9,31.3,0,0,530,58,64,CRITICAL,5.01
2026-06-18 14:00:00,North Entry Gate,1237,3.09,35.9,31.3,0,0,430,148,70,HIGH,3.53
2026-06-18 14:00:00,Parking Area,1736,0.69,35.9,31.3,0,0,31,103,101,LOW,0.64
2026-06-18 14:00:00,South Exit,1025,2.93,35.9,31.3,0,0,90,22,137,MODERATE,2.5
2026-06-18 14:00:00,VIP Entrance,353,1.76,35.9,31.3,0,0,33,19,16,MODERATE,1.92
2026-06-18 14:30:00,Food Court,2011,2.51,33.8,39.9,0,0,422,113,105,MODERATE,0.67
2026-06-18 14:30:00,Main Sanctum,1253,5.01,33.8,39.9,0,0,708,69,57,CRITICAL,4.86
2026-06-18 14:30:00,North Entry Gate,1412,3.53,33.8,39.9,0,0,530,161,60,HIGH,3.61
2026-06-18 14:30:00,Parking Area,1605,0.64,33.8,39.9,0,0,28,73,79,LOW,0.73
2026-06-18 14:30:00,South Exit,874,2.5,33.8,39.9,0,0,58,25,115,MODERATE,2.56
2026-06-18 14:30:00,VIP Entrance,383,1.92,33.8,39.9,0,0,42,16,21,MODERATE,1.58
2026-06-18 15:00:00,Food Court,536,0.67,34.5,34.7,0,0,110,26,23,LOW,0.67
2026-06-18 15:00:00,Main Sanctum,1216,4.86,34.5,34.7,0,0,662,50,58,CRITICAL,4.15
2026-06-18 15:00:00,North Entry Gate,1444,3.61,34.5,34.7,0,0,562,159,76,HIGH,3.38
2026-06-18 15:00:00,Parking Area,1825,0.73,34.5,34.7,0,0,31,79,86,LOW,0.63
2026-06-18 15:00:00,South Exit,896,2.56,34.5,34.7,0,0,67,29,127,MODERATE,2.52
2026-06-18 15:00:00,VIP Entrance,316,1.58,34.5,34.7,0,0,36,18,13,MODERATE,1.64
2026-06-18 15:30:00,Food Court,534,0.67,34.8,35.0,0,0,116,24,22,LOW,0.88
2026-06-18 15:30:00,Main Sanctum,1037,4.15,34.8,35.0,0,0,546,47,60,HIGH,5.96
2026-06-18 15:30:00,North Entry Gate,1353,3.38,34.8,35.0,0,0,428,175,83,HIGH,4.08
2026-06-18 15:30:00,Parking Area,1567,0.63,34.8,35.0,0,0,33,83,93,LOW,0.78
2026-06-18 15:30:00,South Exit,882,2.52,34.8,35.0,0,0,76,21,119,MODERATE,3.49
2026-06-18 15:30:00,VIP Entrance,328,1.64,34.8,35.0,0,0,47,14,15,MODERATE,1.98
2026-06-18 16:00:00,Food Court,707,0.88,32.6,40.7,0,0,134,41,38,LOW,0.98
2026-06-18 16:00:00,Main Sanctum,1490,5.96,32.6,40.7,0,0,829,82,65,CRITICAL,6.22
2026-06-18 16:00:00,North Entry Gate,1630,4.08,32.6,40.7,0,0,637,213,91,HIGH,5.0
2026-06-18 16:00:00,Parking Area,1962,0.78,32.6,40.7,0,0,35,86,103,LOW,0.95
2026-06-18 16:00:00,South Exit,1223,3.49,32.6,40.7,0,0,100,26,155,HIGH,3.69
2026-06-18 16:00:00,VIP Entrance,396,1.98,32.6,40.7,0,0,41,22,22,MODERATE,2.72
2026-06-18 16:30:00,Food Court,785,0.98,30.8,51.9,0,0,170,41,40,LOW,1.29
2026-06-18 16:30:00,Main Sanctum,1556,6.22,30.8,51.9,0,0,764,65,67,CRITICAL,6.72
2026-06-18 16:30:00,North Entry Gate,2001,5.0,30.8,51.9,0,0,727,223,76,CRITICAL,5.09
2026-06-18 16:30:00,Parking Area,2384,0.95,30.8,51.9,0,0,52,140,116,LOW,0.93
2026-06-18 16:30:00,South Exit,1293,3.69,30.8,51.9,0,0,95,44,186,HIGH,4.52
2026-06-18 16:30:00,VIP Entrance,544,2.72,30.8,51.9,0,0,71,24,25,MODERATE,2.46
2026-06-18 17:00:00,Food Court,1030,1.29,28.9,54.3,0,0,190,58,58,LOW,1.43
2026-06-18 17:00:00,Main Sanctum,1679,6.72,28.9,54.3,0,0,842,80,73,CRITICAL,7.98
2026-06-18 17:00:00,North Entry Gate,2035,5.09,28.9,54.3,0,0,749,237,101,CRITICAL,6.24
2026-06-18 17:00:00,Parking Area,2323,0.93,28.9,54.3,0,0,44,117,111,LOW,1.02
2026-06-18 17:00:00,South Exit,1583,4.52,28.9,54.3,0,0,136,46,210,CRITICAL,4.45
2026-06-18 17:00:00,VIP Entrance,492,2.46,28.9,54.3,0,0,57,28,23,MODERATE,3.08
2026-06-18 17:30:00,Food Court,1147,1.43,28.7,54.6,0,0,248,59,48,LOW,1.37
2026-06-18 17:30:00,Main Sanctum,1994,7.98,28.7,54.6,0,0,1046,103,108,CRITICAL,8.02
2026-06-18 17:30:00,North Entry Gate,2497,6.24,28.7,54.6,0,0,924,316,121,CRITICAL,6.53
2026-06-18 17:30:00,Parking Area,2540,1.02,28.7,54.6,0,0,43,120,130,LOW,1.42
2026-06-18 17:30:00,South Exit,1557,4.45,28.7,54.6,0,0,118,41,235,HIGH,4.63
2026-06-18 17:30:00,VIP Entrance,617,3.08,28.7,54.6,0,0,75,29,33,HIGH,3.38
2026-06-18 18:00:00,Food Court,1095,1.37,28.7,56.0,0,0,232,65,58,LOW,1.38
2026-06-18 18:00:00,Main Sanctum,2005,8.02,28.7,56.0,0,0,1005,93,87,CRITICAL,9.83
2026-06-18 18:00:00,North Entry Gate,2613,6.53,28.7,56.0,0,0,859,308,116,CRITICAL,5.99
2026-06-18 18:00:00,Parking Area,3553,1.42,28.7,56.0,0,0,73,159,208,LOW,1.22
2026-06-18 18:00:00,South Exit,1621,4.63,28.7,56.0,0,0,118,42,241,CRITICAL,4.9
2026-06-18 18:00:00,VIP Entrance,677,3.38,28.7,56.0,0,0,72,36,35,HIGH,3.43
2026-06-18 18:30:00,Food Court,1105,1.38,25.1,62.9,0,0,191,66,57,LOW,3.81
2026-06-18 18:30:00,Main Sanctum,2457,9.83,25.1,62.9,0,0,1316,140,145,CRITICAL,9.33
2026-06-18 18:30:00,North Entry Gate,2397,5.99,25.1,62.9,0,0,916,315,144,CRITICAL,6.03
2026-06-18 18:30:00,Parking Area,3047,1.22,25.1,62.9,0,0,59,176,178,LOW,1.35
2026-06-18 18:30:00,South Exit,1714,4.9,25.1,62.9,0,0,148,41,259,CRITICAL,5.02
2026-06-18 18:30:00,VIP Entrance,686,3.43,25.1,62.9,0,0,45,37,41,HIGH,3.46
2026-06-18 19:00:00,Food Court,3049,3.81,26.9,61.9,0,0,648,159,144,HIGH,4.09
2026-06-18 19:00:00,Main Sanctum,2333,9.33,26.9,61.9,0,0,1178,127,140,CRITICAL,10.0
2026-06-18 19:00:00,North Entry Gate,2410,6.03,26.9,61.9,0,0,806,271,88,CRITICAL,6.74
2026-06-18 19:00:00,Parking Area,3365,1.35,26.9,61.9,0,0,61,166,178,LOW,1.29
2026-06-18 19:00:00,South Exit,1758,5.02,26.9,61.9,0,0,153,52,245,CRITICAL,4.44
2026-06-18 19:00:00,VIP Entrance,691,3.46,26.9,61.9,0,0,74,32,40,HIGH,2.89
2026-06-18 19:30:00,Food Court,3272,4.09,25.2,65.4,0,0,537,132,139,HIGH,4.03
2026-06-18 19:30:00,Main Sanctum,2500,10.0,25.2,65.4,0,0,1169,116,106,CRITICAL,7.93
2026-06-18 19:30:00,North Entry Gate,2696,6.74,25.2,65.4,0,0,823,328,115,CRITICAL,5.88
2026-06-18 19:30:00,Parking Area,3215,1.29,25.2,65.4,0,0,58,157,169,LOW,1.32
2026-06-18 19:30:00,South Exit,1554,4.44,25.2,65.4,0,0,131,51,225,HIGH,4.81
2026-06-18 19:30:00,VIP Entrance,578,2.89,25.2,65.4,0,0,72,25,27,MODERATE,3.43
2026-06-18 20:00:00,Food Court,3226,4.03,23.8,63.9,0,0,557,147,152,HIGH,3.9
2026-06-18 20:00:00,Main Sanctum,1982,7.93,23.8,63.9,0,0,1130,106,81,CRITICAL,8.17
2026-06-18 20:00:00,North Entry Gate,2351,5.88,23.8,63.9,0,0,781,299,99,CRITICAL,5.58
2026-06-18 20:00:00,Parking Area,3301,1.32,23.8,63.9,0,0,67,161,164,LOW,1.01
2026-06-18 20:00:00,South Exit,1682,4.81,23.8,63.9,0,0,136,39,219,CRITICAL,3.86
2026-06-18 20:00:00,VIP Entrance,686,3.43,23.8,63.9,0,0,92,32,40,HIGH,2.96
2026-06-18 20:30:00,Food Court,3121,3.9,22.3,68.8,0,0,685,142,144,HIGH,3.18
2026-06-18 20:30:00,Main Sanctum,2043,8.17,22.3,68.8,0,0,908,96,83,CRITICAL,7.5
2026-06-18 20:30:00,North Entry Gate,2233,5.58,22.3,68.8,0,0,665,280,123,CRITICAL,6.18
2026-06-18 20:30:00,Parking Area,2531,1.01,22.3,68.8,0,0,50,146,108,LOW,0.96
2026-06-18 20:30:00,South Exit,1350,3.86,22.3,68.8,0,0,123,33,184,HIGH,4.15
2026-06-18 20:30:00,VIP Entrance,593,2.96,22.3,68.8,0,0,56,28,31,MODERATE,2.77
2026-06-18 21:00:00,Food Court,2541,3.18,21.8,72.9,0,0,592,151,117,HIGH,3.04
2026-06-18 21:00:00,Main Sanctum,1876,7.5,21.8,72.9,0,0,990,112,82,CRITICAL,7.2
2026-06-18 21:00:00,North Entry Gate,2474,6.18,21.8,72.9,0,0,797,303,109,CRITICAL,5.17
2026-06-18 21:00:00,Parking Area,2409,0.96,21.8,72.9,0,0,55,136,101,LOW,0.99
2026-06-18 21:00:00,South Exit,1452,4.15,21.8,72.9,0,0,142,53,222,HIGH,3.8
2026-06-18 21:00:00,VIP Entrance,555,2.77,21.8,72.9,0,0,77,25,22,MODERATE,2.77
2026-06-18 21:30:00,Food Court,2433,3.04,22.4,68.8,0,0,520,100,144,HIGH,0.11
2026-06-18 21:30:00,Main Sanctum,1799,7.2,22.4,68.8,0,0,972,74,96,CRITICAL,1.0
2026-06-18 21:30:00,North Entry Gate,2066,5.17,22.4,68.8,0,0,566,232,90,CRITICAL,0.71
2026-06-18 21:30:00,Parking Area,2465,0.99,22.4,68.8,0,0,49,103,103,LOW,0.14
2026-06-18 21:30:00,South Exit,1329,3.8,22.4,68.8,0,0,96,27,169,HIGH,0.59
2026-06-18 21:30:00,VIP Entrance,555,2.77,22.4,68.8,0,0,57,25,31,MODERATE,0.28
2026-06-18 22:00:00,Food Court,89,0.11,20.9,76.6,0,0,18,4,4,LOW,0.16
2026-06-18 22:00:00,Main Sanctum,250,1.0,20.9,76.6,0,0,124,12,10,LOW,1.19
2026-06-18 22:00:00,North Entry Gate,283,0.71,20.9,76.6,0,0,93,32,11,LOW,0.72
2026-06-18 22:00:00,Parking Area,342,0.14,20.9,76.6,0,0,5,16,20,LOW,0.16
2026-06-18 22:00:00,South Exit,207,0.59,20.9,76.6,0,0,18,6,30,LOW,0.73
2026-06-18 22:00:00,VIP Entrance,57,0.28,20.9,76.6,0,0,7,3,3,LOW,0.39
2026-06-18 22:30:00,Food Court,128,0.16,20.0,77.0,0,0,18,8,7,LOW,0.19
2026-06-18 22:30:00,Main Sanctum,297,1.19,20.0,77.0,0,0,119,14,16,LOW,1.05
2026-06-18 22:30:00,North Entry Gate,288,0.72,20.0,77.0,0,0,96,36,12,LOW,0.81
2026-06-18 22:30:00,Parking Area,397,0.16,20.0,77.0,0,0,4,18,21,LOW,0.15
2026-06-18 22:30:00,South Exit,256,0.73,20.0,77.0,0,0,22,6,34,LOW,0.65
2026-06-18 22:30:00,VIP Entrance,77,0.39,20.0,77.0,0,0,6,4,4,LOW,0.45
2026-06-18 23:00:00,Food Court,151,0.19,20.8,77.3,0,0,23,9,8,LOW,0.21
2026-06-18 23:00:00,Main Sanctum,262,1.05,20.8,77.3,0,0,142,12,15,LOW,1.26
2026-06-18 23:00:00,North Entry Gate,322,0.81,20.8,77.3,0,0,122,41,14,LOW,0.88
2026-06-18 23:00:00,Parking Area,385,0.15,20.8,77.3,0,0,7,16,19,LOW,0.18
2026-06-18 23:00:00,South Exit,227,0.65,20.8,77.3,0,0,18,6,30,LOW,0.71
2026-06-18 23:00:00,VIP Entrance,89,0.45,20.8,77.3,0,0,14,5,5,LOW,0.43
2026-06-18 23:30:00,Food Court,168,0.21,20.7,82.1,0,0,30,8,8,LOW,0.2
2026-06-18 23:30:00,Main Sanctum,314,1.26,20.7,82.1,0,0,155,18,15,LOW,1.24
2026-06-18 23:30:00,North Entry Gate,353,0.88,20.7,82.1,0,0,124,47,20,LOW,0.89
2026-06-18 23:30:00,Parking Area,445,0.18,20.7,82.1,0,0,7,18,19,LOW,0.19
2026-06-18 23:30:00,South Exit,250,0.71,20.7,82.1,0,0,21,7,37,LOW,0.73
2026-06-18 23:30:00,VIP Entrance,87,0.43,20.7,82.1,0,0,14,4,5,LOW,0.41
